-- Adminer 4.7.1 MySQL dump

SET NAMES utf8;
SET time_zone = '+00:00';
SET foreign_key_checks = 0;
SET sql_mode = 'NO_AUTO_VALUE_ON_ZERO';

SET NAMES utf8mb4;

DROP TABLE IF EXISTS `advertising`;
CREATE TABLE `advertising` (
  `id` int unsigned NOT NULL AUTO_INCREMENT,
  `integration` varchar(50) CHARACTER SET utf8mb4 COLLATE utf8mb4_unicode_ci DEFAULT NULL COMMENT 'unitSlot or autoFit',
  `is_responsive` tinyint(1) DEFAULT '0',
  `slug` varchar(50) CHARACTER SET utf8mb4 COLLATE utf8mb4_unicode_ci NOT NULL,
  `provider_name` varchar(100) CHARACTER SET utf8mb4 COLLATE utf8mb4_unicode_ci DEFAULT NULL,
  `description` varchar(255) CHARACTER SET utf8mb4 COLLATE utf8mb4_unicode_ci DEFAULT NULL COMMENT 'Translated in the languages files',
  `tracking_code_large` mediumtext CHARACTER SET utf8mb4 COLLATE utf8mb4_unicode_ci,
  `tracking_code_medium` mediumtext CHARACTER SET utf8mb4 COLLATE utf8mb4_unicode_ci,
  `tracking_code_small` mediumtext CHARACTER SET utf8mb4 COLLATE utf8mb4_unicode_ci,
  `active` tinyint(1) DEFAULT '1',
  PRIMARY KEY (`id`),
  UNIQUE KEY `advertising_slug_unique` (`slug`),
  KEY `advertising_active_index` (`active`)
) ENGINE=InnoDB DEFAULT CHARSET=utf8mb4 COLLATE=utf8mb4_unicode_ci;

INSERT INTO `advertising` (`id`, `integration`, `is_responsive`, `slug`, `provider_name`, `description`, `tracking_code_large`, `tracking_code_medium`, `tracking_code_small`, `active`) VALUES
(1,	'unitSlot',	0,	'top',	'Google AdSense',	'advertising_unitSlot_hint',	'',	'',	'',	0),
(2,	'unitSlot',	0,	'bottom',	'Google AdSense',	'advertising_unitSlot_hint',	'',	'',	'',	0),
(3,	'autoFit',	1,	'auto',	'Google AdSense',	'advertising_autoFit_hint',	'',	'',	'',	0);

DROP TABLE IF EXISTS `blacklist`;
CREATE TABLE `blacklist` (
  `id` bigint unsigned NOT NULL AUTO_INCREMENT,
  `type` enum('domain','email','ip','word') CHARACTER SET utf8mb4 COLLATE utf8mb4_unicode_ci DEFAULT NULL,
  `entry` varchar(100) CHARACTER SET utf8mb4 COLLATE utf8mb4_unicode_ci NOT NULL DEFAULT '',
  PRIMARY KEY (`id`),
  KEY `blacklist_type_entry_index` (`type`,`entry`)
) ENGINE=InnoDB DEFAULT CHARSET=utf8mb4 COLLATE=utf8mb4_unicode_ci;


DROP TABLE IF EXISTS `cache`;
CREATE TABLE `cache` (
  `key` varchar(191) CHARACTER SET utf8mb4 COLLATE utf8mb4_unicode_ci NOT NULL,
  `value` longtext CHARACTER SET utf8mb4 COLLATE utf8mb4_unicode_ci NOT NULL,
  `expiration` int NOT NULL,
  UNIQUE KEY `cache_key_unique` (`key`)
) ENGINE=InnoDB DEFAULT CHARSET=utf8mb4 COLLATE=utf8mb4_unicode_ci;


DROP TABLE IF EXISTS `categories`;
CREATE TABLE `categories` (
  `id` int unsigned NOT NULL AUTO_INCREMENT,
  `parent_id` int unsigned DEFAULT NULL,
  `name` text CHARACTER SET utf8mb4 COLLATE utf8mb4_unicode_ci NOT NULL,
  `slug` varchar(150) CHARACTER SET utf8mb4 COLLATE utf8mb4_unicode_ci DEFAULT NULL,
  `description` text CHARACTER SET utf8mb4 COLLATE utf8mb4_unicode_ci,
  `hide_description` tinyint(1) DEFAULT NULL,
  `picture` varchar(100) CHARACTER SET utf8mb4 COLLATE utf8mb4_unicode_ci DEFAULT NULL,
  `icon_class` varchar(100) CHARACTER SET utf8mb4 COLLATE utf8mb4_unicode_ci DEFAULT NULL,
  `seo_title` text CHARACTER SET utf8mb4 COLLATE utf8mb4_unicode_ci,
  `seo_description` text CHARACTER SET utf8mb4 COLLATE utf8mb4_unicode_ci,
  `seo_keywords` text CHARACTER SET utf8mb4 COLLATE utf8mb4_unicode_ci,
  `lft` int unsigned DEFAULT NULL,
  `rgt` int unsigned DEFAULT NULL,
  `depth` int unsigned DEFAULT NULL,
  `type` enum('classified','job-offer','job-search','not-salable') CHARACTER SET utf8mb4 COLLATE utf8mb4_unicode_ci DEFAULT 'classified' COMMENT 'Only select this for parent categories',
  `is_for_permanent` tinyint(1) DEFAULT '0',
  `active` tinyint(1) DEFAULT '1',
  PRIMARY KEY (`id`),
  KEY `categories_slug_index` (`slug`),
  KEY `categories_parent_id_index` (`parent_id`),
  KEY `categories_lft_index` (`lft`),
  KEY `categories_rgt_index` (`rgt`),
  KEY `categories_depth_index` (`depth`)
) ENGINE=InnoDB DEFAULT CHARSET=utf8mb4 COLLATE=utf8mb4_unicode_ci;

INSERT INTO `categories` (`id`, `parent_id`, `name`, `slug`, `description`, `hide_description`, `picture`, `icon_class`, `seo_title`, `seo_description`, `seo_keywords`, `lft`, `rgt`, `depth`, `type`, `is_for_permanent`, `active`) VALUES
(1,	NULL,	'{\"en\":\"AI & Machine Learning\",\"fr\":\"Auto & Moto\",\"es\":\"Automóviles\",\"ar\":\"السيارات\",\"pt\":\"Automóveis\",\"ru\":\"Автомобили\",\"tr\":\"Otomobil\",\"th\":\"รถยนต์\",\"ka\":\"ავტომობილები\",\"zh\":\"汽车类\",\"ja\":\"自動車\",\"it\":\"Automobili\",\"ro\":\"Automobile\",\"de\":\"Automobile und Fahrzeuge\"}',	'ai-and-machine-learning',	'{\"en\":null}',	0,	'app/categories/custom/d4fb1b5134dc092cc667dc7a69f73190.png',	'icon-search',	'{\"en\":null}',	'{\"en\":null}',	'{\"en\":null}',	1,	10,	0,	'classified',	0,	1),
(2,	1,	'{\"en\":\"Cars\"}',	'cars',	NULL,	NULL,	'app/default/categories/fa-folder-skin-blue.png',	NULL,	NULL,	NULL,	NULL,	2,	3,	1,	'classified',	0,	1),
(3,	1,	'{\"en\":\"Buses & Minibus\"}',	'buses-and-minibus',	NULL,	NULL,	'app/default/categories/fa-folder-skin-blue.png',	NULL,	NULL,	NULL,	NULL,	3,	4,	1,	'classified',	0,	1),
(4,	1,	'{\"en\":\"Heavy Equipment\"}',	'heavy-equipment',	NULL,	NULL,	'app/default/categories/fa-folder-skin-blue.png',	NULL,	NULL,	NULL,	NULL,	4,	5,	1,	'classified',	0,	1),
(5,	1,	'{\"en\":\"Motorcycles & Scooters\"}',	'motorcycles-and-scooters',	NULL,	NULL,	'app/default/categories/fa-folder-skin-blue.png',	NULL,	NULL,	NULL,	NULL,	5,	6,	1,	'classified',	0,	1),
(6,	1,	'{\"en\":\"Trucks & Trailers\"}',	'trucks-and-trailers',	NULL,	NULL,	'app/default/categories/fa-folder-skin-blue.png',	NULL,	NULL,	NULL,	NULL,	6,	7,	1,	'classified',	0,	1),
(7,	1,	'{\"en\":\"Vehicle Parts & Accessories\"}',	'car-parts-and-accessories',	NULL,	NULL,	'app/default/categories/fa-folder-skin-blue.png',	NULL,	NULL,	NULL,	NULL,	7,	8,	1,	'classified',	0,	1),
(8,	1,	'{\"en\":\"Watercraft & Boats\"}',	'watercraft-and-boats',	NULL,	NULL,	'app/default/categories/fa-folder-skin-blue.png',	NULL,	NULL,	NULL,	NULL,	8,	9,	1,	'classified',	0,	1),
(9,	NULL,	'{\"en\":\"Project Management\",\"fr\":\"Smartphone & Tablettes\",\"es\":\"Smartphone y Tabletas\",\"ar\":\"الهواتف والأجهزة اللوحية\",\"pt\":\"Telemóveis e Tablets\",\"ru\":\"Телефоны и планшеты\",\"tr\":\"Telefonlar ve Tabletler\",\"th\":\"โทรศัพท์และแท็บเล็ต\",\"ka\":\"ტელეფონები და ტაბლეტები\",\"zh\":\"手机和平板电脑\",\"ja\":\"携帯電話とタブレット\",\"it\":\"Telefoni e tablet\",\"ro\":\"Telefoane și tablete\",\"de\":\"Telefone & Tablets\"}',	'project-management',	'{\"en\":null}',	0,	'app/categories/custom/ddba98cea4d2bfd19643e4ce8aa44e8a.png',	'icon-laptop',	'{\"en\":null}',	'{\"en\":null}',	'{\"en\":null}',	11,	17,	0,	'classified',	0,	1),
(10,	9,	'{\"en\":\"Mobile Phones\"}',	'mobile-phones',	NULL,	NULL,	'app/default/categories/fa-folder-skin-blue.png',	NULL,	NULL,	NULL,	NULL,	12,	13,	1,	'classified',	0,	1),
(11,	9,	'{\"en\":\"Accessories for Mobile Phones & Tablets\"}',	'mobile-phones-tablets-accessories',	NULL,	NULL,	'app/default/categories/fa-folder-skin-blue.png',	NULL,	NULL,	NULL,	NULL,	13,	14,	1,	'classified',	0,	1),
(12,	9,	'{\"en\":\"Smart Watches & Trackers\"}',	'smart-watches-and-trackers',	NULL,	NULL,	'app/default/categories/fa-folder-skin-blue.png',	NULL,	NULL,	NULL,	NULL,	14,	15,	1,	'classified',	0,	1),
(13,	9,	'{\"en\":\"Tablets\"}',	'tablets',	NULL,	NULL,	'app/default/categories/fa-folder-skin-blue.png',	NULL,	NULL,	NULL,	NULL,	15,	16,	1,	'classified',	0,	1),
(14,	NULL,	'{\"en\":\"Cyber Security\",\"fr\":\"Hi-Tech\",\"es\":\"Electrónica\",\"ar\":\"إلكترونيات\",\"pt\":\"Eletrônicos\",\"ru\":\"Электроника\",\"tr\":\"Elektronik\",\"th\":\"อิเล็กทรอนิกส์\",\"ka\":\"ელექტრონიკა\",\"zh\":\"电子产品\",\"ja\":\"エレクトロニクス\",\"it\":\"Elettronica\",\"ro\":\"Electronică\",\"de\":\"Elektronik\"}',	'cyber-security',	'{\"en\":null}',	0,	'app/categories/custom/9c33c7d2d1accd771e0afb4cf8b09ce1.png',	'icon-theatre',	'{\"en\":null}',	'{\"en\":null}',	'{\"en\":null}',	18,	35,	0,	'classified',	0,	1),
(15,	14,	'{\"en\":\"Accessories & Supplies for Electronics\"}',	'accessories-supplies-for-electronics',	NULL,	NULL,	'app/default/categories/fa-folder-skin-blue.png',	NULL,	NULL,	NULL,	NULL,	19,	20,	1,	'classified',	0,	1),
(16,	14,	'{\"en\":\"Laptops & Computers\"}',	'laptops-and-computers',	NULL,	NULL,	'app/default/categories/fa-folder-skin-blue.png',	NULL,	NULL,	NULL,	NULL,	20,	21,	1,	'classified',	0,	1),
(17,	14,	'{\"en\":\"TV & DVD Equipment\"}',	'tv-dvd-equipment',	NULL,	NULL,	'app/default/categories/fa-folder-skin-blue.png',	NULL,	NULL,	NULL,	NULL,	21,	22,	1,	'classified',	0,	1),
(18,	14,	'{\"en\":\"Audio & Music Equipment\"}',	'audio-music-equipment',	NULL,	NULL,	'app/default/categories/fa-folder-skin-blue.png',	NULL,	NULL,	NULL,	NULL,	22,	23,	1,	'classified',	0,	1),
(19,	14,	'{\"en\":\"Computer Accessories\"}',	'computer-accessories',	NULL,	NULL,	'app/default/categories/fa-folder-skin-blue.png',	NULL,	NULL,	NULL,	NULL,	23,	24,	1,	'classified',	0,	1),
(20,	14,	'{\"en\":\"Computer Hardware\"}',	'computer-hardware',	NULL,	NULL,	'app/default/categories/fa-folder-skin-blue.png',	NULL,	NULL,	NULL,	NULL,	24,	25,	1,	'classified',	0,	1),
(21,	14,	'{\"en\":\"Computer Monitors\"}',	'computer-monitors',	NULL,	NULL,	'app/default/categories/fa-folder-skin-blue.png',	NULL,	NULL,	NULL,	NULL,	25,	26,	1,	'classified',	0,	1),
(22,	14,	'{\"en\":\"Headphones\"}',	'headphones',	NULL,	NULL,	'app/default/categories/fa-folder-skin-blue.png',	NULL,	NULL,	NULL,	NULL,	26,	27,	1,	'classified',	0,	1),
(23,	14,	'{\"en\":\"Networking Products\"}',	'networking-products',	NULL,	NULL,	'app/default/categories/fa-folder-skin-blue.png',	NULL,	NULL,	NULL,	NULL,	27,	28,	1,	'classified',	0,	1),
(24,	14,	'{\"en\":\"Photo & Video Cameras\"}',	'photo-video-cameras',	NULL,	NULL,	'app/default/categories/fa-folder-skin-blue.png',	NULL,	NULL,	NULL,	NULL,	28,	29,	1,	'classified',	0,	1),
(25,	14,	'{\"en\":\"Printers & Scanners\"}',	'printers-and-scanners',	NULL,	NULL,	'app/default/categories/fa-folder-skin-blue.png',	NULL,	NULL,	NULL,	NULL,	29,	30,	1,	'classified',	0,	1),
(26,	14,	'{\"en\":\"Security & Surveillance\"}',	'security-and-surveillance',	NULL,	NULL,	'app/default/categories/fa-folder-skin-blue.png',	NULL,	NULL,	NULL,	NULL,	30,	31,	1,	'classified',	0,	1),
(27,	14,	'{\"en\":\"Software\"}',	'software',	NULL,	NULL,	'app/default/categories/fa-folder-skin-blue.png',	NULL,	NULL,	NULL,	NULL,	31,	32,	1,	'classified',	0,	1),
(28,	14,	'{\"en\":\"Video Games\"}',	'video-games',	NULL,	NULL,	'app/default/categories/fa-folder-skin-blue.png',	NULL,	NULL,	NULL,	NULL,	32,	33,	1,	'classified',	0,	1),
(29,	14,	'{\"en\":\"Game Consoles\"}',	'video-game-consoles',	NULL,	NULL,	'app/default/categories/fa-folder-skin-blue.png',	NULL,	NULL,	NULL,	NULL,	33,	34,	1,	'classified',	0,	1),
(30,	NULL,	'{\"en\":\"Cloud Computing\",\"fr\":\"Meubles & Electroménagers\",\"es\":\"Muebles y Electrodomésticos\",\"ar\":\"الأثاث والأجهزة\",\"pt\":\"Móveis e Eletrodomésticos\",\"ru\":\"Мебель и техника\",\"tr\":\"Mobilya ve Ev Aletleri\",\"th\":\"เฟอร์นิเจอร์และเครื่องใช้ไฟฟ้า\",\"ka\":\"ავეჯი და ტექნიკა\",\"zh\":\"家居，家具和电器\",\"ja\":\"家庭、家具、電化製品\",\"it\":\"Mobili ed elettrodomestici\",\"ro\":\"Mobilier și electrocasnice\",\"de\":\"Möbel & Geräte\"}',	'cloud-computing',	'{\"en\":null}',	0,	'app/categories/custom/28bf2cc59875a67c70ecb902deb58d02.png',	'icon-basket-1',	'{\"en\":null}',	'{\"en\":null}',	'{\"en\":null}',	36,	44,	0,	'classified',	0,	1),
(31,	30,	'{\"en\":\"Furniture - Tableware\"}',	'furniture-tableware',	NULL,	NULL,	'app/default/categories/fa-folder-skin-blue.png',	NULL,	NULL,	NULL,	NULL,	37,	38,	1,	'classified',	0,	1),
(32,	30,	'{\"en\":\"Antiques - Art - Decoration\"}',	'antiques-art-decoration',	NULL,	NULL,	'app/default/categories/fa-folder-skin-blue.png',	NULL,	NULL,	NULL,	NULL,	38,	39,	1,	'classified',	0,	1),
(33,	30,	'{\"en\":\"Appliances\"}',	'appliances',	NULL,	NULL,	'app/default/categories/fa-folder-skin-blue.png',	NULL,	NULL,	NULL,	NULL,	39,	40,	1,	'classified',	0,	1),
(34,	30,	'{\"en\":\"Garden\"}',	'garden',	NULL,	NULL,	'app/default/categories/fa-folder-skin-blue.png',	NULL,	NULL,	NULL,	NULL,	40,	41,	1,	'classified',	0,	1),
(35,	30,	'{\"en\":\"Toys - Games - Figurines\"}',	'toys-games-figurines',	NULL,	NULL,	'app/default/categories/fa-folder-skin-blue.png',	NULL,	NULL,	NULL,	NULL,	41,	42,	1,	'classified',	0,	1),
(36,	30,	'{\"en\":\"Wine & Gourmet - Recipes\"}',	'wine-gourmet-recipes',	NULL,	NULL,	'app/default/categories/fa-folder-skin-blue.png',	NULL,	NULL,	NULL,	NULL,	42,	43,	1,	'classified',	0,	1),
(37,	NULL,	'{\"en\":\"Digital Marketing\",\"fr\":\"Immobilier\",\"es\":\"Bienes raíces\",\"ar\":\"العقارات\",\"pt\":\"Imobiliária\",\"ru\":\"Недвижимость\",\"tr\":\"Emlak\",\"th\":\"อสังหาริมทรัพย์\",\"ka\":\"Უძრავი ქონება\",\"zh\":\"房地产\",\"ja\":\"不動産\",\"it\":\"Immobiliare\",\"ro\":\"Proprietate imobiliara\",\"de\":\"Grundeigentum\"}',	'digital-marketing',	'{\"en\":null}',	0,	'app/categories/custom/2aa7dab16bb44b69596378bd7cd179f5.png',	'icon-home',	'{\"en\":null}',	'{\"en\":null}',	'{\"en\":null}',	45,	55,	0,	'classified',	0,	1),
(38,	37,	'{\"en\":\"Houses & Apartments For Rent\"}',	'houses-apartments-for-rent',	NULL,	NULL,	'app/default/categories/fa-folder-skin-blue.png',	NULL,	NULL,	NULL,	NULL,	46,	47,	1,	'classified',	0,	1),
(39,	37,	'{\"en\":\"Houses & Apartments For Sale\"}',	'houses-apartments-for-sale',	NULL,	NULL,	'app/default/categories/fa-folder-skin-blue.png',	NULL,	NULL,	NULL,	NULL,	47,	48,	1,	'classified',	0,	1),
(40,	37,	'{\"en\":\"Land & Plots for Rent\"}',	'land-and-plots-for-rent',	NULL,	NULL,	'app/default/categories/fa-folder-skin-blue.png',	NULL,	NULL,	NULL,	NULL,	48,	49,	1,	'classified',	0,	1),
(41,	37,	'{\"en\":\"Land & Plots For Sale\"}',	'land-and-plots-for-sale',	NULL,	NULL,	'app/default/categories/fa-folder-skin-blue.png',	NULL,	NULL,	NULL,	NULL,	49,	50,	1,	'classified',	0,	1),
(42,	37,	'{\"en\":\"Commercial Property For Rent\"}',	'commercial-property-for-rent',	NULL,	NULL,	'app/default/categories/fa-folder-skin-blue.png',	NULL,	NULL,	NULL,	NULL,	50,	51,	1,	'classified',	0,	1),
(43,	37,	'{\"en\":\"Commercial Property For Sale\"}',	'commercial-properties',	NULL,	NULL,	'app/default/categories/fa-folder-skin-blue.png',	NULL,	NULL,	NULL,	NULL,	51,	52,	1,	'classified',	0,	1),
(44,	37,	'{\"en\":\"Event centres, Venues and Workstations\"}',	'event-centers-and-venues',	NULL,	NULL,	'app/default/categories/fa-folder-skin-blue.png',	NULL,	NULL,	NULL,	NULL,	52,	53,	1,	'classified',	0,	1),
(45,	37,	'{\"en\":\"Short Rental\"}',	'temporary-and-vacation-rentals',	NULL,	NULL,	'app/default/categories/fa-folder-skin-blue.png',	NULL,	NULL,	NULL,	NULL,	53,	54,	1,	'classified',	0,	1),
(46,	NULL,	'{\"en\":\"Business And Leadership\",\"fr\":\"Animaux\",\"es\":\"Animales y Mascotas\",\"ar\":\"الحيوانات\",\"pt\":\"Animais e Mascotes\",\"ru\":\"Животные\",\"tr\":\"Hayvanlar\",\"th\":\"สัตว์และสัตว์เลี้ยง\",\"ka\":\"ცხოველები\",\"zh\":\"动物与宠物\",\"ja\":\"動物とペット\",\"it\":\"Animali\",\"ro\":\"Animale\",\"de\":\"Tiere & Haustiere\"}',	'business-and-leadership',	'{\"en\":null}',	0,	'app/categories/custom/d78aa88964d2d05bb475a534965558b0.png',	'icon-guidedog',	'{\"en\":null}',	'{\"en\":null}',	'{\"en\":null}',	56,	65,	0,	'classified',	0,	1),
(47,	46,	'{\"en\":\"Birds\"}',	'birds',	NULL,	NULL,	'app/default/categories/fa-folder-skin-blue.png',	NULL,	NULL,	NULL,	NULL,	57,	58,	1,	'classified',	0,	1),
(48,	46,	'{\"en\":\"Cats & Kittens\"}',	'cats-and-kittens',	NULL,	NULL,	'app/default/categories/fa-folder-skin-blue.png',	NULL,	NULL,	NULL,	NULL,	58,	59,	1,	'classified',	0,	1),
(49,	46,	'{\"en\":\"Dogs\"}',	'dogs-and-puppies',	NULL,	NULL,	'app/default/categories/fa-folder-skin-blue.png',	NULL,	NULL,	NULL,	NULL,	59,	60,	1,	'classified',	0,	1),
(50,	46,	'{\"en\":\"Fish\"}',	'fish',	NULL,	NULL,	'app/default/categories/fa-folder-skin-blue.png',	NULL,	NULL,	NULL,	NULL,	60,	61,	1,	'classified',	0,	1),
(51,	46,	'{\"en\":\"Pet\'s Accessories\"}',	'pets-accessories',	NULL,	NULL,	'app/default/categories/fa-folder-skin-blue.png',	NULL,	NULL,	NULL,	NULL,	61,	62,	1,	'classified',	0,	1),
(52,	46,	'{\"en\":\"Reptiles\"}',	'reptiles',	NULL,	NULL,	'app/default/categories/fa-folder-skin-blue.png',	NULL,	NULL,	NULL,	NULL,	62,	63,	1,	'classified',	0,	1),
(53,	46,	'{\"en\":\"Other Animals\"}',	'other-animals',	NULL,	NULL,	'app/default/categories/fa-folder-skin-blue.png',	NULL,	NULL,	NULL,	NULL,	63,	64,	1,	'classified',	0,	1),
(54,	NULL,	'{\"en\":\"Software Development\",\"fr\":\"Mode\",\"es\":\"Moda\",\"ar\":\"موضه\",\"pt\":\"Moda\",\"ru\":\"Мода\",\"tr\":\"Moda\",\"th\":\"แฟชั่น\",\"ka\":\"მოდა\",\"zh\":\"时尚\",\"ja\":\"ファッション\",\"it\":\"Moda\",\"ro\":\"Modă\",\"de\":\"Mode\"}',	'software-development',	'{\"en\":null}',	0,	'app/categories/custom/95932d6d03a42b59152bff479d460a55.png',	'icon-heart',	'{\"en\":null}',	'{\"en\":null}',	'{\"en\":null}',	66,	75,	0,	'classified',	0,	1),
(55,	54,	'{\"en\":\"Bags\"}',	'bags',	NULL,	NULL,	'app/default/categories/fa-folder-skin-blue.png',	NULL,	NULL,	NULL,	NULL,	67,	68,	1,	'classified',	0,	1),
(56,	54,	'{\"en\":\"Clothing\"}',	'clothing',	NULL,	NULL,	'app/default/categories/fa-folder-skin-blue.png',	NULL,	NULL,	NULL,	NULL,	68,	69,	1,	'classified',	0,	1),
(57,	54,	'{\"en\":\"Clothing Accessories\"}',	'clothing-accessories',	NULL,	NULL,	'app/default/categories/fa-folder-skin-blue.png',	NULL,	NULL,	NULL,	NULL,	69,	70,	1,	'classified',	0,	1),
(58,	54,	'{\"en\":\"Jewelry\"}',	'jewelry',	NULL,	NULL,	'app/default/categories/fa-folder-skin-blue.png',	NULL,	NULL,	NULL,	NULL,	70,	71,	1,	'classified',	0,	1),
(59,	54,	'{\"en\":\"Shoes\"}',	'shoes',	NULL,	NULL,	'app/default/categories/fa-folder-skin-blue.png',	NULL,	NULL,	NULL,	NULL,	71,	72,	1,	'classified',	0,	1),
(60,	54,	'{\"en\":\"Watches\"}',	'watches',	NULL,	NULL,	'app/default/categories/fa-folder-skin-blue.png',	NULL,	NULL,	NULL,	NULL,	72,	73,	1,	'classified',	0,	1),
(61,	54,	'{\"en\":\"Wedding Wear & Accessories\"}',	'wedding-wear-accessories',	NULL,	NULL,	'app/default/categories/fa-folder-skin-blue.png',	NULL,	NULL,	NULL,	NULL,	73,	74,	1,	'classified',	0,	1),
(62,	NULL,	'{\"en\":\"Agile & Scrum\",\"fr\":\"Beauté & Bien-être\",\"es\":\"Belleza y Bienestar\",\"ar\":\"الجمال والرفاهية\",\"pt\":\"Beleza e Bem estar\",\"ru\":\"Красота и благополучие\",\"tr\":\"Güzellik ve Sağlık\",\"th\":\"ความงามและความเป็นอยู่ที่ดี\",\"ka\":\"სილამაზე და კეთილდღეობა\",\"zh\":\"美容与健康\",\"ja\":\"美容と幸福\",\"it\":\"Bellezza e benessere\",\"ro\":\"Frumusețe și bunăstare\",\"de\":\"Schönheit & Wohlbefinden\"}',	'agile-and-scrum',	'{\"en\":null}',	0,	'app/categories/custom/253715813586f15f351fd77c67963dbe.png',	'icon-search',	'{\"en\":null}',	'{\"en\":null}',	'{\"en\":null}',	76,	88,	0,	'classified',	0,	1),
(63,	62,	'{\"en\":\"Bath & Body\"}',	'bath-and-body',	NULL,	NULL,	'app/default/categories/fa-folder-skin-blue.png',	NULL,	NULL,	NULL,	NULL,	77,	78,	1,	'classified',	0,	1),
(64,	62,	'{\"en\":\"Fragrance\"}',	'fragrance',	NULL,	NULL,	'app/default/categories/fa-folder-skin-blue.png',	NULL,	NULL,	NULL,	NULL,	78,	79,	1,	'classified',	0,	1),
(65,	62,	'{\"en\":\"Hair Beauty\"}',	'hair-beauty',	NULL,	NULL,	'app/default/categories/fa-folder-skin-blue.png',	NULL,	NULL,	NULL,	NULL,	79,	80,	1,	'classified',	0,	1),
(66,	62,	'{\"en\":\"Makeup\"}',	'makeup',	NULL,	NULL,	'app/default/categories/fa-folder-skin-blue.png',	NULL,	NULL,	NULL,	NULL,	80,	81,	1,	'classified',	0,	1),
(67,	62,	'{\"en\":\"Sexual Wellness\"}',	'sexual-wellness',	NULL,	NULL,	'app/default/categories/fa-folder-skin-blue.png',	NULL,	NULL,	NULL,	NULL,	81,	82,	1,	'classified',	0,	1),
(68,	62,	'{\"en\":\"Skin Care\"}',	'skin-care',	NULL,	NULL,	'app/default/categories/fa-folder-skin-blue.png',	NULL,	NULL,	NULL,	NULL,	82,	83,	1,	'classified',	0,	1),
(69,	62,	'{\"en\":\"Tobacco Accessories\"}',	'tobacco-accessories',	NULL,	NULL,	'app/default/categories/fa-folder-skin-blue.png',	NULL,	NULL,	NULL,	NULL,	83,	84,	1,	'classified',	0,	1),
(70,	62,	'{\"en\":\"Tools & Accessories\"}',	'tools-and-accessories',	NULL,	NULL,	'app/default/categories/fa-folder-skin-blue.png',	NULL,	NULL,	NULL,	NULL,	84,	85,	1,	'classified',	0,	1),
(71,	62,	'{\"en\":\"Vitamins & Supplements\"}',	'vitamins-and-supplements',	NULL,	NULL,	'app/default/categories/fa-folder-skin-blue.png',	NULL,	NULL,	NULL,	NULL,	85,	86,	1,	'classified',	0,	1),
(72,	62,	'{\"en\":\"Pro Massage\"}',	'pro-massage',	NULL,	NULL,	'app/default/categories/fa-folder-skin-blue.png',	NULL,	NULL,	NULL,	NULL,	86,	87,	1,	'classified',	0,	1),
(73,	NULL,	'{\"en\":\"Quality Management\",\"fr\":\"Emplois\",\"es\":\"Trabajos\",\"ar\":\"وظائف\",\"pt\":\"Empregos\",\"ru\":\"Вакансии\",\"tr\":\"Meslekler\",\"th\":\"งาน\",\"ka\":\"სამუშაო ადგილები\",\"zh\":\"职位\",\"ja\":\"ジョブズ\",\"it\":\"Lavori\",\"ro\":\"Locuri de munca\",\"de\":\"Arbeitsplätze\"}',	'quality-management',	'{\"en\":null}',	0,	'app/categories/custom/640ea1ef9a2aea07d4efd4c83a2e8227.png',	'icon-megaphone-1',	'{\"en\":null}',	'{\"en\":null}',	'{\"en\":null}',	89,	114,	0,	'job-offer',	0,	1),
(74,	73,	'{\"en\":\"Agriculture - Environment\"}',	'agriculture-environment',	NULL,	NULL,	'app/default/categories/fa-folder-skin-blue.png',	NULL,	NULL,	NULL,	NULL,	90,	91,	1,	'job-offer',	0,	1),
(75,	73,	'{\"en\":\"Assistantship - Secretariat - Helpdesk\"}',	'assistantship-secretariat-helpdesk',	NULL,	NULL,	'app/default/categories/fa-folder-skin-blue.png',	NULL,	NULL,	NULL,	NULL,	91,	92,	1,	'job-offer',	0,	1),
(76,	73,	'{\"en\":\"Automotive - Mechanic\"}',	'automotive-mechanic',	NULL,	NULL,	'app/default/categories/fa-folder-skin-blue.png',	NULL,	NULL,	NULL,	NULL,	92,	93,	1,	'job-offer',	0,	1),
(77,	73,	'{\"en\":\"BTP - Construction - Building\"}',	'btp-construction-building',	NULL,	NULL,	'app/default/categories/fa-folder-skin-blue.png',	NULL,	NULL,	NULL,	NULL,	93,	94,	1,	'job-offer',	0,	1),
(78,	73,	'{\"en\":\"Trade - Business Services\"}',	'trade-business-services',	NULL,	NULL,	'app/default/categories/fa-folder-skin-blue.png',	NULL,	NULL,	NULL,	NULL,	94,	95,	1,	'job-offer',	0,	1),
(79,	73,	'{\"en\":\"Commercial - Sale Jobs\"}',	'commercial-sale-jobs',	NULL,	NULL,	'app/default/categories/fa-folder-skin-blue.png',	NULL,	NULL,	NULL,	NULL,	95,	96,	1,	'job-offer',	0,	1),
(80,	73,	'{\"en\":\"Accounting - Management - Finance\"}',	'accounting-management-finance',	NULL,	NULL,	'app/default/categories/fa-folder-skin-blue.png',	NULL,	NULL,	NULL,	NULL,	96,	97,	1,	'job-offer',	0,	1),
(81,	73,	'{\"en\":\"Steering - Manager\"}',	'steering-manager',	NULL,	NULL,	'app/default/categories/fa-folder-skin-blue.png',	NULL,	NULL,	NULL,	NULL,	97,	98,	1,	'job-offer',	0,	1),
(82,	73,	'{\"en\":\"Aesthetics - Hair - Beauty\"}',	'aesthetics-hair-beauty',	NULL,	NULL,	'app/default/categories/fa-folder-skin-blue.png',	NULL,	NULL,	NULL,	NULL,	98,	99,	1,	'job-offer',	0,	1),
(83,	73,	'{\"en\":\"Public Service Jobs\"}',	'public-service-jobs',	NULL,	NULL,	'app/default/categories/fa-folder-skin-blue.png',	NULL,	NULL,	NULL,	NULL,	99,	100,	1,	'job-offer',	0,	1),
(84,	73,	'{\"en\":\"Real Estate Jobs\"}',	'real-estate-jobs',	NULL,	NULL,	'app/default/categories/fa-folder-skin-blue.png',	NULL,	NULL,	NULL,	NULL,	100,	101,	1,	'job-offer',	0,	1),
(85,	73,	'{\"en\":\"Independent - Freelance - Telecommuting\"}',	'independent-freelance-telecommuting',	NULL,	NULL,	'app/default/categories/fa-folder-skin-blue.png',	NULL,	NULL,	NULL,	NULL,	101,	102,	1,	'job-offer',	0,	1),
(86,	73,	'{\"en\":\"Computers - Internet - Telecommunications\"}',	'computers-internet-telecommunications',	NULL,	NULL,	'app/default/categories/fa-folder-skin-blue.png',	NULL,	NULL,	NULL,	NULL,	102,	103,	1,	'job-offer',	0,	1),
(87,	73,	'{\"en\":\"Industry, Production & engineering\"}',	'industry-production-engineering',	NULL,	NULL,	'app/default/categories/fa-folder-skin-blue.png',	NULL,	NULL,	NULL,	NULL,	103,	104,	1,	'job-offer',	0,	1),
(88,	73,	'{\"en\":\"Marketing - Communication\"}',	'marketing-communication',	NULL,	NULL,	'app/default/categories/fa-folder-skin-blue.png',	NULL,	NULL,	NULL,	NULL,	104,	105,	1,	'job-offer',	0,	1),
(89,	73,	'{\"en\":\"Babysitting - Nanny Work\"}',	'babysitting-nanny-work',	NULL,	NULL,	'app/default/categories/fa-folder-skin-blue.png',	NULL,	NULL,	NULL,	NULL,	105,	106,	1,	'job-offer',	0,	1),
(90,	73,	'{\"en\":\"HR - Training - Education\"}',	'hr-training-education',	NULL,	NULL,	'app/default/categories/fa-folder-skin-blue.png',	NULL,	NULL,	NULL,	NULL,	106,	107,	1,	'job-offer',	0,	1),
(91,	73,	'{\"en\":\"Medical - Healthcare - Social\"}',	'medical-healthcare-social',	NULL,	NULL,	'app/default/categories/fa-folder-skin-blue.png',	NULL,	NULL,	NULL,	NULL,	107,	108,	1,	'job-offer',	0,	1),
(92,	73,	'{\"en\":\"Security - Guarding\"}',	'security-guarding',	NULL,	NULL,	'app/default/categories/fa-folder-skin-blue.png',	NULL,	NULL,	NULL,	NULL,	108,	109,	1,	'job-offer',	0,	1),
(93,	73,	'{\"en\":\"Household Services - Housekeeping\"}',	'household-services-housekeeping',	NULL,	NULL,	'app/default/categories/fa-folder-skin-blue.png',	NULL,	NULL,	NULL,	NULL,	109,	110,	1,	'job-offer',	0,	1),
(94,	73,	'{\"en\":\"Tourism - Hotels - Restaurants - Leisure\"}',	'tourism-hotels-restaurants-leisure',	NULL,	NULL,	'app/default/categories/fa-folder-skin-blue.png',	NULL,	NULL,	NULL,	NULL,	110,	111,	1,	'job-offer',	0,	1),
(95,	73,	'{\"en\":\"Transportation - Logistics\"}',	'transportation-logistics',	NULL,	NULL,	'app/default/categories/fa-folder-skin-blue.png',	NULL,	NULL,	NULL,	NULL,	111,	112,	1,	'job-offer',	0,	1),
(96,	73,	'{\"en\":\"Others Jobs Offer\"}',	'others-jobs-offer',	NULL,	NULL,	'app/default/categories/fa-folder-skin-blue.png',	NULL,	NULL,	NULL,	NULL,	112,	113,	1,	'job-offer',	0,	1),
(97,	NULL,	'{\"en\":\"IT Service and Architecture\",\"fr\":\"Services\",\"es\":\"Servicios\",\"ar\":\"خدمات\",\"pt\":\"Serviços\",\"ru\":\"Сервисы\",\"tr\":\"Hizmetler\",\"th\":\"บริการ\",\"ka\":\"მომსახურება\",\"zh\":\"服务\",\"ja\":\"サービス\",\"it\":\"Servizi\",\"ro\":\"Servicii\",\"de\":\"Dienstleistungen\"}',	'Iit-service-and-architecture',	'{\"en\":null}',	0,	'app/categories/custom/d8026643880ade378404f8c55d2b19fb.png',	NULL,	'{\"en\":null}',	'{\"en\":null}',	'{\"en\":null}',	115,	133,	0,	'classified',	0,	1),
(98,	97,	'{\"en\":\"Casting, Model, Photographer\"}',	'casting-model-photographer',	NULL,	NULL,	'app/default/categories/fa-folder-skin-blue.png',	NULL,	NULL,	NULL,	NULL,	116,	117,	1,	'classified',	0,	1),
(99,	97,	'{\"en\":\"Carpooling\"}',	'carpooling',	NULL,	NULL,	'app/default/categories/fa-folder-skin-blue.png',	NULL,	NULL,	NULL,	NULL,	117,	118,	1,	'classified',	0,	1),
(100,	97,	'{\"en\":\"Moving, Furniture Guard\"}',	'moving-furniture-guard',	NULL,	NULL,	'app/default/categories/fa-folder-skin-blue.png',	NULL,	NULL,	NULL,	NULL,	118,	119,	1,	'classified',	0,	1),
(101,	97,	'{\"en\":\"Destocking - Commercial\"}',	'destocking-commercial',	NULL,	NULL,	'app/default/categories/fa-folder-skin-blue.png',	NULL,	NULL,	NULL,	NULL,	119,	120,	1,	'classified',	0,	1),
(102,	97,	'{\"en\":\"Industrial Equipment\"}',	'industrial-equipment',	NULL,	NULL,	'app/default/categories/fa-folder-skin-blue.png',	NULL,	NULL,	NULL,	NULL,	120,	121,	1,	'classified',	0,	1),
(103,	97,	'{\"en\":\"Aesthetics, Hairstyling\"}',	'aesthetics-hairstyling',	NULL,	NULL,	'app/default/categories/fa-folder-skin-blue.png',	NULL,	NULL,	NULL,	NULL,	121,	122,	1,	'classified',	0,	1),
(104,	97,	'{\"en\":\"Materials and Equipment Pro\"}',	'materials-and-equipment-pro',	NULL,	NULL,	'app/default/categories/fa-folder-skin-blue.png',	NULL,	NULL,	NULL,	NULL,	122,	123,	1,	'classified',	0,	1),
(105,	97,	'{\"en\":\"Event Organization Services\"}',	'event-organization-services',	NULL,	NULL,	'app/default/categories/fa-folder-skin-blue.png',	NULL,	NULL,	NULL,	NULL,	123,	124,	1,	'classified',	0,	1),
(106,	97,	'{\"en\":\"Service Provision\"}',	'service-provision',	NULL,	NULL,	'app/default/categories/fa-folder-skin-blue.png',	NULL,	NULL,	NULL,	NULL,	124,	125,	1,	'classified',	0,	1),
(107,	97,	'{\"en\":\"Health, Beauty\"}',	'health-beauty',	NULL,	NULL,	'app/default/categories/fa-folder-skin-blue.png',	NULL,	NULL,	NULL,	NULL,	125,	126,	1,	'classified',	0,	1),
(108,	97,	'{\"en\":\"Artisan, Troubleshooting, Handyman\"}',	'artisan-troubleshooting-handyman',	NULL,	NULL,	'app/default/categories/fa-folder-skin-blue.png',	NULL,	NULL,	NULL,	NULL,	126,	127,	1,	'classified',	0,	1),
(109,	97,	'{\"en\":\"Computing Services\"}',	'computing-services',	NULL,	NULL,	'app/default/categories/fa-folder-skin-blue.png',	NULL,	NULL,	NULL,	NULL,	127,	128,	1,	'classified',	0,	1),
(110,	97,	'{\"en\":\"Tourism and Travel Services\"}',	'tourism-and-travel-services',	NULL,	NULL,	'app/default/categories/fa-folder-skin-blue.png',	NULL,	NULL,	NULL,	NULL,	128,	129,	1,	'classified',	0,	1),
(111,	97,	'{\"en\":\"Translation, Writing\"}',	'translation-writing',	NULL,	NULL,	'app/default/categories/fa-folder-skin-blue.png',	NULL,	NULL,	NULL,	NULL,	129,	130,	1,	'classified',	0,	1),
(112,	97,	'{\"en\":\"Construction - Renovation - Carpentry\"}',	'construction-renovation-carpentry',	NULL,	NULL,	'app/default/categories/fa-folder-skin-blue.png',	NULL,	NULL,	NULL,	NULL,	130,	131,	1,	'classified',	0,	1),
(113,	97,	'{\"en\":\"Other services\"}',	'other-services',	NULL,	NULL,	'app/default/categories/fa-folder-skin-blue.png',	NULL,	NULL,	NULL,	NULL,	131,	132,	1,	'classified',	0,	1),
(114,	NULL,	'{\"en\":\"Big Data\",\"fr\":\"Apprentissage\",\"es\":\"Aprendizaje\",\"ar\":\"تعلم\",\"pt\":\"Aprendendo\",\"ru\":\"Обучение\",\"tr\":\"Öğrenme\",\"th\":\"การเรียนรู้\",\"ka\":\"სწავლა\",\"zh\":\"学习\",\"ja\":\"学習\",\"it\":\"Apprendimento\",\"ro\":\"Învăţare\",\"de\":\"Lernen\"}',	'big-data',	'{\"en\":null}',	0,	'app/categories/custom/751b889afcbcee8bbb6df9f54d92cd04.png',	'icon-book-open',	'{\"en\":null}',	'{\"en\":null}',	'{\"en\":null}',	134,	143,	0,	'classified',	0,	1),
(115,	114,	'{\"en\":\"Language Classes\"}',	'language-classes',	NULL,	NULL,	'app/default/categories/fa-folder-skin-blue.png',	NULL,	NULL,	NULL,	NULL,	135,	136,	1,	'classified',	0,	1),
(116,	114,	'{\"en\":\"Computer Courses\"}',	'computer-courses',	NULL,	NULL,	'app/default/categories/fa-folder-skin-blue.png',	NULL,	NULL,	NULL,	NULL,	136,	137,	1,	'classified',	0,	1),
(117,	114,	'{\"en\":\"Tutoring, Private Lessons\"}',	'tutoring-private-lessons',	NULL,	NULL,	'app/default/categories/fa-folder-skin-blue.png',	NULL,	NULL,	NULL,	NULL,	137,	138,	1,	'classified',	0,	1),
(118,	114,	'{\"en\":\"Vocational Training\"}',	'vocational-training',	NULL,	NULL,	'app/default/categories/fa-folder-skin-blue.png',	NULL,	NULL,	NULL,	NULL,	138,	139,	1,	'classified',	0,	1),
(119,	114,	'{\"en\":\"Maths, Physics, Chemistry\"}',	'maths-physics-chemistry',	NULL,	NULL,	'app/default/categories/fa-folder-skin-blue.png',	NULL,	NULL,	NULL,	NULL,	139,	140,	1,	'classified',	0,	1),
(120,	114,	'{\"en\":\"Music, Theatre, Dance\"}',	'music-theatre-dance',	NULL,	NULL,	'app/default/categories/fa-folder-skin-blue.png',	NULL,	NULL,	NULL,	NULL,	140,	141,	1,	'classified',	0,	1),
(121,	114,	'{\"en\":\"School support\"}',	'school-support',	NULL,	NULL,	'app/default/categories/fa-folder-skin-blue.png',	NULL,	NULL,	NULL,	NULL,	141,	142,	1,	'classified',	0,	1),
(122,	NULL,	'{\"en\":\"Career Fast-track\",\"fr\":\"Evénements\",\"es\":\"Eventos\",\"ar\":\"الأحداث\",\"pt\":\"Eventos\",\"ru\":\"События\",\"tr\":\"Etkinlikler\",\"th\":\"เหตุการณ์\",\"ka\":\"Ივენთი\",\"zh\":\"当地活动\",\"ja\":\"ローカルイベント\",\"it\":\"Eventi locali\",\"ro\":\"Evenimente locale\",\"de\":\"Lokale Veranstaltungen\"}',	'career-fast-track',	'{\"en\":null}',	0,	'app/categories/custom/075ac6412cae5dfef32c7bf82a9c66fd.png',	'icon-megaphone-1',	'{\"en\":null}',	'{\"en\":null}',	'{\"en\":null}',	144,	158,	0,	'classified',	0,	1),
(123,	122,	'{\"en\":\"Concerts & Festivals\"}',	'concerts-and-festivals',	NULL,	NULL,	'app/default/categories/fa-folder-skin-blue.png',	NULL,	NULL,	NULL,	NULL,	145,	146,	1,	'classified',	0,	1),
(124,	122,	'{\"en\":\"Networking & Meetups\"}',	'networking-and-meetups',	NULL,	NULL,	'app/default/categories/fa-folder-skin-blue.png',	NULL,	NULL,	NULL,	NULL,	146,	147,	1,	'classified',	0,	1),
(125,	122,	'{\"en\":\"Sports & Outdoors\"}',	'sports-and-outdoors',	NULL,	NULL,	'app/default/categories/fa-folder-skin-blue.png',	NULL,	NULL,	NULL,	NULL,	147,	148,	1,	'classified',	0,	1),
(126,	122,	'{\"en\":\"Trade Shows & Conventions\"}',	'trade-shows-conventions',	NULL,	NULL,	'app/default/categories/fa-folder-skin-blue.png',	NULL,	NULL,	NULL,	NULL,	148,	149,	1,	'classified',	0,	1),
(127,	122,	'{\"en\":\"Training & Seminars\"}',	'training-and-seminars',	NULL,	NULL,	'app/default/categories/fa-folder-skin-blue.png',	NULL,	NULL,	NULL,	NULL,	149,	150,	1,	'classified',	0,	1),
(128,	122,	'{\"en\":\"Ceremonies\"}',	'ceremonies',	NULL,	NULL,	'app/default/categories/fa-folder-skin-blue.png',	NULL,	NULL,	NULL,	NULL,	150,	151,	1,	'classified',	0,	1),
(129,	122,	'{\"en\":\"Conferences\"}',	'conferences',	NULL,	NULL,	'app/default/categories/fa-folder-skin-blue.png',	NULL,	NULL,	NULL,	NULL,	151,	152,	1,	'classified',	0,	1),
(130,	122,	'{\"en\":\"Weddings\"}',	'weddings',	NULL,	NULL,	'app/default/categories/fa-folder-skin-blue.png',	NULL,	NULL,	NULL,	NULL,	152,	153,	1,	'classified',	0,	1),
(131,	122,	'{\"en\":\"Birthdays\"}',	'birthdays',	NULL,	NULL,	'app/default/categories/fa-folder-skin-blue.png',	NULL,	NULL,	NULL,	NULL,	153,	154,	1,	'classified',	0,	1),
(132,	122,	'{\"en\":\"Family Events\"}',	'family-events',	NULL,	NULL,	'app/default/categories/fa-folder-skin-blue.png',	NULL,	NULL,	NULL,	NULL,	154,	155,	1,	'classified',	0,	1),
(133,	122,	'{\"en\":\"Nightlife\"}',	'nightlife',	NULL,	NULL,	'app/default/categories/fa-folder-skin-blue.png',	NULL,	NULL,	NULL,	NULL,	155,	156,	1,	'classified',	0,	1),
(134,	122,	'{\"en\":\"All others events\"}',	'all-others-events',	NULL,	NULL,	'app/default/categories/fa-folder-skin-blue.png',	NULL,	NULL,	NULL,	NULL,	156,	157,	1,	'classified',	0,	1),
(135,	NULL,	'{\"en\":\"Enterprise\"}',	'enterprise',	'{\"en\":null}',	0,	'app/categories/custom/e3864c874a1a0df77c756e17b2f7efd9.png',	NULL,	'{\"en\":null}',	'{\"en\":null}',	'{\"en\":null}',	159,	160,	0,	'classified',	0,	1),
(136,	NULL,	'{\"en\":\"DevOps\"}',	'DevOps',	'{\"en\":null}',	0,	'app/categories/custom/a390b20700a3c3db75cfa3aef3c81698.png',	NULL,	'{\"en\":null}',	'{\"en\":null}',	'{\"en\":null}',	161,	162,	0,	'classified',	0,	1),
(137,	NULL,	'{\"en\":\"Data Science & Business Analytics\"}',	'data-science-and-business-analytics',	'{\"en\":null}',	0,	'app/categories/custom/0a82f9ad2ef99dcbb09f486a837fa11e.png',	NULL,	'{\"en\":null}',	'{\"en\":null}',	'{\"en\":null}',	163,	164,	0,	'classified',	0,	1),
(138,	NULL,	'{\"en\":\"drawing\"}',	'drawing',	'{\"en\":null}',	0,	'app/categories/custom/f78ac9dea73f4538b2b9362419280936.png',	NULL,	'{\"en\":null}',	'{\"en\":null}',	'{\"en\":null}',	165,	170,	0,	NULL,	0,	1),
(139,	138,	'{\"en\":\"Cartoon drawing\"}',	'Cartoon-drawing',	'{\"en\":null}',	0,	NULL,	NULL,	'{\"en\":null}',	'{\"en\":null}',	'{\"en\":null}',	166,	167,	1,	NULL,	0,	1),
(140,	138,	'{\"en\":\"Line drawing.\"}',	'Line-drawing.',	'{\"en\":null}',	0,	NULL,	NULL,	'{\"en\":null}',	'{\"en\":null}',	'{\"en\":null}',	168,	169,	1,	NULL,	0,	1);

DROP TABLE IF EXISTS `category_field`;
CREATE TABLE `category_field` (
  `id` int unsigned NOT NULL AUTO_INCREMENT,
  `category_id` int unsigned DEFAULT NULL,
  `field_id` int unsigned DEFAULT NULL,
  `disabled_in_subcategories` tinyint unsigned DEFAULT '0',
  `parent_id` int unsigned DEFAULT NULL,
  `lft` int unsigned DEFAULT NULL,
  `rgt` int unsigned DEFAULT NULL,
  `depth` int unsigned DEFAULT NULL,
  PRIMARY KEY (`id`),
  UNIQUE KEY `category_field_category_id_field_id_unique` (`category_id`,`field_id`)
) ENGINE=InnoDB DEFAULT CHARSET=utf8mb4 COLLATE=utf8mb4_unicode_ci;

INSERT INTO `category_field` (`id`, `category_id`, `field_id`, `disabled_in_subcategories`, `parent_id`, `lft`, `rgt`, `depth`) VALUES
(1,	1,	1,	0,	NULL,	2,	3,	1),
(2,	1,	2,	0,	NULL,	4,	5,	1),
(3,	1,	3,	0,	NULL,	6,	7,	1),
(4,	1,	4,	0,	NULL,	14,	15,	1),
(5,	1,	5,	0,	NULL,	8,	9,	1),
(6,	1,	6,	0,	NULL,	16,	17,	1),
(7,	1,	7,	0,	NULL,	10,	11,	1),
(8,	1,	8,	0,	NULL,	12,	13,	1),
(9,	9,	14,	0,	NULL,	4,	5,	1),
(10,	9,	15,	0,	NULL,	2,	3,	1),
(11,	14,	16,	0,	NULL,	4,	5,	1),
(12,	14,	17,	0,	NULL,	2,	3,	1),
(13,	30,	8,	0,	NULL,	NULL,	NULL,	NULL),
(14,	37,	9,	0,	NULL,	2,	3,	1),
(15,	37,	10,	0,	NULL,	4,	5,	1),
(16,	37,	11,	0,	NULL,	8,	9,	1),
(17,	37,	12,	0,	NULL,	10,	11,	1),
(18,	37,	13,	0,	NULL,	6,	7,	1),
(19,	54,	8,	0,	NULL,	NULL,	NULL,	NULL),
(20,	73,	18,	0,	NULL,	NULL,	NULL,	NULL),
(21,	73,	19,	0,	NULL,	NULL,	NULL,	NULL),
(22,	73,	20,	0,	NULL,	NULL,	NULL,	NULL),
(23,	122,	21,	0,	NULL,	NULL,	NULL,	NULL),
(24,	122,	22,	0,	NULL,	NULL,	NULL,	NULL),
(25,	122,	23,	0,	NULL,	NULL,	NULL,	NULL);

DROP TABLE IF EXISTS `cities`;
CREATE TABLE `cities` (
  `id` bigint unsigned NOT NULL AUTO_INCREMENT,
  `country_code` varchar(2) CHARACTER SET utf8mb4 COLLATE utf8mb4_unicode_ci DEFAULT NULL,
  `name` text CHARACTER SET utf8mb4 COLLATE utf8mb4_unicode_ci NOT NULL,
  `longitude` double(8,2) DEFAULT NULL COMMENT 'longitude in decimal degrees (wgs84)',
  `latitude` double(8,2) DEFAULT NULL COMMENT 'latitude in decimal degrees (wgs84)',
  `feature_class` char(1) CHARACTER SET utf8mb4 COLLATE utf8mb4_unicode_ci DEFAULT NULL,
  `feature_code` varchar(10) CHARACTER SET utf8mb4 COLLATE utf8mb4_unicode_ci DEFAULT NULL,
  `subadmin1_code` varchar(100) CHARACTER SET utf8mb4 COLLATE utf8mb4_unicode_ci DEFAULT NULL,
  `subadmin2_code` varchar(100) CHARACTER SET utf8mb4 COLLATE utf8mb4_unicode_ci DEFAULT NULL,
  `population` bigint DEFAULT NULL,
  `time_zone` varchar(100) CHARACTER SET utf8mb4 COLLATE utf8mb4_unicode_ci DEFAULT NULL,
  `active` tinyint(1) DEFAULT '1',
  `created_at` timestamp NULL DEFAULT NULL,
  `updated_at` timestamp NULL DEFAULT NULL,
  PRIMARY KEY (`id`),
  KEY `cities_country_code_index` (`country_code`),
  KEY `cities_subadmin1_code_index` (`subadmin1_code`),
  KEY `cities_subadmin2_code_index` (`subadmin2_code`),
  KEY `cities_active_index` (`active`)
) ENGINE=InnoDB DEFAULT CHARSET=utf8mb4 COLLATE=utf8mb4_unicode_ci;

INSERT INTO `cities` (`id`, `country_code`, `name`, `longitude`, `latitude`, `feature_class`, `feature_code`, `subadmin1_code`, `subadmin2_code`, `population`, `time_zone`, `active`, `created_at`, `updated_at`) VALUES
(1,	'IN',	'Mumbai',	NULL,	NULL,	NULL,	NULL,	NULL,	NULL,	NULL,	NULL,	1,	NULL,	NULL),
(2,	'IN',	'Delhi',	NULL,	NULL,	NULL,	NULL,	NULL,	NULL,	NULL,	NULL,	1,	NULL,	NULL),
(3,	'IN',	'Bangalore',	NULL,	NULL,	NULL,	NULL,	NULL,	NULL,	NULL,	NULL,	1,	NULL,	NULL),
(4,	'IN',	'Hyderabad',	NULL,	NULL,	NULL,	NULL,	NULL,	NULL,	NULL,	NULL,	1,	NULL,	NULL),
(5,	'IN',	'Chennai',	NULL,	NULL,	NULL,	NULL,	NULL,	NULL,	NULL,	NULL,	1,	NULL,	NULL),
(6,	'IN',	'Kolkata ',	NULL,	NULL,	NULL,	NULL,	NULL,	NULL,	NULL,	NULL,	1,	NULL,	NULL),
(7,	'UK',	'London',	NULL,	NULL,	NULL,	NULL,	NULL,	NULL,	NULL,	NULL,	1,	NULL,	NULL),
(8,	'UK',	'Birmingham',	NULL,	NULL,	NULL,	NULL,	NULL,	NULL,	NULL,	NULL,	1,	NULL,	NULL),
(9,	'UK',	'Leeds',	NULL,	NULL,	NULL,	NULL,	NULL,	NULL,	NULL,	NULL,	1,	NULL,	NULL),
(10,	'UK',	'Bath',	NULL,	NULL,	NULL,	NULL,	NULL,	NULL,	NULL,	NULL,	1,	NULL,	NULL),
(11,	'UK',	'Oxford',	NULL,	NULL,	NULL,	NULL,	NULL,	NULL,	NULL,	NULL,	1,	NULL,	NULL),
(12,	'US',	'New York',	NULL,	NULL,	NULL,	NULL,	NULL,	NULL,	NULL,	NULL,	1,	NULL,	NULL),
(13,	'US',	'Phoenix',	NULL,	NULL,	NULL,	NULL,	NULL,	NULL,	NULL,	NULL,	1,	NULL,	NULL),
(14,	'US',	'Austin',	NULL,	NULL,	NULL,	NULL,	NULL,	NULL,	NULL,	NULL,	1,	NULL,	NULL),
(15,	'US',	'San Francisco',	NULL,	NULL,	NULL,	NULL,	NULL,	NULL,	NULL,	NULL,	1,	NULL,	NULL),
(16,	'US',	'Chicago',	NULL,	NULL,	NULL,	NULL,	NULL,	NULL,	NULL,	NULL,	1,	NULL,	NULL),
(17,	'US',	'Seattle',	NULL,	NULL,	NULL,	NULL,	NULL,	NULL,	NULL,	NULL,	1,	NULL,	NULL);

DROP TABLE IF EXISTS `coach_course`;
CREATE TABLE `coach_course` (
  `id` bigint unsigned NOT NULL AUTO_INCREMENT,
  `coach_id` bigint unsigned DEFAULT NULL,
  `course_name` varchar(256) CHARACTER SET utf8mb4 COLLATE utf8mb4_unicode_ci DEFAULT NULL,
  `consultation_fee_per_hour` varchar(256) CHARACTER SET utf8mb4 COLLATE utf8mb4_unicode_ci DEFAULT NULL,
  `course_hourse` varchar(256) CHARACTER SET utf8mb4 COLLATE utf8mb4_unicode_ci DEFAULT NULL,
  `total_consultation_fee` varchar(256) CHARACTER SET utf8mb4 COLLATE utf8mb4_unicode_ci DEFAULT NULL,
  `creadit_required` varchar(256) CHARACTER SET utf8mb4 COLLATE utf8mb4_unicode_ci DEFAULT NULL,
  `description` varchar(256) CHARACTER SET utf8mb4 COLLATE utf8mb4_unicode_ci DEFAULT NULL,
  `image` varchar(256) CHARACTER SET utf8mb4 COLLATE utf8mb4_unicode_ci DEFAULT NULL,
  `starting_time` varchar(50) CHARACTER SET utf8mb4 COLLATE utf8mb4_unicode_ci DEFAULT NULL,
  `dated` date DEFAULT NULL,
  PRIMARY KEY (`id`)
) ENGINE=InnoDB DEFAULT CHARSET=utf8mb4 COLLATE=utf8mb4_unicode_ci;

INSERT INTO `coach_course` (`id`, `coach_id`, `course_name`, `consultation_fee_per_hour`, `course_hourse`, `total_consultation_fee`, `creadit_required`, `description`, `image`, `starting_time`, `dated`) VALUES
(5,	3,	'hhhhkkkhhk',	NULL,	'3',	NULL,	NULL,	'kj jc jf j j jk jf ksdfjkjsj    sfs fj fdsjfkksdfkjs fjjfksfsdkfsdjk sk f skjskfjsfs',	NULL,	'00:00:00',	NULL),
(6,	6,	'new course',	NULL,	'3',	NULL,	NULL,	'kj jc jf j j jk jf ksdfjkjsj    sfs fj fdsjfkksdfkjs fjjfksfsdkfsdjk sk f skjskfjsfs',	NULL,	'00:00:00',	NULL),
(7,	5,	'Extremely Helpful Free Graphic Design Courses',	NULL,	'3',	NULL,	NULL,	'Looking to learn graphic design or brush up on your skills without shelling out tuition? Check out our picks for some of the best free graphic design courses.',	NULL,	'10:30:pm',	NULL),
(8,	5,	'Extremely Helpful Free Graphic Design Courses',	NULL,	'3',	NULL,	NULL,	'Looking to learn graphic design or brush up on your skills without shelling out tuition? Check out our picks for some of the best free graphic design courses.',	NULL,	'08:00:am',	'2022-02-05'),
(9,	5,	'Extremely Helpful Free Graphic Design Courses',	NULL,	'3',	NULL,	NULL,	'Looking to learn graphic design or brush up on your skills without shelling out tuition? Check out our picks for some of the best free graphic design courses.',	NULL,	'12:00:pm',	NULL),
(10,	5,	'Udemy: Introduction to Graphic Design',	NULL,	'3',	NULL,	NULL,	'The site is well-organized so its easy to navigate and find the lessons you are looking for. In addition, since MITs OpenCourseWare is a not-for-profit initiative, you never have to deal with any ads or marketing sales pitches for subscription plans.',	NULL,	'00:00:00',	NULL),
(11,	5,	'A Brief History of Typography',	NULL,	'2',	NULL,	NULL,	'Typography is key to the work of a graphic designer. In almost all instances of graphic design, you will see some use of type. Each font adds a different feeling and style to a design. So choosing a font can make or break your design project.',	NULL,	'00:00:00',	NULL),
(12,	5,	'Teach Yourself Graphic Design: A Self-Study Course Outline',	NULL,	'2',	NULL,	NULL,	'This article outlines all the resources you need to create a self-taught graphic design course to replace a traditional education. Its written by Sean Hodge, whos currently the Business Editor for the Tuts+ educational network. He also has experience build',	NULL,	'00:00:00',	NULL),
(13,	10,	'computer',	NULL,	'2',	NULL,	NULL,	'',	NULL,	'00:00:02',	NULL),
(14,	10,	'computer',	NULL,	'2',	NULL,	NULL,	'',	NULL,	'00:00:00',	NULL),
(91,	10,	'hindi',	NULL,	'2',	NULL,	NULL,	'udemy class',	NULL,	'01:30:00',	'2022-01-01'),
(92,	10,	'history',	NULL,	'1',	NULL,	NULL,	'teacher',	NULL,	'10:30:00',	'2022-02-05'),
(93,	10,	'english',	NULL,	'2',	NULL,	NULL,	'',	NULL,	'06:10:00',	'2022-03-12'),
(94,	10,	'hindi',	NULL,	'3',	NULL,	NULL,	'class',	NULL,	'10:30:00',	'2022-01-06'),
(95,	10,	'python',	NULL,	'3',	NULL,	NULL,	'yfkurehyflkewuo',	NULL,	'4:30:pm',	'2021-12-24'),
(99,	10,	'php',	NULL,	'2',	NULL,	NULL,	'Rajesh sir',	NULL,	'12:00:pm',	'2022-05-20'),
(100,	19,	'Test',	NULL,	'12',	NULL,	NULL,	'',	'UuMdFtF(1).png',	'',	'0000-00-00'),
(101,	19,	'Extremely Helpful Free Graphic Design Courses',	NULL,	'3',	NULL,	NULL,	NULL,	'project-management12.png',	'02:17',	'2022-03-26'),
(102,	19,	'assign activities and monitor performance of your students',	'200',	'20',	'4000',	'800',	'<h3>Creating a new Course<br>&nbsp;</h3><p>To assign activities and monitor performance of your students, they must be part of your course. In this section, we will show you how to create a course and invite students to join.</p>',	'2.jpg',	NULL,	'2022-03-29'),
(103,	19,	'Extremely Helpful Free GZero Configuration Resolutionraphic Design Courses',	'434',	'3',	'1302',	'260',	'<p>The Laravel service container is a powerful tool for managing class dependencies and performing dependency injection. Dependency injection is a fancy phrase that essentially means this: class dependencies are \"injected\" into the class via the constructo',	'6.jpg',	NULL,	'2022-04-05'),
(104,	19,	'Zero Configuration Resolution',	'500',	'3',	'1500',	'300',	'<h3><a href=\"https://laravel.com/docs/9.x/container#zero-configuration-resolution\">Zero Configuration Resolution</a></h3><p>If a class has no dependencies or only depends on other concrete classes (not interfaces), the container does not need to be instruc',	'6.jpg',	NULL,	'2022-04-01'),
(105,	19,	'test1',	'400',	'3',	'1200',	'240',	'<p>xyz</p>',	'course_image/images.jpg',	NULL,	'2022-04-04'),
(106,	19,	'Laravel 8 Beginner to Advance with Complete News Portal',	'564',	'45',	'25380',	'5076',	'<p><strong>Capable With Laravel 9</strong></p><p><strong>Laravel 8 Beginner to Advance with Complete Multi Language News Portal Project</strong></p><p>Laravel is an open-source PHP framework, which is robust and easy to understand. It follows a model-view-',	'app/course_image/t4ayoi7k1o2Qb7ZnIYV6hyrGluiQussHFSh8wILy.jpg',	NULL,	'2022-04-05'),
(107,	19,	'software tester',	'500',	'5',	'2500',	'500',	'<p>abc</p>',	'app/course_image/JsfiUj5zKDklmtfo74J70rsDajqhSzOWXXonDjIW.jpg',	NULL,	'2022-04-05'),
(108,	18,	'abhi tester',	'500',	'4',	'2000',	'400',	'',	'app/course_image/z4mswtfgh9gAdAYwRjysBrK2GSxE0uuEMQPmuNAg.jpg',	NULL,	'2022-04-06'),
(109,	24,	'elisha',	'400',	'5',	'2000',	'400',	'<p>Online tuition is <strong>a way of teaching a student one-on-one, using an online tutoring platform</strong>.</p>',	'app/course_image/OIRMF7aKGuC3NXTG6ZEBXrtrgj1YZxS9gyPnkfun.jpg',	NULL,	'2022-04-07'),
(110,	28,	'test1',	'50',	'5',	'250',	'50',	'',	'app/course_image/Q06ZOiTuFuudo9cOTOSQ346hgbNc9bano7r8lxdO.jpg',	NULL,	NULL),
(111,	41,	'ammy',	'500',	'4',	'2000',	'400',	'',	'app/course_image/22WhN0yyrF1ipsAiLGqra28aX1d0FqAvBpYhVMVY.png',	NULL,	NULL),
(112,	56,	'amisha',	'800',	'5',	'4000',	'800',	'<p>abc</p>',	'app/course_image/2otvePOFqwGczNlqY4pYXcX2obsSp3E5vy9kv6QR.jpg',	NULL,	'2022-04-12'),
(113,	57,	'samual',	'800',	'5',	'4000',	'800',	'<p>Coach Hub is the leading digital coaching provider, offering holistic people development to forward-thinking companies on a global scale.</p>',	'app/course_image/4QBC5GdPsZY7J9ihrlNTFMPlYb5WxwuR8DoCUFqU.jpg',	NULL,	'2022-04-12'),
(114,	57,	'jurics',	'500',	'6',	'3000',	'600',	'<p>Coach Hubs coaching and training approach has been developed in collaboration with leading experts in coaching and leadership development. It serves as a basis for close cooperation between HR, managers and coaches.&nbsp;</p>',	'app/course_image/syaVjFXuhktnzjh56RNtMnHzwGO0uptAwHL0fQhV.jpg',	NULL,	'2022-04-15'),
(115,	57,	'paulo',	'400',	'5',	'2000',	'400',	'<p><strong>e-Learning system</strong> is integral to our online coach training and is also available as a resource and support for our in-person coach training and performance improvement programs.</p>',	'app/course_image/1nUDnHS4dtSyjce0Wj3zDn9f5rB1qT4hpCyqrO6V.jpg',	NULL,	'2022-04-16'),
(116,	57,	'laravel demo',	'100',	'2',	'200',	'40',	'<p>e-Learning system is integral to our online coach training and is also available as a resource and support for our in-person coach training and performance improvement programs.</p>',	'app/course_image/R6WniCxV7hlpmeJKSQn0N3w2eHaIxwyLfa3aCQkI.jpg',	NULL,	'2012-04-22'),
(117,	57,	'manual test demo',	'40',	'5',	'200',	'40',	'<p>This project will put you in a corporate setting. You will be testing a demo banking website.&nbsp;</p>',	'app/course_image/pnJfxLupPVJwrTwJHOlNDRWPOQ8W9s3eeE17oOQt.jpg',	NULL,	'2022-04-12'),
(118,	52,	'Weekly online mentorship by experts',	'200',	'3',	'600',	'120',	'<p>Get assistance on projects and reinforce concepts through weekly sessions</p>',	'app/course_image/2SkrgtNk4YTgK9LkShDZSP00RqZC5QdgE9MBFJwZ.jpg',	NULL,	'2022-04-13');

DROP TABLE IF EXISTS `coach_coursesssss`;
CREATE TABLE `coach_coursesssss` (
  `id` int NOT NULL AUTO_INCREMENT,
  `coach_id` varchar(256) NOT NULL,
  `course_name` varchar(256) NOT NULL,
  `course_hourse` varchar(256) NOT NULL,
  `description` varchar(256) NOT NULL,
  `created_at` timestamp NOT NULL,
  `updated_at` timestamp NOT NULL,
  PRIMARY KEY (`id`)
) ENGINE=InnoDB DEFAULT CHARSET=utf8mb4 COLLATE=utf8mb4_0900_ai_ci;


DROP TABLE IF EXISTS `continents`;
CREATE TABLE `continents` (
  `id` int unsigned NOT NULL AUTO_INCREMENT,
  `code` varchar(2) CHARACTER SET utf8mb4 COLLATE utf8mb4_unicode_ci NOT NULL,
  `name` varchar(100) CHARACTER SET utf8mb4 COLLATE utf8mb4_unicode_ci NOT NULL,
  `active` tinyint(1) DEFAULT '1',
  PRIMARY KEY (`id`),
  UNIQUE KEY `continents_code_unique` (`code`),
  KEY `continents_active_index` (`active`)
) ENGINE=InnoDB DEFAULT CHARSET=utf8mb4 COLLATE=utf8mb4_unicode_ci;

INSERT INTO `continents` (`id`, `code`, `name`, `active`) VALUES
(1,	'AF',	'Africa',	1),
(2,	'AN',	'Antarctica',	1),
(3,	'AS',	'Asia',	1),
(4,	'EU',	'Europe',	1),
(5,	'NA',	'North America',	1),
(6,	'OC',	'Oceania',	1),
(7,	'SA',	'South America',	1);

DROP TABLE IF EXISTS `countries`;
CREATE TABLE `countries` (
  `id` int unsigned NOT NULL AUTO_INCREMENT,
  `code` char(2) CHARACTER SET utf8mb4 COLLATE utf8mb4_unicode_ci NOT NULL,
  `iso3` char(3) CHARACTER SET utf8mb4 COLLATE utf8mb4_unicode_ci DEFAULT NULL,
  `iso_numeric` int unsigned DEFAULT NULL,
  `fips` char(2) CHARACTER SET utf8mb4 COLLATE utf8mb4_unicode_ci DEFAULT NULL,
  `name` text CHARACTER SET utf8mb4 COLLATE utf8mb4_unicode_ci,
  `capital` varchar(100) CHARACTER SET utf8mb4 COLLATE utf8mb4_unicode_ci DEFAULT NULL,
  `area` int unsigned DEFAULT NULL,
  `population` int unsigned DEFAULT NULL,
  `continent_code` char(4) CHARACTER SET utf8mb4 COLLATE utf8mb4_unicode_ci DEFAULT NULL,
  `tld` char(4) CHARACTER SET utf8mb4 COLLATE utf8mb4_unicode_ci DEFAULT NULL,
  `currency_code` varchar(3) CHARACTER SET utf8mb4 COLLATE utf8mb4_unicode_ci DEFAULT NULL,
  `phone` varchar(20) CHARACTER SET utf8mb4 COLLATE utf8mb4_unicode_ci DEFAULT NULL,
  `postal_code_format` varchar(50) CHARACTER SET utf8mb4 COLLATE utf8mb4_unicode_ci DEFAULT NULL,
  `postal_code_regex` varchar(200) CHARACTER SET utf8mb4 COLLATE utf8mb4_unicode_ci DEFAULT NULL,
  `languages` varchar(50) CHARACTER SET utf8mb4 COLLATE utf8mb4_unicode_ci DEFAULT NULL,
  `neighbours` varchar(50) CHARACTER SET utf8mb4 COLLATE utf8mb4_unicode_ci DEFAULT NULL,
  `equivalent_fips_code` varchar(100) CHARACTER SET utf8mb4 COLLATE utf8mb4_unicode_ci DEFAULT NULL,
  `time_zone` varchar(50) CHARACTER SET utf8mb4 COLLATE utf8mb4_unicode_ci DEFAULT NULL,
  `date_format` varchar(100) CHARACTER SET utf8mb4 COLLATE utf8mb4_unicode_ci DEFAULT NULL,
  `datetime_format` varchar(100) CHARACTER SET utf8mb4 COLLATE utf8mb4_unicode_ci DEFAULT NULL,
  `background_image` varchar(255) CHARACTER SET utf8mb4 COLLATE utf8mb4_unicode_ci DEFAULT NULL,
  `admin_type` enum('0','1','2') CHARACTER SET utf8mb4 COLLATE utf8mb4_unicode_ci DEFAULT '0',
  `admin_field_active` tinyint unsigned DEFAULT '0',
  `active` tinyint(1) DEFAULT '1',
  `created_at` timestamp NULL DEFAULT NULL,
  `updated_at` timestamp NULL DEFAULT NULL,
  PRIMARY KEY (`id`),
  UNIQUE KEY `countries_code_unique` (`code`),
  KEY `countries_active_index` (`active`)
) ENGINE=InnoDB DEFAULT CHARSET=utf8mb4 COLLATE=utf8mb4_unicode_ci;

INSERT INTO `countries` (`id`, `code`, `iso3`, `iso_numeric`, `fips`, `name`, `capital`, `area`, `population`, `continent_code`, `tld`, `currency_code`, `phone`, `postal_code_format`, `postal_code_regex`, `languages`, `neighbours`, `equivalent_fips_code`, `time_zone`, `date_format`, `datetime_format`, `background_image`, `admin_type`, `admin_field_active`, `active`, `created_at`, `updated_at`) VALUES
(105,	'IN',	'IND',	356,	'IN',	'{\"en\":\"India\",\"fr\":\"Inde\",\"es\":\"India\",\"ar\":\"الهند\",\"pt\":\"Índia\",\"de\":\"Indien\",\"it\":\"India\",\"tr\":\"Hindistan\",\"ru\":\"Индия\",\"zh\":\"印度\",\"ja\":\"インド\",\"th\":\"อินเดีย\",\"ro\":\"India\",\"ka\":\"ინდოეთი\"}',	'New Delhi',	3287590,	1173108018,	'AS',	'.in',	'INR',	'91',	'######',	'^(d{6})$',	'en-IN,hi,bn,te,mr,ta,ur,gu,kn,ml,or,pa,as,bh,sat,k',	'CN,NP,MM,BT,PK,BD',	'',	'Asia/Kolkata',	NULL,	NULL,	NULL,	'0',	0,	1,	'2021-11-19 00:23:14',	'2021-11-19 00:24:43'),
(232,	'UK',	'GBR',	826,	'UK',	'{\"en\":\"United Kingdom\",\"fr\":\"Royaume-Uni\",\"es\":\"Reino Unido\",\"ar\":\"المملكة المتحدة\",\"pt\":\"Reino Unido\",\"de\":\"Vereinigtes Königreich\",\"it\":\"Regno Unito\",\"tr\":\"Birleşik Krallık\",\"ru\":\"Великобритания\",\"zh\":\"英国\",\"ja\":\"イギリス\",\"th\":\"สหราชอาณาจักร\",\"ro\":\"Marea Britanie\",\"ka\":\"დიდი ბრიტანეთი\"}',	'London',	244820,	62348447,	'EU',	'.uk',	'GBP',	'44',	'@# #@@|@## #@@|@@# #@@|@@## #@@|@#@ #@@|@@#@ #@@|G',	'^(([A-Z]d{2}[A-Z]{2})|([A-Z]d{3}[A-Z]{2})|([A-Z]{2}d{2}[A-Z]{2})|([A-Z]{2}d{3}[A-Z]{2})|([A-Z]d[A-Z]d[A-Z]{2})|([A-Z]{2}d[A-Z]d[A-Z]{2})|(GIR0AA))$',	'en-GB,cy-GB,gd',	'IE',	'',	'UTC',	NULL,	NULL,	NULL,	'0',	0,	0,	'2021-11-19 00:23:14',	'2022-04-16 05:18:00'),
(234,	'US',	'USA',	840,	'US',	'{\"en\":\"United States\",\"fr\":\"États-Unis\",\"es\":\"Estados Unidos\",\"ar\":\"الولايات المتحدة الأمريكية\",\"pt\":\"Estados Unidos\",\"de\":\"Vereinigte Staaten\",\"it\":\"Stati Uniti\",\"tr\":\"Amerika Birleşik Devletleri\",\"ru\":\"США\",\"zh\":\"美国\",\"ja\":\"アメリカ合衆国\",\"th\":\"สหรัฐอเมริกา\",\"ro\":\"Statele Unite ale Americii\",\"ka\":\"ამერიკის შეერთებული შტატები\"}',	'Washington',	9629091,	310232863,	'NA',	'.us',	'USD',	'1',	'#####-####',	'^d{5}(-d{4})?$',	'en-US,es-US,haw,fr',	'CA,MX,CU',	'',	'UTC',	NULL,	NULL,	NULL,	'0',	0,	0,	'2021-11-19 00:23:14',	'2022-04-16 05:18:00');

DROP TABLE IF EXISTS `currencies`;
CREATE TABLE `currencies` (
  `id` int unsigned NOT NULL AUTO_INCREMENT,
  `code` varchar(3) CHARACTER SET utf8mb4 COLLATE utf8mb4_unicode_ci NOT NULL,
  `name` varchar(50) CHARACTER SET utf8mb4 COLLATE utf8mb4_unicode_ci DEFAULT NULL,
  `symbol` varchar(5) CHARACTER SET utf8mb4 COLLATE utf8mb4_unicode_ci DEFAULT NULL,
  `html_entities` varchar(30) CHARACTER SET utf8mb4 COLLATE utf8mb4_unicode_ci DEFAULT NULL COMMENT 'HTML Entities of Symbols: https://gist.github.com/Gibbs/3920259',
  `in_left` tinyint unsigned DEFAULT '0',
  `decimal_places` int unsigned DEFAULT '0' COMMENT 'Currency Decimal Places - ISO 4217',
  `decimal_separator` varchar(10) CHARACTER SET utf8mb4 COLLATE utf8mb4_unicode_ci DEFAULT '.',
  `thousand_separator` varchar(10) CHARACTER SET utf8mb4 COLLATE utf8mb4_unicode_ci DEFAULT ',',
  `created_at` timestamp NULL DEFAULT NULL,
  `updated_at` timestamp NULL DEFAULT NULL,
  PRIMARY KEY (`id`),
  UNIQUE KEY `currencies_code_unique` (`code`)
) ENGINE=InnoDB DEFAULT CHARSET=utf8mb4 COLLATE=utf8mb4_unicode_ci;

INSERT INTO `currencies` (`id`, `code`, `name`, `symbol`, `html_entities`, `in_left`, `decimal_places`, `decimal_separator`, `thousand_separator`, `created_at`, `updated_at`) VALUES
(1,	'AED',	'United Arab Emirates Dirham',	'د.إ',	'&#1583;.&#1573;',	0,	2,	'.',	',',	'2021-11-19 05:53:11',	'2021-11-19 05:53:11'),
(2,	'AFN',	'Afghanistan Afghani',	'؋',	'&#65;&#102;',	0,	2,	'.',	',',	'2021-11-19 05:53:11',	'2021-11-19 05:53:11'),
(3,	'ALL',	'Albania Lek',	'Lek',	'&#76;&#101;&#107;',	0,	2,	'.',	',',	'2021-11-19 05:53:11',	'2021-11-19 05:53:11'),
(4,	'AMD',	'Armenia Dram',	NULL,	'',	0,	2,	'.',	',',	'2021-11-19 05:53:11',	'2021-11-19 05:53:11'),
(5,	'ANG',	'Netherlands Antilles Guilder',	'ƒ',	'&#402;',	0,	2,	'.',	',',	'2021-11-19 05:53:11',	'2021-11-19 05:53:11'),
(6,	'AOA',	'Angola Kwanza',	'Kz',	'&#75;&#122;',	1,	2,	'.',	',',	'2021-11-19 05:53:11',	'2021-11-19 05:53:11'),
(7,	'ARS',	'Argentina Peso',	'$',	'&#36;',	0,	2,	'.',	',',	'2021-11-19 05:53:11',	'2021-11-19 05:53:11'),
(8,	'AUD',	'Australia Dollar',	'$',	'&#36;',	1,	2,	'.',	',',	'2021-11-19 05:53:11',	'2021-11-19 05:53:11'),
(9,	'AWG',	'Aruba Guilder',	'ƒ',	'&#402;',	0,	2,	'.',	',',	'2021-11-19 05:53:11',	'2021-11-19 05:53:11'),
(10,	'AZN',	'Azerbaijan New Manat',	'ман',	'&#1084;&#1072;&#1085;',	0,	2,	'.',	',',	'2021-11-19 05:53:11',	'2021-11-19 05:53:11'),
(11,	'BAM',	'Bosnia and Herzegovina Convertible Marka',	'KM',	'&#75;&#77;',	0,	2,	'.',	',',	'2021-11-19 05:53:11',	'2021-11-19 05:53:11'),
(12,	'BBD',	'Barbados Dollar',	'$',	'&#36;',	1,	2,	'.',	',',	'2021-11-19 05:53:11',	'2021-11-19 05:53:11'),
(13,	'BDT',	'Bangladesh Taka',	'৳',	'&#2547;',	0,	2,	'.',	',',	'2021-11-19 05:53:11',	'2021-11-19 05:53:11'),
(14,	'BGN',	'Bulgaria Lev',	'лв',	'&#1083;&#1074;',	0,	2,	'.',	',',	'2021-11-19 05:53:11',	'2021-11-19 05:53:11'),
(15,	'BHD',	'Bahrain Dinar',	NULL,	'.&#1583;.&#1576;',	0,	3,	'.',	',',	'2021-11-19 05:53:11',	'2021-11-19 05:53:11'),
(16,	'BIF',	'Burundi Franc',	'FBu',	'&#70;&#66;&#117;',	0,	0,	'.',	',',	'2021-11-19 05:53:11',	'2021-11-19 05:53:11'),
(17,	'BMD',	'Bermuda Dollar',	'$',	'&#36;',	1,	2,	'.',	',',	'2021-11-19 05:53:11',	'2021-11-19 05:53:11'),
(18,	'BND',	'Brunei Darussalam Dollar',	'$',	'&#36;',	1,	2,	'.',	',',	'2021-11-19 05:53:11',	'2021-11-19 05:53:11'),
(19,	'BOB',	'Bolivia Boliviano',	'$b',	'&#36;&#98;',	0,	2,	'.',	',',	'2021-11-19 05:53:11',	'2021-11-19 05:53:11'),
(20,	'BRL',	'Brazil Real',	'R$',	'&#82;&#36;',	0,	2,	'.',	',',	'2021-11-19 05:53:11',	'2021-11-19 05:53:11'),
(21,	'BSD',	'Bahamas Dollar',	'$',	'&#36;',	1,	2,	'.',	',',	'2021-11-19 05:53:11',	'2021-11-19 05:53:11'),
(22,	'BTN',	'Bhutan Ngultrum',	NULL,	'&#78;&#117;&#46;',	0,	2,	'.',	',',	'2021-11-19 05:53:11',	'2021-11-19 05:53:11'),
(23,	'BWP',	'Botswana Pula',	'P',	'&#80;',	1,	2,	'.',	',',	'2021-11-19 05:53:11',	'2021-11-19 05:53:11'),
(24,	'BYR',	'Belarus Ruble',	'p.',	'&#112;&#46;',	0,	0,	'.',	',',	'2021-11-19 05:53:11',	'2021-11-19 05:53:11'),
(25,	'BZD',	'Belize Dollar',	'BZ$',	'&#66;&#90;&#36;',	1,	2,	'.',	',',	'2021-11-19 05:53:11',	'2021-11-19 05:53:11'),
(26,	'CAD',	'Canada Dollar',	'$',	'&#36;',	1,	2,	'.',	',',	'2021-11-19 05:53:11',	'2021-11-19 05:53:11'),
(27,	'CDF',	'Congo/Kinshasa Franc',	'Fr',	'&#70;&#67;',	0,	2,	'.',	',',	'2021-11-19 05:53:11',	'2021-11-19 05:53:11'),
(28,	'CHF',	'Switzerland Franc',	'Fr',	'&#67;&#72;&#70;',	0,	2,	'.',	',',	'2021-11-19 05:53:11',	'2021-11-19 05:53:11'),
(29,	'CLP',	'Chile Peso',	'$',	'&#36;',	0,	0,	'.',	',',	'2021-11-19 05:53:11',	'2021-11-19 05:53:11'),
(30,	'CNY',	'China Yuan Renminbi',	'¥',	'&#165;',	0,	2,	'.',	',',	'2021-11-19 05:53:11',	'2021-11-19 05:53:11'),
(31,	'COP',	'Colombia Peso',	'$',	'&#36;',	0,	2,	'.',	',',	'2021-11-19 05:53:11',	'2021-11-19 05:53:11'),
(32,	'CRC',	'Costa Rica Colon',	'₡',	'&#8353;',	0,	2,	'.',	',',	'2021-11-19 05:53:11',	'2021-11-19 05:53:11'),
(33,	'CUC',	'Cuba Convertible Peso',	NULL,	NULL,	0,	2,	'.',	',',	'2021-11-19 05:53:11',	'2021-11-19 05:53:11'),
(34,	'CUP',	'Cuba Peso',	'₱',	'&#8396;',	0,	2,	'.',	',',	'2021-11-19 05:53:11',	'2021-11-19 05:53:11'),
(35,	'CVE',	'Cape Verde Escudo',	'$',	'&#x24;',	1,	0,	'.',	',',	'2021-11-19 05:53:11',	'2021-11-19 05:53:11'),
(36,	'CZK',	'Czech Republic Koruna',	'Kč',	'&#75;&#269;',	0,	2,	'.',	',',	'2021-11-19 05:53:11',	'2021-11-19 05:53:11'),
(37,	'DJF',	'Djibouti Franc',	'Fr',	'&#70;&#100;&#106;',	0,	0,	'.',	',',	'2021-11-19 05:53:11',	'2021-11-19 05:53:11'),
(38,	'DKK',	'Denmark Krone',	'kr',	'&#107;&#114;',	0,	2,	'.',	',',	'2021-11-19 05:53:11',	'2021-11-19 05:53:11'),
(39,	'DOP',	'Dominican Republic Peso',	'RD$',	'&#82;&#68;&#36;',	0,	2,	'.',	',',	'2021-11-19 05:53:11',	'2021-11-19 05:53:11'),
(40,	'DZD',	'Algeria Dinar',	'DA',	'&#1583;&#1580;',	0,	2,	'.',	',',	'2021-11-19 05:53:11',	'2021-11-19 05:53:11'),
(41,	'EEK',	'Estonia Kroon',	'kr',	NULL,	0,	2,	'.',	',',	'2021-11-19 05:53:11',	'2021-11-19 05:53:11'),
(42,	'EGP',	'Egypt Pound',	'£',	'&#163;',	0,	2,	'.',	',',	'2021-11-19 05:53:11',	'2021-11-19 05:53:11'),
(43,	'ERN',	'Eritrea Nakfa',	'Nfk',	'&#x4E;&#x66;&#x6B;',	0,	2,	'.',	',',	'2021-11-19 05:53:11',	'2021-11-19 05:53:11'),
(44,	'ETB',	'Ethiopia Birr',	'Br',	'&#66;&#114;',	1,	2,	'.',	',',	'2021-11-19 05:53:11',	'2021-11-19 05:53:11'),
(45,	'EUR',	'Euro Member Countries',	'€',	'€',	0,	2,	',',	' ',	'2021-11-19 05:53:11',	'2021-11-19 05:53:11'),
(46,	'FJD',	'Fiji Dollar',	'$',	'&#36;',	1,	2,	'.',	',',	'2021-11-19 05:53:11',	'2021-11-19 05:53:11'),
(47,	'FKP',	'Falkland Islands (Malvinas) Pound',	'£',	'&#163;',	0,	2,	'.',	',',	'2021-11-19 05:53:11',	'2021-11-19 05:53:11'),
(48,	'GBP',	'United Kingdom Pound',	'£',	'&#163;',	0,	2,	'.',	',',	'2021-11-19 05:53:11',	'2021-11-19 05:53:11'),
(49,	'GEL',	'Georgia Lari',	NULL,	'&#4314;',	0,	2,	'.',	',',	'2021-11-19 05:53:11',	'2021-11-19 05:53:11'),
(50,	'GGP',	'Guernsey Pound',	'£',	NULL,	0,	2,	'.',	',',	'2021-11-19 05:53:11',	'2021-11-19 05:53:11'),
(51,	'GHC',	'Ghana Cedi',	'GH¢',	'&#x47;&#x48;&#xA2;',	1,	2,	'.',	',',	'2021-11-19 05:53:11',	'2021-11-19 05:53:11'),
(52,	'GHS',	'Ghana Cedi',	'GH¢',	'&#x47;&#x48;&#xA2;',	1,	2,	'.',	',',	'2021-11-19 05:53:11',	'2021-11-19 05:53:11'),
(53,	'GIP',	'Gibraltar Pound',	'£',	'&#163;',	0,	2,	'.',	',',	'2021-11-19 05:53:11',	'2021-11-19 05:53:11'),
(54,	'GMD',	'Gambia Dalasi',	'D',	'&#68;',	0,	2,	'.',	',',	'2021-11-19 05:53:11',	'2021-11-19 05:53:11'),
(55,	'GNF',	'Guinea Franc',	'Fr',	'&#70;&#71;',	0,	0,	'.',	',',	'2021-11-19 05:53:11',	'2021-11-19 05:53:11'),
(56,	'GTQ',	'Guatemala Quetzal',	'Q',	'&#81;',	0,	2,	'.',	',',	'2021-11-19 05:53:11',	'2021-11-19 05:53:11'),
(57,	'GYD',	'Guyana Dollar',	'$',	'&#36;',	1,	2,	'.',	',',	'2021-11-19 05:53:11',	'2021-11-19 05:53:11'),
(58,	'HKD',	'Hong Kong Dollar',	'$',	'&#36;',	1,	2,	'.',	',',	'2021-11-19 05:53:11',	'2021-11-19 05:53:11'),
(59,	'HNL',	'Honduras Lempira',	'L',	'&#76;',	0,	2,	'.',	',',	'2021-11-19 05:53:11',	'2021-11-19 05:53:11'),
(60,	'HRK',	'Croatia Kuna',	'kn',	'&#107;&#110;',	0,	2,	'.',	',',	'2021-11-19 05:53:11',	'2021-11-19 05:53:11'),
(61,	'HTG',	'Haiti Gourde',	NULL,	'&#71;',	0,	2,	'.',	',',	'2021-11-19 05:53:11',	'2021-11-19 05:53:11'),
(62,	'HUF',	'Hungary Forint',	'Ft',	'&#70;&#116;',	0,	2,	'.',	',',	'2021-11-19 05:53:11',	'2021-11-19 05:53:11'),
(63,	'IDR',	'Indonesia Rupiah',	'Rp',	'&#82;&#112;',	0,	0,	'.',	',',	'2021-11-19 05:53:11',	'2021-11-19 05:53:11'),
(64,	'ILS',	'Israel Shekel',	'₪',	'&#8362;',	0,	2,	'.',	',',	'2021-11-19 05:53:11',	'2021-11-19 05:53:11'),
(65,	'IMP',	'Isle of Man Pound',	'£',	NULL,	0,	2,	'.',	',',	'2021-11-19 05:53:11',	'2021-11-19 05:53:11'),
(66,	'INR',	'India Rupee',	'₹',	'&#8377;',	1,	2,	'.',	',',	'2021-11-19 05:53:11',	'2021-11-19 05:53:11'),
(67,	'IQD',	'Iraq Dinar',	'د.ع;',	'&#1593;.&#1583;',	0,	0,	'.',	',',	'2021-11-19 05:53:11',	'2021-11-19 05:53:11'),
(68,	'IRR',	'Iran Rial',	'﷼',	'&#65020;',	0,	0,	'.',	',',	'2021-11-19 05:53:11',	'2021-11-19 05:53:11'),
(69,	'ISK',	'Iceland Krona',	'kr',	'&#107;&#114;',	0,	0,	'.',	',',	'2021-11-19 05:53:11',	'2021-11-19 05:53:11'),
(70,	'JEP',	'Jersey Pound',	'£',	'&#163;',	0,	2,	'.',	',',	'2021-11-19 05:53:11',	'2021-11-19 05:53:11'),
(71,	'JMD',	'Jamaica Dollar',	'J$',	'&#74;&#36;',	1,	2,	'.',	',',	'2021-11-19 05:53:11',	'2021-11-19 05:53:11'),
(72,	'JOD',	'Jordan Dinar',	NULL,	'&#74;&#68;',	0,	3,	'.',	',',	'2021-11-19 05:53:11',	'2021-11-19 05:53:11'),
(73,	'JPY',	'Japan Yen',	'¥',	'&#165;',	0,	0,	'.',	',',	'2021-11-19 05:53:11',	'2021-11-19 05:53:11'),
(74,	'KES',	'Kenya Shilling',	'KSh',	'&#x4B;&#x53;&#x68;',	1,	2,	'.',	',',	'2021-11-19 05:53:11',	'2021-11-19 05:53:11'),
(75,	'KGS',	'Kyrgyzstan Som',	'лв',	'&#1083;&#1074;',	0,	2,	'.',	',',	'2021-11-19 05:53:11',	'2021-11-19 05:53:11'),
(76,	'KHR',	'Cambodia Riel',	'៛',	'&#6107;',	0,	2,	'.',	',',	'2021-11-19 05:53:11',	'2021-11-19 05:53:11'),
(77,	'KMF',	'Comoros Franc',	'Fr',	'&#67;&#70;',	0,	0,	'.',	',',	'2021-11-19 05:53:11',	'2021-11-19 05:53:11'),
(78,	'KPW',	'Korea (North) Won',	'₩',	'&#8361;',	0,	0,	'.',	',',	'2021-11-19 05:53:11',	'2021-11-19 05:53:11'),
(79,	'KRW',	'Korea (South) Won',	'₩',	'&#8361;',	0,	0,	'.',	',',	'2021-11-19 05:53:11',	'2021-11-19 05:53:11'),
(80,	'KWD',	'Kuwait Dinar',	'د.ك',	'&#1583;.&#1603;',	0,	2,	'.',	',',	'2021-11-19 05:53:11',	'2021-11-19 05:53:11'),
(81,	'KYD',	'Cayman Islands Dollar',	'$',	'&#36;',	1,	2,	'.',	',',	'2021-11-19 05:53:11',	'2021-11-19 05:53:11'),
(82,	'KZT',	'Kazakhstan Tenge',	'лв',	'&#1083;&#1074;',	0,	2,	'.',	',',	'2021-11-19 05:53:11',	'2021-11-19 05:53:11'),
(83,	'LAK',	'Laos Kip',	'₭',	'&#8365;',	0,	0,	'.',	',',	'2021-11-19 05:53:11',	'2021-11-19 05:53:11'),
(84,	'LBP',	'Lebanon Pound',	'£',	'&#163;',	0,	0,	'.',	',',	'2021-11-19 05:53:11',	'2021-11-19 05:53:11'),
(85,	'LKR',	'Sri Lanka Rupee',	'₨',	'&#8360;',	1,	2,	'.',	',',	'2021-11-19 05:53:11',	'2021-11-19 05:53:11'),
(86,	'LRD',	'Liberia Dollar',	'$',	'&#36;',	1,	2,	'.',	',',	'2021-11-19 05:53:11',	'2021-11-19 05:53:11'),
(87,	'LSL',	'Lesotho Loti',	'M',	'&#76;',	0,	2,	'.',	',',	'2021-11-19 05:53:11',	'2021-11-19 05:53:11'),
(88,	'LTL',	'Lithuania Litas',	'Lt',	'&#76;&#116;',	0,	2,	'.',	',',	'2021-11-19 05:53:11',	'2021-11-19 05:53:11'),
(89,	'LVL',	'Latvia Lat',	'Ls',	'&#76;&#115;',	0,	2,	'.',	',',	'2021-11-19 05:53:11',	'2021-11-19 05:53:11'),
(90,	'LYD',	'Libya Dinar',	'DL',	'&#1604;.&#1583;',	0,	3,	'.',	',',	'2021-11-19 05:53:11',	'2021-11-19 05:53:11'),
(91,	'MAD',	'Morocco Dirham',	'Dhs',	'&#1583;.&#1605;.',	0,	2,	'.',	',',	'2021-11-19 05:53:11',	'2021-11-19 05:53:11'),
(92,	'MDL',	'Moldova Leu',	NULL,	'&#76;',	0,	2,	'.',	',',	'2021-11-19 05:53:11',	'2021-11-19 05:53:11'),
(93,	'MGA',	'Madagascar Ariary',	'Ar',	'&#65;&#114;',	0,	5,	'.',	',',	'2021-11-19 05:53:11',	'2021-11-19 05:53:11'),
(94,	'MKD',	'Macedonia Denar',	'ден',	'&#1076;&#1077;&#1085;',	0,	2,	'.',	',',	'2021-11-19 05:53:11',	'2021-11-19 05:53:11'),
(95,	'MMK',	'Myanmar (Burma) Kyat',	NULL,	'&#75;',	0,	0,	'.',	',',	'2021-11-19 05:53:11',	'2021-11-19 05:53:11'),
(96,	'MNT',	'Mongolia Tughrik',	'₮',	'&#8366;',	0,	2,	'.',	',',	'2021-11-19 05:53:11',	'2021-11-19 05:53:11'),
(97,	'MOP',	'Macau Pataca',	NULL,	'&#77;&#79;&#80;&#36;',	0,	1,	'.',	',',	'2021-11-19 05:53:11',	'2021-11-19 05:53:11'),
(98,	'MRO',	'Mauritania Ouguiya',	'UM',	'&#85;&#77;',	0,	5,	'.',	',',	'2021-11-19 05:53:11',	'2021-11-19 05:53:11'),
(99,	'MUR',	'Mauritius Rupee',	'₨',	'&#8360;',	1,	2,	'.',	',',	'2021-11-19 05:53:11',	'2021-11-19 05:53:11'),
(100,	'MVR',	'Maldives (Maldive Islands) Rufiyaa',	NULL,	'.&#1923;',	0,	2,	'.',	',',	'2021-11-19 05:53:11',	'2021-11-19 05:53:11'),
(101,	'MWK',	'Malawi Kwacha',	'MK',	'&#77;&#75;',	0,	2,	'.',	',',	'2021-11-19 05:53:11',	'2021-11-19 05:53:11'),
(102,	'MXN',	'Mexico Peso',	'$',	'&#36;',	0,	2,	'.',	',',	'2021-11-19 05:53:11',	'2021-11-19 05:53:11'),
(103,	'MYR',	'Malaysia Ringgit',	'RM',	'&#82;&#77;',	0,	2,	'.',	',',	'2021-11-19 05:53:11',	'2021-11-19 05:53:11'),
(104,	'MZN',	'Mozambique Metical',	'MT',	'&#77;&#84;',	0,	2,	'.',	',',	'2021-11-19 05:53:11',	'2021-11-19 05:53:11'),
(105,	'NAD',	'Namibia Dollar',	'$',	'&#36;',	1,	2,	'.',	',',	'2021-11-19 05:53:11',	'2021-11-19 05:53:11'),
(106,	'NGN',	'Nigeria Naira',	'₦',	'&#8358;',	1,	2,	'.',	',',	'2021-11-19 05:53:11',	'2021-11-19 05:53:11'),
(107,	'NIO',	'Nicaragua Cordoba',	'C$',	'&#67;&#36;',	0,	2,	'.',	',',	'2021-11-19 05:53:11',	'2021-11-19 05:53:11'),
(108,	'NOK',	'Norway Krone',	'kr',	'&#107;&#114;',	0,	2,	'.',	',',	'2021-11-19 05:53:11',	'2021-11-19 05:53:11'),
(109,	'NPR',	'Nepal Rupee',	'₨',	'&#8360;',	1,	2,	'.',	',',	'2021-11-19 05:53:11',	'2021-11-19 05:53:11'),
(110,	'NZD',	'New Zealand Dollar',	'$',	'&#36;',	1,	2,	'.',	',',	'2021-11-19 05:53:11',	'2021-11-19 05:53:11'),
(111,	'OMR',	'Omani Rial',	'ر.ع.',	'',	0,	3,	'.',	',',	'2021-11-19 05:53:11',	'2021-11-19 05:53:11'),
(112,	'PAB',	'Panama Balboa',	'B/.',	'&#66;&#47;&#46;',	0,	2,	'.',	',',	'2021-11-19 05:53:11',	'2021-11-19 05:53:11'),
(113,	'PEN',	'Peru Nuevo Sol',	'S/.',	'&#83;&#47;&#46;',	0,	2,	'.',	',',	'2021-11-19 05:53:11',	'2021-11-19 05:53:11'),
(114,	'PGK',	'Papua New Guinea Kina',	NULL,	'&#75;',	0,	2,	'.',	',',	'2021-11-19 05:53:11',	'2021-11-19 05:53:11'),
(115,	'PHP',	'Philippines Peso',	'₱',	'&#8369;',	0,	2,	'.',	',',	'2021-11-19 05:53:11',	'2021-11-19 05:53:11'),
(116,	'PKR',	'Pakistan Rupee',	'₨',	'&#8360;',	1,	2,	'.',	',',	'2021-11-19 05:53:11',	'2021-11-19 05:53:11'),
(117,	'PLN',	'Poland Zloty',	'zł',	'&#122;&#322;',	0,	2,	'.',	',',	'2021-11-19 05:53:11',	'2021-11-19 05:53:11'),
(118,	'PYG',	'Paraguay Guarani',	'Gs',	'&#71;&#115;',	0,	0,	'.',	',',	'2021-11-19 05:53:11',	'2021-11-19 05:53:11'),
(119,	'QAR',	'Qatar Riyal',	'﷼',	'&#65020;',	0,	2,	'.',	',',	'2021-11-19 05:53:11',	'2021-11-19 05:53:11'),
(120,	'RON',	'Romania New Leu',	'lei',	'&#108;&#101;&#105;',	0,	2,	'.',	',',	'2021-11-19 05:53:11',	'2021-11-19 05:53:11'),
(121,	'RSD',	'Serbia Dinar',	'Дин.',	'&#1044;&#1080;&#1085;&#46;',	0,	2,	'.',	',',	'2021-11-19 05:53:11',	'2021-11-19 05:53:11'),
(122,	'RUB',	'Russia Ruble',	'₽',	'&#8381;',	0,	2,	'.',	',',	'2021-11-19 05:53:11',	'2021-11-19 05:53:11'),
(123,	'RWF',	'Rwanda Franc',	'FRw',	'&#1585;.&#1587;',	0,	0,	'.',	',',	'2021-11-19 05:53:11',	'2021-11-19 05:53:11'),
(124,	'SAR',	'Saudi Arabia Riyal',	'﷼',	'&#65020;',	0,	2,	'.',	',',	'2021-11-19 05:53:11',	'2021-11-19 05:53:11'),
(125,	'SBD',	'Solomon Islands Dollar',	'$',	'&#36;',	1,	2,	'.',	',',	'2021-11-19 05:53:11',	'2021-11-19 05:53:11'),
(126,	'SCR',	'Seychelles Rupee',	'₨',	'&#8360;',	1,	2,	'.',	',',	'2021-11-19 05:53:11',	'2021-11-19 05:53:11'),
(127,	'SDG',	'Sudan Pound',	'DS',	'&#163;',	0,	2,	'.',	',',	'2021-11-19 05:53:11',	'2021-11-19 05:53:11'),
(128,	'SEK',	'Sweden Krona',	'kr',	'&#107;&#114;',	0,	2,	'.',	',',	'2021-11-19 05:53:11',	'2021-11-19 05:53:11'),
(129,	'SGD',	'Singapore Dollar',	'$',	'&#36;',	1,	2,	'.',	',',	'2021-11-19 05:53:11',	'2021-11-19 05:53:11'),
(130,	'SHP',	'Saint Helena Pound',	'£',	'&#163;',	0,	2,	'.',	',',	'2021-11-19 05:53:11',	'2021-11-19 05:53:11'),
(131,	'SLL',	'Sierra Leone Leone',	'Le',	'&#76;&#101;',	1,	0,	'.',	',',	'2021-11-19 05:53:11',	'2021-11-19 05:53:11'),
(132,	'SOS',	'Somalia Shilling',	'S',	'&#83;',	0,	2,	'.',	',',	'2021-11-19 05:53:11',	'2021-11-19 05:53:11'),
(133,	'SPL',	'Seborga Luigino',	NULL,	NULL,	0,	2,	'.',	',',	'2021-11-19 05:53:11',	'2021-11-19 05:53:11'),
(134,	'SRD',	'Suriname Dollar',	'$',	'&#36;',	1,	2,	'.',	',',	'2021-11-19 05:53:11',	'2021-11-19 05:53:11'),
(135,	'SSP',	'South Sudanese Pound',	'£',	'&#xA3;',	0,	2,	'.',	',',	'2021-11-19 05:53:11',	'2021-11-19 05:53:11'),
(136,	'STD',	'São Tomé and Príncipe Dobra',	'Db',	'&#68;&#98;',	0,	0,	'.',	',',	'2021-11-19 05:53:11',	'2021-11-19 05:53:11'),
(137,	'SVC',	'El Salvador Colon',	'$',	'&#36;',	0,	2,	'.',	',',	'2021-11-19 05:53:11',	'2021-11-19 05:53:11'),
(138,	'SYP',	'Syria Pound',	'£',	'&#163;',	0,	2,	'.',	',',	'2021-11-19 05:53:11',	'2021-11-19 05:53:11'),
(139,	'SZL',	'Swaziland Lilangeni',	'E',	'&#76;',	1,	2,	'.',	',',	'2021-11-19 05:53:11',	'2021-11-19 05:53:11'),
(140,	'THB',	'Thailand Baht',	'฿',	'&#3647;',	0,	2,	'.',	',',	'2021-11-19 05:53:11',	'2021-11-19 05:53:11'),
(141,	'TJS',	'Tajikistan Somoni',	NULL,	'&#84;&#74;&#83;',	0,	2,	'.',	',',	'2021-11-19 05:53:11',	'2021-11-19 05:53:11'),
(142,	'TMT',	'Turkmenistan Manat',	NULL,	'&#109;',	0,	2,	'.',	',',	'2021-11-19 05:53:11',	'2021-11-19 05:53:11'),
(143,	'TND',	'Tunisia Dinar',	'DT',	'&#1583;.&#1578;',	1,	3,	'.',	',',	'2021-11-19 05:53:11',	'2021-11-19 05:53:11'),
(144,	'TOP',	'Tonga Pa\'anga',	NULL,	'&#84;&#36;',	0,	2,	'.',	',',	'2021-11-19 05:53:11',	'2021-11-19 05:53:11'),
(145,	'TRL',	'Turkey Lira',	'₤',	NULL,	1,	2,	'.',	',',	'2021-11-19 05:53:11',	'2021-11-19 05:53:11'),
(146,	'TRY',	'Turkey Lira',	'₺',	'&#x20BA;',	1,	2,	'.',	',',	'2021-11-19 05:53:11',	'2021-11-19 05:53:11'),
(147,	'TTD',	'Trinidad and Tobago Dollar',	'TT$',	'&#36;',	1,	2,	'.',	',',	'2021-11-19 05:53:11',	'2021-11-19 05:53:11'),
(148,	'TVD',	'Tuvalu Dollar',	'$',	NULL,	1,	2,	'.',	',',	'2021-11-19 05:53:11',	'2021-11-19 05:53:11'),
(149,	'TWD',	'Taiwan New Dollar',	'NT$',	'&#78;&#84;&#36;',	1,	2,	'.',	',',	'2021-11-19 05:53:11',	'2021-11-19 05:53:11'),
(150,	'TZS',	'Tanzania Shilling',	'TSh',	'&#x54;&#x53;&#x68;',	0,	2,	'.',	',',	'2021-11-19 05:53:11',	'2021-11-19 05:53:11'),
(151,	'UAH',	'Ukraine Hryvnia',	'₴',	'&#8372;',	0,	2,	'.',	',',	'2021-11-19 05:53:11',	'2021-11-19 05:53:11'),
(152,	'UGX',	'Uganda Shilling',	'USh',	'&#85;&#83;&#104;',	0,	2,	'.',	',',	'2021-11-19 05:53:11',	'2021-11-19 05:53:11'),
(153,	'USD',	'United States Dollar',	'$',	'&#36;',	1,	2,	'.',	',',	'2021-11-19 05:53:11',	'2021-11-19 05:53:11'),
(154,	'UYU',	'Uruguay Peso',	'$U',	'&#36;&#85;',	0,	2,	'.',	',',	'2021-11-19 05:53:11',	'2021-11-19 05:53:11'),
(155,	'UZS',	'Uzbekistan Som',	'лв',	'&#1083;&#1074;',	0,	2,	'.',	',',	'2021-11-19 05:53:11',	'2021-11-19 05:53:11'),
(156,	'VEF',	'Venezuela Bolivar',	'Bs',	'&#66;&#115;',	0,	2,	'.',	',',	'2021-11-19 05:53:11',	'2021-11-19 05:53:11'),
(157,	'VND',	'Viet Nam Dong',	'₫',	'&#8363;',	1,	0,	'.',	',',	'2021-11-19 05:53:11',	'2021-11-19 05:53:11'),
(158,	'VUV',	'Vanuatu Vatu',	NULL,	'&#86;&#84;',	0,	0,	'.',	',',	'2021-11-19 05:53:11',	'2021-11-19 05:53:11'),
(159,	'WST',	'Samoa Tala',	NULL,	'&#87;&#83;&#36;',	0,	2,	'.',	',',	'2021-11-19 05:53:11',	'2021-11-19 05:53:11'),
(160,	'XAF',	'Communauté Financière Africaine (BEAC) CFA Franc B',	'F',	'&#70;&#67;&#70;&#65;',	0,	0,	'.',	',',	'2021-11-19 05:53:11',	'2021-11-19 05:53:11'),
(161,	'XCD',	'East Caribbean Dollar',	'$',	'&#36;',	1,	2,	'.',	',',	'2021-11-19 05:53:11',	'2021-11-19 05:53:11'),
(162,	'XDR',	'International Monetary Fund (IMF) Special Drawing ',	NULL,	'',	0,	2,	'.',	',',	'2021-11-19 05:53:11',	'2021-11-19 05:53:11'),
(163,	'XOF',	'Communauté Financière Africaine (BCEAO) Franc',	'F',	'&#70;&#67;&#70;&#65;',	0,	0,	'.',	',',	'2021-11-19 05:53:11',	'2021-11-19 05:53:11'),
(164,	'XPF',	'Comptoirs Français du Pacifique (CFP) Franc',	'F',	'&#70;',	0,	0,	'.',	',',	'2021-11-19 05:53:11',	'2021-11-19 05:53:11'),
(165,	'YER',	'Yemen Rial',	'﷼',	'&#65020;',	0,	2,	'.',	',',	'2021-11-19 05:53:11',	'2021-11-19 05:53:11'),
(166,	'ZAR',	'South Africa Rand',	'R',	'&#82;',	1,	2,	'.',	',',	'2021-11-19 05:53:11',	'2021-11-19 05:53:11'),
(167,	'ZMW',	'Zambia Kwacha',	'ZK',	NULL,	0,	2,	'.',	',',	'2021-11-19 05:53:11',	'2021-11-19 05:53:11'),
(168,	'ZWD',	'Zimbabwe Dollar',	'Z$',	NULL,	1,	2,	'.',	',',	'2021-11-19 05:53:11',	'2021-11-19 05:53:11'),
(169,	'ZWL',	'Zimbabwe Dollar',	'Z$',	NULL,	1,	2,	'.',	',',	'2021-11-19 05:53:11',	'2021-11-19 05:53:11'),
(170,	'XBT',	'Bitcoin',	'฿',	'฿',	1,	2,	'.',	',',	'2021-11-19 05:53:11',	'2021-11-19 05:53:11');

DROP TABLE IF EXISTS `enroll_course`;
CREATE TABLE `enroll_course` (
  `id` int unsigned NOT NULL AUTO_INCREMENT,
  `user_id` bigint unsigned DEFAULT NULL,
  `course_id` bigint unsigned DEFAULT NULL,
  `coach_id` bigint unsigned DEFAULT NULL,
  `created_at` timestamp NULL DEFAULT NULL,
  `updated_at` timestamp NULL DEFAULT NULL,
  `deleted_at` timestamp NULL DEFAULT NULL,
  PRIMARY KEY (`id`)
) ENGINE=InnoDB DEFAULT CHARSET=utf8mb4 COLLATE=utf8mb4_unicode_ci;

INSERT INTO `enroll_course` (`id`, `user_id`, `course_id`, `coach_id`, `created_at`, `updated_at`, `deleted_at`) VALUES
(1,	20,	107,	19,	'0000-00-00 00:00:00',	NULL,	NULL),
(2,	24,	109,	24,	'0000-00-00 00:00:00',	NULL,	NULL),
(3,	28,	110,	28,	'0000-00-00 00:00:00',	NULL,	NULL),
(4,	28,	110,	28,	'0000-00-00 00:00:00',	NULL,	NULL),
(5,	25,	110,	28,	'0000-00-00 00:00:00',	NULL,	NULL),
(6,	25,	108,	18,	'0000-00-00 00:00:00',	NULL,	NULL),
(7,	20,	11,	5,	'0000-00-00 00:00:00',	NULL,	NULL),
(8,	20,	109,	24,	'0000-00-00 00:00:00',	NULL,	NULL),
(9,	26,	110,	28,	'0000-00-00 00:00:00',	NULL,	NULL),
(10,	33,	110,	28,	'0000-00-00 00:00:00',	NULL,	NULL),
(11,	33,	110,	28,	'0000-00-00 00:00:00',	NULL,	NULL),
(12,	41,	111,	41,	'0000-00-00 00:00:00',	NULL,	NULL),
(13,	42,	110,	28,	'0000-00-00 00:00:00',	NULL,	NULL),
(14,	41,	111,	41,	'0000-00-00 00:00:00',	NULL,	NULL),
(15,	41,	111,	41,	'0000-00-00 00:00:00',	NULL,	NULL),
(16,	33,	116,	57,	'0000-00-00 00:00:00',	NULL,	NULL),
(17,	55,	116,	57,	'0000-00-00 00:00:00',	NULL,	NULL),
(18,	55,	117,	57,	'0000-00-00 00:00:00',	NULL,	NULL),
(19,	55,	110,	28,	'0000-00-00 00:00:00',	NULL,	NULL),
(20,	55,	118,	52,	'0000-00-00 00:00:00',	NULL,	NULL),
(21,	55,	115,	57,	'0000-00-00 00:00:00',	NULL,	NULL),
(22,	55,	118,	52,	'0000-00-00 00:00:00',	NULL,	NULL);

DROP TABLE IF EXISTS `fields`;
CREATE TABLE `fields` (
  `id` int unsigned NOT NULL AUTO_INCREMENT,
  `belongs_to` enum('posts','users') CHARACTER SET utf8mb4 COLLATE utf8mb4_unicode_ci NOT NULL,
  `name` text CHARACTER SET utf8mb4 COLLATE utf8mb4_unicode_ci,
  `type` varchar(50) CHARACTER SET utf8mb4 COLLATE utf8mb4_unicode_ci NOT NULL DEFAULT 'text',
  `max` int unsigned DEFAULT '255',
  `default_value` text CHARACTER SET utf8mb4 COLLATE utf8mb4_unicode_ci,
  `required` tinyint unsigned DEFAULT NULL,
  `use_as_filter` tinyint(1) DEFAULT '0',
  `help` text CHARACTER SET utf8mb4 COLLATE utf8mb4_unicode_ci,
  `active` tinyint unsigned DEFAULT NULL,
  PRIMARY KEY (`id`),
  KEY `fields_belongs_to_index` (`belongs_to`)
) ENGINE=InnoDB DEFAULT CHARSET=utf8mb4 COLLATE=utf8mb4_unicode_ci;

INSERT INTO `fields` (`id`, `belongs_to`, `name`, `type`, `max`, `default_value`, `required`, `use_as_filter`, `help`, `active`) VALUES
(1,	'posts',	'{\"en\":\"Car Brand\"}',	'select',	NULL,	NULL,	1,	1,	NULL,	1),
(2,	'posts',	'{\"en\":\"Car Model\"}',	'text',	NULL,	NULL,	0,	0,	NULL,	1),
(3,	'posts',	'{\"en\":\"Year of registration\"}',	'number',	NULL,	NULL,	0,	0,	NULL,	1),
(4,	'posts',	'{\"en\":\"Mileage\"}',	'text',	NULL,	NULL,	0,	0,	NULL,	1),
(5,	'posts',	'{\"en\":\"Fuel Type\"}',	'select',	NULL,	NULL,	0,	1,	NULL,	1),
(6,	'posts',	'{\"en\":\"Features\"}',	'checkbox_multiple',	NULL,	NULL,	0,	1,	NULL,	1),
(7,	'posts',	'{\"en\":\"Transmission\"}',	'radio',	NULL,	NULL,	0,	1,	NULL,	1),
(8,	'posts',	'{\"en\":\"Condition\"}',	'select',	NULL,	NULL,	0,	1,	NULL,	1),
(9,	'posts',	'{\"en\":\"Size\"}',	'number',	50,	NULL,	1,	1,	NULL,	1),
(10,	'posts',	'{\"en\":\"Rooms\"}',	'select',	NULL,	NULL,	1,	1,	NULL,	1),
(11,	'posts',	'{\"en\":\"Building Type\"}',	'select',	NULL,	NULL,	0,	1,	NULL,	1),
(12,	'posts',	'{\"en\":\"Parking\"}',	'checkbox',	NULL,	NULL,	0,	1,	NULL,	1),
(13,	'posts',	'{\"en\":\"Furnished\"}',	'radio',	NULL,	NULL,	0,	1,	NULL,	1),
(14,	'posts',	'{\"en\":\"Mobile Brand\"}',	'select',	NULL,	NULL,	0,	1,	NULL,	1),
(15,	'posts',	'{\"en\":\"Mobile Model\"}',	'text',	NULL,	NULL,	0,	0,	NULL,	1),
(16,	'posts',	'{\"en\":\"Electronic Brand\"}',	'select',	NULL,	NULL,	0,	1,	NULL,	1),
(17,	'posts',	'{\"en\":\"Model\"}',	'text',	NULL,	NULL,	0,	0,	NULL,	1),
(18,	'posts',	'{\"en\":\"Start Date\"}',	'date',	50,	NULL,	0,	1,	NULL,	1),
(19,	'posts',	'{\"en\":\"Company\"}',	'text',	100,	NULL,	1,	0,	NULL,	1),
(20,	'posts',	'{\"en\":\"Work Type\"}',	'select',	NULL,	NULL,	1,	1,	NULL,	1),
(21,	'posts',	'{\"en\":\"Start date\"}',	'date',	50,	NULL,	1,	1,	NULL,	1),
(22,	'posts',	'{\"en\":\"End date\"}',	'date',	50,	NULL,	1,	1,	NULL,	1),
(23,	'posts',	'{\"en\":\"Event Address\"}',	'text',	200,	NULL,	1,	0,	NULL,	1),
(24,	'posts',	'{\"en\":\"Website\"}',	'url',	100,	NULL,	0,	0,	NULL,	1),
(25,	'posts',	'{\"en\":\"Video\"}',	'video',	100,	NULL,	0,	0,	NULL,	1),
(26,	'posts',	'{\"en\":\"Date Range\"}',	'date_range',	100,	NULL,	0,	1,	NULL,	1);

DROP TABLE IF EXISTS `fields_options`;
CREATE TABLE `fields_options` (
  `id` int unsigned NOT NULL AUTO_INCREMENT,
  `field_id` int unsigned DEFAULT NULL,
  `value` mediumtext CHARACTER SET utf8mb4 COLLATE utf8mb4_unicode_ci,
  `parent_id` int unsigned DEFAULT NULL,
  `lft` int unsigned DEFAULT NULL,
  `rgt` int unsigned DEFAULT NULL,
  `depth` int unsigned DEFAULT NULL,
  PRIMARY KEY (`id`),
  KEY `fields_options_field_id_index` (`field_id`)
) ENGINE=InnoDB DEFAULT CHARSET=utf8mb4 COLLATE=utf8mb4_unicode_ci;

INSERT INTO `fields_options` (`id`, `field_id`, `value`, `parent_id`, `lft`, `rgt`, `depth`) VALUES
(1,	1,	'{\"en\":\"Toyota\"}',	NULL,	1,	2,	NULL),
(2,	1,	'{\"en\":\"BMW\"}',	NULL,	3,	4,	NULL),
(3,	1,	'{\"en\":\"Mercedes\"}',	NULL,	5,	6,	NULL),
(4,	1,	'{\"en\":\"Chevrolet\"}',	NULL,	7,	8,	NULL),
(5,	1,	'{\"en\":\"Cadillac\"}',	NULL,	9,	10,	NULL),
(6,	1,	'{\"en\":\"Buick\"}',	NULL,	11,	12,	NULL),
(7,	1,	'{\"en\":\"GMC\"}',	NULL,	13,	14,	NULL),
(8,	1,	'{\"en\":\"Ford\"}',	NULL,	15,	16,	NULL),
(9,	1,	'{\"en\":\"Chrysler\"}',	NULL,	17,	18,	NULL),
(10,	1,	'{\"en\":\"Dodge\"}',	NULL,	19,	20,	NULL),
(11,	1,	'{\"en\":\"Jeep\"}',	NULL,	21,	22,	NULL),
(12,	1,	'{\"en\":\"Tesla\"}',	NULL,	23,	24,	NULL),
(13,	1,	'{\"en\":\"Lexus\"}',	NULL,	25,	26,	NULL),
(14,	1,	'{\"en\":\"Suzuki\"}',	NULL,	27,	28,	NULL),
(15,	1,	'{\"en\":\"Mazda\"}',	NULL,	29,	30,	NULL),
(16,	1,	'{\"en\":\"Honda\"}',	NULL,	31,	32,	NULL),
(17,	1,	'{\"en\":\"Acura\"}',	NULL,	33,	34,	NULL),
(18,	1,	'{\"en\":\"Mitsubishi\"}',	NULL,	35,	36,	NULL),
(19,	1,	'{\"en\":\"Nissan\"}',	NULL,	37,	38,	NULL),
(20,	1,	'{\"en\":\"Infiniti\"}',	NULL,	39,	40,	NULL),
(21,	1,	'{\"en\":\"Audi\"}',	NULL,	41,	42,	NULL),
(22,	1,	'{\"en\":\"Volkswagen\"}',	NULL,	43,	44,	NULL),
(23,	1,	'{\"en\":\"Porsche\"}',	NULL,	45,	46,	NULL),
(24,	1,	'{\"en\":\"Opel\"}',	NULL,	47,	48,	NULL),
(25,	1,	'{\"en\":\"Jaguar\"}',	NULL,	49,	50,	NULL),
(26,	1,	'{\"en\":\"Land Rover\"}',	NULL,	51,	52,	NULL),
(27,	1,	'{\"en\":\"Mini\"}',	NULL,	53,	54,	NULL),
(28,	1,	'{\"en\":\"Aston Martin\"}',	NULL,	55,	56,	NULL),
(29,	1,	'{\"en\":\"Bentley\"}',	NULL,	57,	58,	NULL),
(30,	1,	'{\"en\":\"Rolls Royce\"}',	NULL,	59,	60,	NULL),
(31,	1,	'{\"en\":\"McLaren\"}',	NULL,	61,	62,	NULL),
(32,	1,	'{\"en\":\"Fiat\"}',	NULL,	63,	64,	NULL),
(33,	1,	'{\"en\":\"Alfa Romeo\"}',	NULL,	65,	66,	NULL),
(34,	1,	'{\"en\":\"Maserati\"}',	NULL,	67,	68,	NULL),
(35,	1,	'{\"en\":\"Ferrari\"}',	NULL,	69,	70,	NULL),
(36,	1,	'{\"en\":\"Lamborghini\"}',	NULL,	71,	72,	NULL),
(37,	1,	'{\"en\":\"Pagani\"}',	NULL,	73,	74,	NULL),
(38,	1,	'{\"en\":\"Lancia\"}',	NULL,	75,	76,	NULL),
(39,	1,	'{\"en\":\"Renault\"}',	NULL,	77,	78,	NULL),
(40,	1,	'{\"en\":\"Peugeot\"}',	NULL,	79,	80,	NULL),
(41,	1,	'{\"en\":\"Citroen\"}',	NULL,	81,	82,	NULL),
(42,	1,	'{\"en\":\"Bugatti\"}',	NULL,	83,	84,	NULL),
(43,	1,	'{\"en\":\"Tata\"}',	NULL,	85,	86,	NULL),
(44,	1,	'{\"en\":\"Hyundai\"}',	NULL,	87,	88,	NULL),
(45,	1,	'{\"en\":\"Kia\"}',	NULL,	89,	90,	NULL),
(46,	1,	'{\"en\":\"Daewoo\"}',	NULL,	91,	92,	NULL),
(47,	1,	'{\"en\":\"Volvo\"}',	NULL,	93,	94,	NULL),
(48,	1,	'{\"en\":\"Saab\"}',	NULL,	95,	96,	NULL),
(49,	1,	'{\"en\":\"Lada\"}',	NULL,	97,	98,	NULL),
(50,	1,	'{\"en\":\"Volga\"}',	NULL,	99,	100,	NULL),
(51,	1,	'{\"en\":\"Zil\"}',	NULL,	101,	102,	NULL),
(52,	1,	'{\"en\":\"GAZ\"}',	NULL,	103,	104,	NULL),
(53,	1,	'{\"en\":\"Geely\"}',	NULL,	105,	106,	NULL),
(54,	1,	'{\"en\":\"Chery\"}',	NULL,	107,	108,	NULL),
(55,	1,	'{\"en\":\"Hongqi\"}',	NULL,	109,	110,	NULL),
(56,	1,	'{\"en\":\"Other\"}',	NULL,	111,	112,	NULL),
(57,	5,	'{\"en\":\"Essence\"}',	NULL,	113,	114,	NULL),
(58,	5,	'{\"en\":\"Diesel\"}',	NULL,	115,	116,	NULL),
(59,	6,	'{\"en\":\"Air Conditioner\"}',	NULL,	117,	118,	NULL),
(60,	6,	'{\"en\":\"GPS\"}',	NULL,	119,	120,	NULL),
(61,	6,	'{\"en\":\"Security System\"}',	NULL,	121,	122,	NULL),
(62,	6,	'{\"en\":\"Spare Tire\"}',	NULL,	123,	124,	NULL),
(63,	7,	'{\"en\":\"Automatic\"}',	NULL,	125,	126,	NULL),
(64,	7,	'{\"en\":\"Manual\"}',	NULL,	127,	128,	NULL),
(65,	8,	'{\"en\":\"New\"}',	NULL,	129,	130,	NULL),
(66,	8,	'{\"en\":\"Used\"}',	NULL,	131,	132,	NULL),
(67,	10,	'{\"en\":\"0\"}',	NULL,	133,	134,	1),
(68,	10,	'{\"en\":\"1\"}',	NULL,	135,	136,	1),
(69,	10,	'{\"en\":\"2\"}',	NULL,	137,	138,	1),
(70,	10,	'{\"en\":\"3\"}',	NULL,	139,	140,	1),
(71,	10,	'{\"en\":\"4\"}',	NULL,	141,	142,	1),
(72,	10,	'{\"en\":\"5\"}',	NULL,	143,	144,	1),
(73,	10,	'{\"en\":\"6\"}',	NULL,	145,	146,	1),
(74,	10,	'{\"en\":\"7\"}',	NULL,	147,	148,	1),
(75,	10,	'{\"en\":\"8\"}',	NULL,	149,	150,	1),
(76,	10,	'{\"en\":\"9\"}',	NULL,	151,	152,	1),
(77,	10,	'{\"en\":\"10\"}',	NULL,	153,	154,	1),
(78,	10,	'{\"en\":\"> 10\"}',	NULL,	155,	156,	1),
(79,	11,	'{\"en\":\"Apartment\"}',	NULL,	157,	158,	NULL),
(80,	11,	'{\"en\":\"House\"}',	NULL,	159,	160,	NULL),
(81,	11,	'{\"en\":\"Office\"}',	NULL,	161,	162,	NULL),
(82,	11,	'{\"en\":\"Store\"}',	NULL,	163,	164,	NULL),
(83,	11,	'{\"en\":\"Plot of land\"}',	NULL,	165,	166,	NULL),
(84,	13,	'{\"en\":\"Yes\"}',	NULL,	167,	168,	NULL),
(85,	13,	'{\"en\":\"No\"}',	NULL,	169,	170,	NULL),
(86,	14,	'{\"en\":\"Huawei\"}',	NULL,	171,	172,	NULL),
(87,	14,	'{\"en\":\"Sony\"}',	NULL,	173,	174,	NULL),
(88,	14,	'{\"en\":\"LG\"}',	NULL,	175,	176,	NULL),
(89,	14,	'{\"en\":\"Samsung\"}',	NULL,	177,	178,	NULL),
(90,	14,	'{\"en\":\"Nokia\"}',	NULL,	179,	180,	NULL),
(91,	14,	'{\"en\":\"Alcatel-Lucent\"}',	NULL,	181,	182,	NULL),
(92,	14,	'{\"en\":\"Siemens\"}',	NULL,	183,	184,	NULL),
(93,	14,	'{\"en\":\"BlackBerry\"}',	NULL,	185,	186,	NULL),
(94,	14,	'{\"en\":\"Apple\"}',	NULL,	187,	188,	NULL),
(95,	14,	'{\"en\":\"Google\"}',	NULL,	189,	190,	NULL),
(96,	14,	'{\"en\":\"Microsoft\"}',	NULL,	191,	192,	NULL),
(97,	14,	'{\"en\":\"Motorola\"}',	NULL,	193,	194,	NULL),
(98,	14,	'{\"en\":\"Other\"}',	NULL,	195,	196,	NULL),
(99,	16,	'{\"en\":\"Huawei\"}',	NULL,	197,	198,	NULL),
(100,	16,	'{\"en\":\"Lenovo\"}',	NULL,	199,	200,	NULL),
(101,	16,	'{\"en\":\"TP-Link\"}',	NULL,	201,	202,	NULL),
(102,	16,	'{\"en\":\"Xiaomi\"}',	NULL,	203,	204,	NULL),
(103,	16,	'{\"en\":\"Canon\"}',	NULL,	205,	206,	NULL),
(104,	16,	'{\"en\":\"Casio\"}',	NULL,	207,	208,	NULL),
(105,	16,	'{\"en\":\"Epson\"}',	NULL,	209,	210,	NULL),
(106,	16,	'{\"en\":\"Fuji\"}',	NULL,	211,	212,	NULL),
(107,	16,	'{\"en\":\"Funai\"}',	NULL,	213,	214,	NULL),
(108,	16,	'{\"en\":\"JVC\"}',	NULL,	215,	216,	NULL),
(109,	16,	'{\"en\":\"Nikon\"}',	NULL,	217,	218,	NULL),
(110,	16,	'{\"en\":\"Nintendo\"}',	NULL,	219,	220,	NULL),
(111,	16,	'{\"en\":\"Olympus\"}',	NULL,	221,	222,	NULL),
(112,	16,	'{\"en\":\"Panasonic\"}',	NULL,	223,	224,	NULL),
(113,	16,	'{\"en\":\"Pentax\"}',	NULL,	225,	226,	NULL),
(114,	16,	'{\"en\":\"Pioneer\"}',	NULL,	227,	228,	NULL),
(115,	16,	'{\"en\":\"Sega\"}',	NULL,	229,	230,	NULL),
(116,	16,	'{\"en\":\"Sharp\"}',	NULL,	231,	232,	NULL),
(117,	16,	'{\"en\":\"Sony\"}',	NULL,	233,	234,	NULL),
(118,	16,	'{\"en\":\"Toshiba\"}',	NULL,	235,	236,	NULL),
(119,	16,	'{\"en\":\"Daewoo\"}',	NULL,	237,	238,	NULL),
(120,	16,	'{\"en\":\"LG\"}',	NULL,	239,	240,	NULL),
(121,	16,	'{\"en\":\"Samsung\"}',	NULL,	241,	242,	NULL),
(122,	16,	'{\"en\":\"Acer\"}',	NULL,	243,	244,	NULL),
(123,	16,	'{\"en\":\"Asus\"}',	NULL,	245,	246,	NULL),
(124,	16,	'{\"en\":\"D-Link\"}',	NULL,	247,	248,	NULL),
(125,	16,	'{\"en\":\"Gigabyte\"}',	NULL,	249,	250,	NULL),
(126,	16,	'{\"en\":\"Beko\"}',	NULL,	251,	252,	NULL),
(127,	16,	'{\"en\":\"Nokia\"}',	NULL,	253,	254,	NULL),
(128,	16,	'{\"en\":\"Alcatel-Lucent\"}',	NULL,	255,	256,	NULL),
(129,	16,	'{\"en\":\"Bosch\"}',	NULL,	257,	258,	NULL),
(130,	16,	'{\"en\":\"Siemens\"}',	NULL,	259,	260,	NULL),
(131,	16,	'{\"en\":\"Sennheiser\"}',	NULL,	261,	262,	NULL),
(132,	16,	'{\"en\":\"Telefunken\"}',	NULL,	263,	264,	NULL),
(133,	16,	'{\"en\":\"Philips\"}',	NULL,	265,	266,	NULL),
(134,	16,	'{\"en\":\"Electrolux\"}',	NULL,	267,	268,	NULL),
(135,	16,	'{\"en\":\"Russell Hobbs\"}',	NULL,	269,	270,	NULL),
(136,	16,	'{\"en\":\"BlackBerry\"}',	NULL,	271,	272,	NULL),
(137,	16,	'{\"en\":\"Thomson\"}',	NULL,	273,	274,	NULL),
(138,	16,	'{\"en\":\"Amazon\"}',	NULL,	275,	276,	NULL),
(139,	16,	'{\"en\":\"Apple\"}',	NULL,	277,	278,	NULL),
(140,	16,	'{\"en\":\"Bose\"}',	NULL,	279,	280,	NULL),
(141,	16,	'{\"en\":\"Cisco Systems\"}',	NULL,	281,	282,	NULL),
(142,	16,	'{\"en\":\"Dell\"}',	NULL,	283,	284,	NULL),
(143,	16,	'{\"en\":\"Gateway\"}',	NULL,	285,	286,	NULL),
(144,	16,	'{\"en\":\"Google\"}',	NULL,	287,	288,	NULL),
(145,	16,	'{\"en\":\"Hewlett-Packard\"}',	NULL,	289,	290,	NULL),
(146,	16,	'{\"en\":\"IBM\"}',	NULL,	291,	292,	NULL),
(147,	16,	'{\"en\":\"Intel\"}',	NULL,	293,	294,	NULL),
(148,	16,	'{\"en\":\"Microsoft\"}',	NULL,	295,	296,	NULL),
(149,	16,	'{\"en\":\"Motorola\"}',	NULL,	297,	298,	NULL),
(150,	16,	'{\"en\":\"NVIDIA\"}',	NULL,	299,	300,	NULL),
(151,	16,	'{\"en\":\"Packard Bell\"}',	NULL,	301,	302,	NULL),
(152,	16,	'{\"en\":\"Qualcomm\"}',	NULL,	303,	304,	NULL),
(153,	16,	'{\"en\":\"Seagate\"}',	NULL,	305,	306,	NULL),
(154,	16,	'{\"en\":\"Sun Microsystems\"}',	NULL,	307,	308,	NULL),
(155,	16,	'{\"en\":\"Vizio\"}',	NULL,	309,	310,	NULL),
(156,	16,	'{\"en\":\"Western Digital\"}',	NULL,	311,	312,	NULL),
(157,	16,	'{\"en\":\"Xerox\"}',	NULL,	313,	314,	NULL),
(158,	16,	'{\"en\":\"Other\"}',	NULL,	315,	316,	NULL),
(159,	20,	'{\"en\":\"Full-time\"}',	NULL,	317,	318,	NULL),
(160,	20,	'{\"en\":\"Part-time\"}',	NULL,	319,	320,	NULL),
(161,	20,	'{\"en\":\"Temporary\"}',	NULL,	321,	322,	NULL),
(162,	20,	'{\"en\":\"Internship\"}',	NULL,	323,	324,	NULL),
(163,	20,	'{\"en\":\"Permanent\"}',	NULL,	325,	326,	NULL);

DROP TABLE IF EXISTS `gender`;
CREATE TABLE `gender` (
  `id` int unsigned NOT NULL AUTO_INCREMENT,
  `name` text CHARACTER SET utf8mb4 COLLATE utf8mb4_unicode_ci NOT NULL,
  PRIMARY KEY (`id`)
) ENGINE=InnoDB DEFAULT CHARSET=utf8mb4 COLLATE=utf8mb4_unicode_ci;

INSERT INTO `gender` (`id`, `name`) VALUES
(1,	'{\"en\":\"Male\",\"fr\":\"Monsieur\",\"es\":\"Señor\",\"ar\":\"السيد\",\"pt\":\"Sr\",\"ru\":\"Мистер\",\"tr\":\"Bay\",\"th\":\"นาย\",\"ka\":\"ბატონი\",\"zh\":\"先生\",\"ja\":\"氏\",\"it\":\"Sig.\",\"ro\":\"Dl.\",\"de\":\"Herr\"}'),
(2,	'{\"en\":\"Female\",\"fr\":\"Madame\",\"es\":\"Señora\",\"ar\":\"السيدة\",\"pt\":\"Sra\",\"ru\":\"Г-жа\",\"tr\":\"Bayan\",\"th\":\"นาง\",\"ka\":\"ქალბატონი\",\"zh\":\"太太\",\"ja\":\"夫人\",\"it\":\"Sig.ra\",\"ro\":\"D-na.\",\"de\":\"Herrin\"}');

DROP TABLE IF EXISTS `home_sections`;
CREATE TABLE `home_sections` (
  `id` int unsigned NOT NULL AUTO_INCREMENT,
  `method` varchar(100) CHARACTER SET utf8mb4 COLLATE utf8mb4_unicode_ci NOT NULL,
  `name` varchar(100) CHARACTER SET utf8mb4 COLLATE utf8mb4_unicode_ci NOT NULL,
  `value` mediumtext CHARACTER SET utf8mb4 COLLATE utf8mb4_unicode_ci,
  `view` varchar(200) CHARACTER SET utf8mb4 COLLATE utf8mb4_unicode_ci NOT NULL,
  `field` mediumtext CHARACTER SET utf8mb4 COLLATE utf8mb4_unicode_ci,
  `parent_id` int unsigned DEFAULT NULL,
  `lft` int unsigned DEFAULT NULL,
  `rgt` int unsigned DEFAULT NULL,
  `depth` int unsigned DEFAULT NULL,
  `active` tinyint unsigned DEFAULT '0',
  PRIMARY KEY (`id`),
  UNIQUE KEY `home_sections_method_unique` (`method`),
  KEY `home_sections_active_index` (`active`)
) ENGINE=InnoDB DEFAULT CHARSET=utf8mb4 COLLATE=utf8mb4_unicode_ci;

INSERT INTO `home_sections` (`id`, `method`, `name`, `value`, `view`, `field`, `parent_id`, `lft`, `rgt`, `depth`, `active`) VALUES
(1,	'getSearchForm',	'Search Form Area',	NULL,	'home.inc.search',	NULL,	NULL,	0,	1,	1,	1),
(2,	'getLocations',	'Locations & Country Map',	NULL,	'home.inc.locations',	NULL,	NULL,	2,	3,	1,	1),
(3,	'getSponsoredPosts',	'Sponsored Ads',	NULL,	'home.inc.featured',	NULL,	NULL,	4,	5,	1,	1),
(4,	'getCategories',	'Categories',	NULL,	'home.inc.categories',	NULL,	NULL,	6,	7,	1,	1),
(5,	'getLatestPosts',	'Latest Ads',	NULL,	'home.inc.latest',	NULL,	NULL,	8,	9,	1,	1),
(6,	'getStats',	'Mini Stats',	NULL,	'home.inc.stats',	NULL,	NULL,	10,	11,	1,	1),
(7,	'getTextArea',	'Text Area',	NULL,	'home.inc.text-area',	NULL,	NULL,	12,	13,	1,	0),
(8,	'getTopAdvertising',	'Advertising #1',	NULL,	'layouts.inc.advertising.top',	NULL,	NULL,	14,	15,	1,	0),
(9,	'getBottomAdvertising',	'Advertising #2',	NULL,	'layouts.inc.advertising.bottom',	NULL,	NULL,	16,	17,	1,	0);

DROP TABLE IF EXISTS `languages`;
CREATE TABLE `languages` (
  `id` int unsigned NOT NULL AUTO_INCREMENT,
  `abbr` varchar(10) CHARACTER SET utf8mb4 COLLATE utf8mb4_unicode_ci NOT NULL,
  `locale` varchar(20) CHARACTER SET utf8mb4 COLLATE utf8mb4_unicode_ci DEFAULT NULL,
  `name` varchar(100) CHARACTER SET utf8mb4 COLLATE utf8mb4_unicode_ci NOT NULL,
  `native` varchar(20) CHARACTER SET utf8mb4 COLLATE utf8mb4_unicode_ci DEFAULT NULL,
  `flag` varchar(100) CHARACTER SET utf8mb4 COLLATE utf8mb4_unicode_ci DEFAULT NULL,
  `app_name` varchar(100) CHARACTER SET utf8mb4 COLLATE utf8mb4_unicode_ci DEFAULT NULL,
  `script` varchar(20) CHARACTER SET utf8mb4 COLLATE utf8mb4_unicode_ci DEFAULT NULL,
  `direction` enum('ltr','rtl') CHARACTER SET utf8mb4 COLLATE utf8mb4_unicode_ci DEFAULT 'ltr',
  `russian_pluralization` tinyint unsigned DEFAULT '0',
  `date_format` varchar(100) CHARACTER SET utf8mb4 COLLATE utf8mb4_unicode_ci DEFAULT NULL,
  `datetime_format` varchar(100) CHARACTER SET utf8mb4 COLLATE utf8mb4_unicode_ci DEFAULT NULL,
  `active` tinyint(1) DEFAULT '1',
  `default` tinyint(1) DEFAULT '0',
  `parent_id` int unsigned DEFAULT NULL,
  `lft` int unsigned DEFAULT NULL,
  `rgt` int unsigned DEFAULT NULL,
  `depth` int unsigned DEFAULT NULL,
  `deleted_at` timestamp NULL DEFAULT NULL,
  `created_at` timestamp NULL DEFAULT NULL,
  `updated_at` timestamp NULL DEFAULT NULL,
  PRIMARY KEY (`id`),
  UNIQUE KEY `languages_abbr_unique` (`abbr`),
  KEY `languages_active_index` (`active`),
  KEY `languages_default_index` (`default`)
) ENGINE=InnoDB DEFAULT CHARSET=utf8mb4 COLLATE=utf8mb4_unicode_ci;

INSERT INTO `languages` (`id`, `abbr`, `locale`, `name`, `native`, `flag`, `app_name`, `script`, `direction`, `russian_pluralization`, `date_format`, `datetime_format`, `active`, `default`, `parent_id`, `lft`, `rgt`, `depth`, `deleted_at`, `created_at`, `updated_at`) VALUES
(1,	'en',	'en_US',	'English',	'English',	NULL,	'english',	'Latn',	'ltr',	0,	'MMM Do, YYYY',	'MMM Do, YYYY [at] HH:mm',	1,	1,	NULL,	2,	3,	1,	NULL,	'2021-11-19 05:53:10',	'2021-11-19 05:53:10'),
(2,	'fr',	'fr_FR',	'French',	'Français',	NULL,	'french',	'Latn',	'ltr',	0,	'Do MMM YYYY',	'Do MMM YYYY [à] H[h]mm',	1,	0,	NULL,	4,	5,	1,	NULL,	'2021-11-19 05:53:10',	'2021-11-19 05:53:10'),
(3,	'es',	'es_ES',	'Spanish',	'Español',	'',	'spanish',	'Latn',	'ltr',	0,	'D [de] MMMM [de] YYYY',	'D [de] MMMM [de] YYYY HH:mm',	1,	0,	NULL,	6,	7,	1,	NULL,	'2021-11-19 05:53:10',	'2021-11-19 05:53:10'),
(4,	'ar',	'ar_SA',	'Arabic',	'العربية',	NULL,	'arabic',	'Arab',	'rtl',	0,	'DD/MMMM/YYYY',	'DD/MMMM/YYYY HH:mm',	1,	0,	NULL,	8,	9,	1,	NULL,	'2021-11-19 05:53:10',	'2021-11-19 05:53:10'),
(5,	'pt',	'pt_PT',	'Portuguese',	'Português',	NULL,	'portuguese',	'Latn',	'ltr',	0,	'D [de] MMMM [de] YYYY',	'D [de] MMMM [de] YYYY HH:mm',	1,	0,	NULL,	10,	11,	1,	NULL,	'2021-11-19 05:53:10',	'2021-11-19 05:53:10'),
(6,	'de',	'de_DE',	'German',	'Deutsche',	NULL,	'german',	'Latn',	'ltr',	0,	'dddd, D. MMMM YYYY',	'dddd, D. MMMM YYYY HH:mm',	1,	0,	NULL,	12,	13,	1,	NULL,	'2021-11-19 05:53:10',	'2021-11-19 05:53:10'),
(7,	'it',	'it_IT',	'Italian',	'Italiano',	NULL,	'italian',	'Latn',	'ltr',	0,	'D MMMM YYYY',	'D MMMM YYYY HH:mm',	1,	0,	NULL,	14,	15,	1,	NULL,	'2021-11-19 05:53:10',	'2021-11-19 05:53:10'),
(8,	'tr',	'tr_TR',	'Turkish',	'Türk',	NULL,	'turkish',	'Latn',	'ltr',	0,	'DD MMMM YYYY dddd',	'DD MMMM YYYY dddd HH:mm',	1,	0,	NULL,	16,	17,	1,	NULL,	'2021-11-19 05:53:10',	'2021-11-19 05:53:10'),
(9,	'ru',	'ru_RU',	'Russian',	'русский',	NULL,	'russian',	'Cyrl',	'ltr',	1,	'D MMMM YYYY',	'D MMMM YYYY [ г.] H:mm',	1,	0,	NULL,	18,	19,	1,	NULL,	'2021-11-19 05:53:10',	'2021-11-19 05:53:10'),
(10,	'zh',	'zh_CN',	'Chinese',	'中文',	NULL,	'chinese',	'Hans',	'ltr',	0,	'D MMMM YYYY',	'D MMMM YYYY H:mm',	1,	0,	NULL,	20,	21,	1,	NULL,	'2021-11-19 05:53:10',	'2021-11-19 05:53:10'),
(11,	'ja',	'ja_JP',	'Japanese',	'日本人',	NULL,	'japanese',	'Jpan',	'ltr',	0,	'D MMMM YYYY',	'D MMMM YYYY H:mm',	1,	0,	NULL,	22,	23,	1,	NULL,	'2021-11-19 05:53:10',	'2021-11-19 05:53:10'),
(12,	'th',	'th_TH',	'Thai',	'ไทย',	NULL,	'thai',	'Thai',	'ltr',	0,	'D MMMM YYYY',	'D MMMM YYYY H:mm',	1,	0,	NULL,	24,	25,	1,	NULL,	'2021-11-19 05:53:10',	'2021-11-19 05:53:10'),
(13,	'ro',	'ro_RO',	'Romanian',	'Română',	NULL,	'romanian',	'Latn',	'ltr',	0,	'D MMMM YYYY',	'D MMMM YYYY H:mm',	1,	0,	NULL,	26,	27,	1,	NULL,	'2021-11-19 05:53:10',	'2021-11-19 05:53:10'),
(14,	'ka',	'ka_GE',	'Georgian',	'ქართული',	NULL,	'georgian',	'Geor',	'ltr',	0,	'YYYY [წლის] DD MM',	'YYYY [წლის] DD MMMM, dddd H:mm',	1,	0,	NULL,	28,	29,	1,	NULL,	'2021-11-19 05:53:10',	'2021-11-19 05:53:10');

DROP TABLE IF EXISTS `latest_new`;
CREATE TABLE `latest_new` (
  `id` int unsigned NOT NULL AUTO_INCREMENT,
  `parent_id` int unsigned DEFAULT NULL,
  `type` enum('standard','terms','privacy','tips') CHARACTER SET utf8mb4 COLLATE utf8mb4_unicode_ci NOT NULL,
  `name` text CHARACTER SET utf8mb4 COLLATE utf8mb4_unicode_ci,
  `slug` varchar(150) CHARACTER SET utf8mb4 COLLATE utf8mb4_unicode_ci DEFAULT NULL,
  `title` text CHARACTER SET utf8mb4 COLLATE utf8mb4_unicode_ci,
  `picture` varchar(255) CHARACTER SET utf8mb4 COLLATE utf8mb4_unicode_ci DEFAULT NULL,
  `content` mediumtext CHARACTER SET utf8mb4 COLLATE utf8mb4_unicode_ci,
  `external_link` varchar(255) CHARACTER SET utf8mb4 COLLATE utf8mb4_unicode_ci DEFAULT NULL,
  `name_color` varchar(10) CHARACTER SET utf8mb4 COLLATE utf8mb4_unicode_ci DEFAULT NULL,
  `title_color` varchar(10) CHARACTER SET utf8mb4 COLLATE utf8mb4_unicode_ci DEFAULT NULL,
  `target_blank` tinyint unsigned DEFAULT '0',
  `seo_title` text CHARACTER SET utf8mb4 COLLATE utf8mb4_unicode_ci,
  `seo_description` text CHARACTER SET utf8mb4 COLLATE utf8mb4_unicode_ci,
  `seo_keywords` text CHARACTER SET utf8mb4 COLLATE utf8mb4_unicode_ci,
  `lft` int unsigned DEFAULT NULL,
  `rgt` int unsigned DEFAULT NULL,
  `depth` int unsigned DEFAULT NULL,
  `excluded_from_footer` tinyint unsigned DEFAULT '0',
  `active` tinyint unsigned DEFAULT '1',
  `created_at` timestamp NULL DEFAULT NULL,
  `updated_at` timestamp NULL DEFAULT NULL,
  PRIMARY KEY (`id`),
  KEY `latest_new_slug_index` (`slug`),
  KEY `latest_new_parent_id_index` (`parent_id`),
  KEY `latest_new_active_index` (`active`)
) ENGINE=InnoDB DEFAULT CHARSET=utf8mb4 COLLATE=utf8mb4_unicode_ci;

INSERT INTO `latest_new` (`id`, `parent_id`, `type`, `name`, `slug`, `title`, `picture`, `content`, `external_link`, `name_color`, `title_color`, `target_blank`, `seo_title`, `seo_description`, `seo_keywords`, `lft`, `rgt`, `depth`, `excluded_from_footer`, `active`, `created_at`, `updated_at`) VALUES
(1,	NULL,	'standard',	'{\"en\":\"latest news\"}',	'letest-news',	'{\"en\":\"latest news\"}',	'',	'{\"en\":\"<p>latest newslatest newslatest newslatest newslatest newslatest newslatest newslatest news&nbsp;&nbsp;latest newslatest newslatest newslatest newslatest news latest newslatest newslatest news latest news latest news latest news&nbsp;<\\/p>\"}',	NULL,	NULL,	NULL,	0,	'{\"en\":null}',	'{\"en\":null}',	'{\"en\":null}',	NULL,	NULL,	NULL,	0,	1,	'2022-03-01 07:05:37',	'2022-03-01 07:05:37'),
(2,	NULL,	'standard',	'{\"en\":\"create new strivre\"}',	'create-new-strivre',	'{\"en\":\"create new strivre\"}',	'',	'{\"en\":\"<p>&nbsp;create new strivre create new strivre create new strivre create new strivre create new strivre create new strivre create new strivre create new strivre create new strivrecreate new strivre create new strivre create new strivre<\\/p>\"}',	NULL,	NULL,	NULL,	0,	'{\"en\":null}',	'{\"en\":null}',	'{\"en\":null}',	NULL,	NULL,	NULL,	0,	1,	'2022-03-01 07:07:49',	'2022-03-01 07:08:12'),
(3,	NULL,	'standard',	'{\"en\":\"new coach\"}',	'new-coach',	'{\"en\":\"new coach\"}',	'',	'{\"en\":\"<p><span style=\\\"color: #444444; font-family: arial; font-size: 16px; background-color: #ffffff;\\\">New Sharma Coach Body Builders And Repairs - Service Provider of mini bus body repair service, pikup car body repair service &amp; chhota hathi body repair service in Indore, Madhya Pradesh.<\\/span><\\/p>\\r\\n<p>&nbsp;<\\/p>\\r\\n<p><span style=\\\"color: #444444; font-family: arial; font-size: 16px; background-color: #ffffff;\\\">Vinay Sharma Coach Body Builders And Repairs - Service Provider of mini bus body repair service, pikup car body repair service &amp; chhota hathi body repair service in Indore, Madhya Pradesh.<\\/span><\\/p>\\r\\n<p><span style=\\\"background-color: #ffffff; color: #444444; font-family: arial; font-size: 16px;\\\">Vinay<\\/span><span style=\\\"color: #444444; font-family: arial; font-size: 16px; background-color: #ffffff;\\\">&nbsp;Sharma Coach Body Builders And Repairs - Service Provider of mini bus body repair service, pikup car body repair service &amp; chhota hathi body repair service in Indore, Madhya Pradesh.<\\/span><\\/p>\\r\\n<p><span style=\\\"color: #444444; font-family: arial; font-size: 16px; background-color: #ffffff;\\\">New Sharma Coach Body Builders And Repairs - Service Provider of mini bus body repair service, pikup car body repair service &amp; chhota hathi body repair service in Indore, Madhya Pradesh.<\\/span><\\/p>\\r\\n<p><span style=\\\"color: #444444; font-family: arial; font-size: 16px; background-color: #ffffff;\\\">New Sharma Coach Body Builders And Repairs - Service Provider of mini bus body repair service, pikup car body repair service &amp; chhota hathi body repair service in Indore, Madhya Pradesh.<\\/span><\\/p>\\r\\n<p><span style=\\\"color: #444444; font-family: arial; font-size: 16px; background-color: #ffffff;\\\">New Sharma Coach Body Builders And Repairs - Service Provider of mini bus body repair service, pikup car body repair service &amp; chhota hathi body repair service in Indore, Madhya Pradesh.<\\/span><\\/p>\\r\\n<p><span style=\\\"color: #444444; font-family: arial; font-size: 16px; background-color: #ffffff;\\\">New Sharma Coach Body Builders And Repairs - Service Provider of mini bus body repair service, pikup car body repair service &amp; chhota hathi body repair service in Indore, Madhya Pradesh.<\\/span><\\/p>\"}',	NULL,	'#000000',	NULL,	0,	'{\"en\":null}',	'{\"en\":null}',	'{\"en\":null}',	NULL,	NULL,	NULL,	0,	1,	'2022-03-01 07:10:02',	'2022-03-01 08:13:33'),
(4,	NULL,	'standard',	'{\"en\":\"new strivre coach admin\"}',	'new-strivre-coach-admin',	'{\"en\":\"new strivre coach admin\"}',	'',	'{\"en\":\"<p><span style=\\\"color: #444444; font-family: arial; font-size: 16px; background-color: #ffffff;\\\">vinay Sharma Coach Body Builders And Repairs - Service Provider of mini bus body repair service, pikup car body repair service &amp; chhota hathi body repair service in Indore, Madhya Pradesh.<\\/span><\\/p>\\r\\n<p>&nbsp;<\\/p>\\r\\n<p><span style=\\\"color: #444444; font-family: arial; font-size: 16px; background-color: #ffffff;\\\">vinay Sharma Coach Body Builders And Repairs - Service Provider of mini bus body repair service, pikup car body repair service &amp; chhota hathi body repair service in Indore, Madhya Pradesh.<\\/span><\\/p>\\r\\n<p><span style=\\\"color: #444444; font-family: arial; font-size: 16px; background-color: #ffffff;\\\">vinay Sharma Coach Body Builders And Repairs - Service Provider of mini bus body repair service, pikup car body repair service &amp; chhota hathi body repair service in Indore, Madhya Pradesh.<\\/span><\\/p>\\r\\n<p><span style=\\\"color: #444444; font-family: arial; font-size: 16px; background-color: #ffffff;\\\">vinay Sharma Coach Body Builders And Repairs - Service Provider of mini bus body repair service, pikup car body repair service &amp; chhota hathi body repair service in Indore, Madhya Pradesh.<\\/span><\\/p>\\r\\n<p><span style=\\\"color: #444444; font-family: arial; font-size: 16px; background-color: #ffffff;\\\">vinay Sharma Coach Body Builders And Repairs - Service Provider of mini bus body repair service, pikup car body repair service &amp; chhota hathi body repair service in Indore, Madhya Pradesh.<\\/span><\\/p>\\r\\n<p><span style=\\\"color: #444444; font-family: arial; font-size: 16px; background-color: #ffffff;\\\">vinay Sharma Coach Body Builders And Repairs - Service Provider of mini bus body repair service, pikup car body repair service &amp; chhota hathi body repair service in Indore, Madhya Pradesh.<\\/span><\\/p>\"}',	NULL,	NULL,	NULL,	0,	'{\"en\":null}',	'{\"en\":null}',	'{\"en\":null}',	NULL,	NULL,	NULL,	0,	1,	'2022-03-01 08:16:25',	'2022-03-01 08:16:25'),
(5,	NULL,	'standard',	'{\"en\":\"new strivre\"}',	'new-strivre',	'{\"en\":\"Meaningful paid work ​while you study\"}',	'app/letest_news/b5a47c232fe014dd147f0121a7c08e17.jpeg',	'{\"en\":\"<p><span style=\\\"color: #343e52; font-family: Roboto, sans-serif; font-size: 16px; background-color: #ffffff;\\\">Strivers are a Tribe of early career job seekers looking to maximise their connections within the financial planning, accounting and broader financial services industry, while enjoying the no nonsense, personal coaching by a dedicated Striver mentor to kick-start their professional career.<\\/span><\\/p>\\r\\n<p>&nbsp;<\\/p>\\r\\n<p><span style=\\\"font-family: Roboto; font-size: 16px; background-color: rgba(255, 255, 255, 0.95);\\\">With a growing community of Striver Businesses across Australia, you have the opportunity to gain valuable and relevant work experience while you complete your university studies. Whether you have defined your career goals, or want to explore your opportunities, we are here to work with you to kick-start your professional career.<\\/span><\\/p>\\r\\n<p>&nbsp;<\\/p>\\r\\n<p><span style=\\\"color: #0b162d; font-family: Roboto, sans-serif; font-size: 16px; background-color: #ffffff;\\\">Let us provide you with a practice of what will be the first of many of these types of assessments that you will complete in your career.&nbsp;<\\/span><\\/p>\"}',	NULL,	NULL,	NULL,	0,	'{\"en\":null}',	'{\"en\":null}',	'{\"en\":null}',	NULL,	NULL,	NULL,	0,	1,	'2022-03-02 00:04:22',	'2022-03-02 00:04:22'),
(6,	NULL,	'standard',	'{\"en\":\"striver main\"}',	'striver-main',	'{\"en\":\"striver main\"}',	NULL,	'{\"en\":\"<p><span style=\\\"font-family: Roboto; font-size: 16px; background-color: rgba(255, 255, 255, 0.95);\\\">With a growing community of Striver Businesses across Australia, you have the opportunity to gain valuable and relevant work experience while you complete your university studies. Whether you have defined your career goals, or want to explore your opportunities, we are here to work with you to kick-start your professional career.<\\/span><\\/p>\\r\\n<p><span style=\\\"font-family: Roboto; font-size: 16px; background-color: rgba(255, 255, 255, 0.95);\\\">With a growing community of Striver Businesses across Australia, you have the opportunity to gain valuable and relevant work experience while you complete your university studies. Whether you have defined your career goals, or want to explore your opportunities, we are here to work with you to kick-start your professional career.<\\/span><\\/p>\"}',	NULL,	NULL,	NULL,	0,	'{\"en\":null}',	'{\"en\":null}',	'{\"en\":null}',	NULL,	NULL,	NULL,	0,	1,	'2022-03-02 01:51:34',	'2022-03-02 01:51:34');

DROP TABLE IF EXISTS `meta_tags`;
CREATE TABLE `meta_tags` (
  `id` int unsigned NOT NULL AUTO_INCREMENT,
  `page` varchar(50) CHARACTER SET utf8mb4 COLLATE utf8mb4_unicode_ci DEFAULT NULL,
  `title` text CHARACTER SET utf8mb4 COLLATE utf8mb4_unicode_ci,
  `description` text CHARACTER SET utf8mb4 COLLATE utf8mb4_unicode_ci,
  `keywords` text CHARACTER SET utf8mb4 COLLATE utf8mb4_unicode_ci,
  `active` tinyint unsigned DEFAULT '1',
  PRIMARY KEY (`id`)
) ENGINE=InnoDB DEFAULT CHARSET=utf8mb4 COLLATE=utf8mb4_unicode_ci;


DROP TABLE IF EXISTS `migrations`;
CREATE TABLE `migrations` (
  `id` int unsigned NOT NULL AUTO_INCREMENT,
  `migration` varchar(191) CHARACTER SET utf8mb4 COLLATE utf8mb4_unicode_ci NOT NULL,
  `batch` int NOT NULL,
  PRIMARY KEY (`id`)
) ENGINE=InnoDB DEFAULT CHARSET=utf8mb4 COLLATE=utf8mb4_unicode_ci;

INSERT INTO `migrations` (`id`, `migration`, `batch`) VALUES
(1,	'2019_12_14_000001_create_personal_access_tokens_table',	1),
(2,	'2020_10_12_160714_create_languages_table',	1),
(3,	'2020_10_12_160715_create_advertising_table',	1),
(4,	'2020_10_12_160715_create_blacklist_table',	1),
(5,	'2020_10_12_160715_create_cache_table',	1),
(6,	'2020_10_12_160715_create_categories_table',	1),
(7,	'2020_10_12_160715_create_continents_table',	1),
(8,	'2020_10_12_160715_create_currencies_table',	1),
(9,	'2020_10_12_160715_create_fields_table',	1),
(10,	'2020_10_12_160715_create_gender_table',	1),
(11,	'2020_10_12_160715_create_home_sections_table',	1),
(12,	'2020_10_12_160715_create_meta_tags_table',	1),
(13,	'2020_10_12_160715_create_packages_table',	1),
(14,	'2020_10_12_160715_create_pages_table',	1),
(15,	'2020_10_12_160715_create_password_resets_table',	1),
(16,	'2020_10_12_160715_create_payment_methods_table',	1),
(17,	'2020_10_12_160715_create_permission_tables',	1),
(18,	'2020_10_12_160715_create_post_types_table',	1),
(19,	'2020_10_12_160715_create_report_types_table',	1),
(20,	'2020_10_12_160715_create_sessions_table',	1),
(21,	'2020_10_12_160715_create_settings_table',	1),
(22,	'2020_10_12_160715_create_user_types_table',	1),
(23,	'2020_10_12_160716_create_category_field_table',	1),
(24,	'2020_10_12_160716_create_countries_table',	1),
(25,	'2020_10_12_160716_create_fields_options_table',	1),
(26,	'2020_10_12_160716_create_subadmin1_table',	1),
(27,	'2020_10_12_160716_create_subadmin2_table',	1),
(28,	'2020_10_12_160716_create_users_table',	1),
(29,	'2020_10_12_160717_create_cities_table',	1),
(30,	'2020_10_12_160717_create_posts_table',	1),
(31,	'2020_10_12_160717_create_saved_posts_table',	1),
(32,	'2020_10_12_160717_create_saved_search_table',	1),
(33,	'2020_10_12_160717_create_threads_table',	1),
(34,	'2020_10_12_160718_create_threads_messages_table',	1),
(35,	'2020_10_12_160718_create_threads_participants_table',	1),
(36,	'2020_10_12_160719_create_payments_table',	1),
(37,	'2020_10_12_160719_create_pictures_table',	1),
(38,	'2020_10_12_160719_create_post_values_table',	1),
(39,	'2021_12_09_133158_coach_course',	2),
(40,	'2021_12_10_081347_user_subscription',	3),
(41,	'2022_03_01_103222_latest_new',	4),
(42,	'2022_04_20_095120_user_coach',	5),
(43,	'2022_04_20_095129_user_strivre',	5);

DROP TABLE IF EXISTS `model_has_permissions`;
CREATE TABLE `model_has_permissions` (
  `permission_id` bigint unsigned NOT NULL,
  `model_type` varchar(191) CHARACTER SET utf8mb4 COLLATE utf8mb4_unicode_ci NOT NULL,
  `model_id` bigint unsigned NOT NULL,
  PRIMARY KEY (`permission_id`,`model_id`,`model_type`),
  KEY `model_has_permissions_model_id_model_type_index` (`model_id`,`model_type`),
  CONSTRAINT `model_has_permissions_permission_id_foreign` FOREIGN KEY (`permission_id`) REFERENCES `permissions` (`id`) ON DELETE CASCADE
) ENGINE=InnoDB DEFAULT CHARSET=utf8mb4 COLLATE=utf8mb4_unicode_ci;


DROP TABLE IF EXISTS `model_has_roles`;
CREATE TABLE `model_has_roles` (
  `role_id` bigint unsigned NOT NULL,
  `model_type` varchar(191) CHARACTER SET utf8mb4 COLLATE utf8mb4_unicode_ci NOT NULL,
  `model_id` bigint unsigned NOT NULL,
  PRIMARY KEY (`role_id`,`model_id`,`model_type`),
  KEY `model_has_roles_model_id_model_type_index` (`model_id`,`model_type`),
  CONSTRAINT `model_has_roles_role_id_foreign` FOREIGN KEY (`role_id`) REFERENCES `roles` (`id`) ON DELETE CASCADE
) ENGINE=InnoDB DEFAULT CHARSET=utf8mb4 COLLATE=utf8mb4_unicode_ci;

INSERT INTO `model_has_roles` (`role_id`, `model_type`, `model_id`) VALUES
(1,	'App\\Models\\User',	1),
(1,	'App\\Models\\User',	66),
(2,	'App\\Models\\User',	66),
(1,	'App\\Models\\User',	67),
(2,	'App\\Models\\User',	67);

DROP TABLE IF EXISTS `packages`;
CREATE TABLE `packages` (
  `id` int unsigned NOT NULL AUTO_INCREMENT,
  `name` text CHARACTER SET utf8mb4 COLLATE utf8mb4_unicode_ci COMMENT 'In country language',
  `short_name` text CHARACTER SET utf8mb4 COLLATE utf8mb4_unicode_ci COMMENT 'In country language',
  `ribbon` enum('red','orange','green') CHARACTER SET utf8mb4 COLLATE utf8mb4_unicode_ci DEFAULT NULL,
  `has_badge` tinyint unsigned DEFAULT '0',
  `price` decimal(10,2) unsigned DEFAULT NULL,
  `currency_code` varchar(3) CHARACTER SET utf8mb4 COLLATE utf8mb4_unicode_ci DEFAULT NULL,
  `promo_duration` int DEFAULT '30' COMMENT 'In days',
  `duration` int unsigned DEFAULT '30' COMMENT 'In days',
  `pictures_limit` int DEFAULT '5',
  `description` text CHARACTER SET utf8mb4 COLLATE utf8mb4_unicode_ci COMMENT 'In country language',
  `facebook_ads_duration` int unsigned DEFAULT '0',
  `google_ads_duration` int unsigned DEFAULT '0',
  `twitter_ads_duration` int unsigned DEFAULT '0',
  `linkedin_ads_duration` int unsigned DEFAULT '0',
  `recommended` tinyint(1) DEFAULT '0',
  `parent_id` int unsigned DEFAULT NULL,
  `lft` int unsigned DEFAULT NULL,
  `rgt` int unsigned DEFAULT NULL,
  `depth` int unsigned DEFAULT NULL,
  `active` tinyint unsigned DEFAULT '0',
  PRIMARY KEY (`id`),
  KEY `packages_active_index` (`active`)
) ENGINE=InnoDB DEFAULT CHARSET=utf8mb4 COLLATE=utf8mb4_unicode_ci;

INSERT INTO `packages` (`id`, `name`, `short_name`, `ribbon`, `has_badge`, `price`, `currency_code`, `promo_duration`, `duration`, `pictures_limit`, `description`, `facebook_ads_duration`, `google_ads_duration`, `twitter_ads_duration`, `linkedin_ads_duration`, `recommended`, `parent_id`, `lft`, `rgt`, `depth`, `active`) VALUES
(1,	'{\"en\":\"Bronze\",\"fr\":\"Gratuit\",\"es\":\"Lista regular\",\"ar\":\"قائمة منتظمة\",\"pt\":\"Lista Regular\",\"ru\":\"Обычный список\",\"tr\":\"Normal Liste\",\"th\":\"รายการปกติ\",\"ka\":\"რეგულარული სია\",\"zh\":\"常规清单\",\"ja\":\"レギュラーリスト\",\"it\":\"Elenco regolare\",\"ro\":\"Lista regulată\",\"de\":\"Regelmäßige Liste\"}',	'{\"en\":\"Bronze\",\"fr\":\"Standard\",\"es\":\"Estándar\",\"ar\":\"اساسي\",\"pt\":\"Padrão\",\"ru\":\"Стандарт\",\"tr\":\"Standart\",\"th\":\"มาตรฐาน\",\"ka\":\"სტანდარტული\",\"zh\":\"标准\",\"ja\":\"標準\",\"it\":\"Standard\",\"ro\":\"Standard\",\"de\":\"Standard\"}',	'red',	1,	398.00,	'USD',	0,	368,	NULL,	'{\"en\":null}',	0,	0,	0,	0,	0,	NULL,	2,	3,	0,	1),
(2,	'{\"en\":\"Silver\",\"fr\":\"Annonce Haut de Page\",\"es\":\"Anuncio de inicio de página\",\"ar\":\"إعلان أعلى الصفحة\",\"pt\":\"Anúncio no topo da página\",\"ru\":\"Объявление вверху страницы\",\"tr\":\"Sayfa Başı Duyuru\",\"th\":\"ประกาศด้านบนของหน้า\",\"ka\":\"გვერდის განცხადება\",\"zh\":\"页首公告\",\"ja\":\"ページのトップへ\",\"it\":\"Annuncio in cima alla pagina\",\"ro\":\"Anunț de primă pagină\",\"de\":\"Top-Seite Anzeige\"}',	'{\"en\":\"Silver\",\"fr\":\"Premium\",\"es\":\"Prima\",\"ar\":\"الممتازة\",\"pt\":\"Prêmio\",\"ru\":\"Премиум\",\"tr\":\"Ödül\",\"th\":\"พรีเมียม\",\"ka\":\"პრემია\",\"zh\":\"保费\",\"ja\":\"プレミアム\",\"it\":\"Premium\",\"ro\":\"Premium\",\"de\":\"Prämie\"}',	'orange',	1,	1200.00,	'USD',	NULL,	1000,	10,	'{\"en\":\"Featured on the homepage\\r\\nFeatured in the category\",\"fr\":\"En vedette à l\'accueil\\nEn vedette dans la catégorie\",\"es\":\"Destacado en la página de inicio\\nDestacado en la categoría\",\"ar\":\"ظهرت على الصفحة الرئيسية\\nظهرت في الفئة\",\"pt\":\"Apresentado na página inicial\\nApresentado na categoria\",\"ru\":\"Показано на главной странице\\nВ категории\",\"tr\":\"Ana Sayfada Öne Çıkanlar\\nKategoride Öne Çıkanlar\",\"th\":\"นำเสนอในหน้าแรก\\nนำเสนอในหมวดหมู่\",\"ka\":\"მთავარ გვერდზე\\nმთავარი კატეგორიაში\",\"zh\":\"精选在首页上\\n列入类别\",\"ja\":\"ホームページに掲載\\nカテゴリーで紹介\",\"it\":\"In primo piano sulla home page\\nIn primo piano nella categoria\",\"ro\":\"Prezentat pe pagina de pornire\\nPrezentat în categorie\",\"de\":\"Auf der Homepage vorgestellt\\nGekennzeichnet in der Kategorie\"}',	0,	0,	0,	0,	0,	NULL,	4,	5,	0,	1),
(3,	'{\"en\":\"Gold\",\"fr\":\"Annonce Haut de Page+\",\"es\":\"Anuncio de inicio de página+\",\"ar\":\"إعلان أعلى الصفحة+\",\"pt\":\"Anúncio no topo da página+\",\"ru\":\"Объявление вверху страницы+\",\"tr\":\"Sayfa Başı Duyuru+\",\"th\":\"ประกาศด้านบนของหน้า+\",\"ka\":\"გვერდის განცხადება+\",\"zh\":\"页首公告+\",\"ja\":\"ページのトップへ+\",\"it\":\"Annuncio in cima alla pagina+\",\"ro\":\"Anunț de primă pagină+\",\"de\":\"Top-Seite Anzeige+\"}',	'{\"en\":\"Gold\",\"fr\":\"Premium+\",\"es\":\"Prima+\",\"ar\":\"الممتازة+\",\"pt\":\"Prêmio+\",\"ru\":\"Премиум+\",\"tr\":\"Ödül+\",\"th\":\"พรีเมียม+\",\"ka\":\"პრემია+\",\"zh\":\"保费+\",\"ja\":\"プレミアム+\",\"it\":\"Premium+\",\"ro\":\"Premium+\",\"de\":\"Prämie+\"}',	'green',	1,	2100.00,	'USD',	0,	2100,	15,	'{\"en\":\"Featured on the homepage\\r\\nFeatured in the category\",\"fr\":\"En vedette à l\\\\\'accueil\\nEn vedette dans la catégorie\",\"es\":\"Destacado en la página de inicio\\nDestacado en la categoría\",\"ar\":\"ظهرت على الصفحة الرئيسية\\nظهرت في الفئة\",\"pt\":\"Apresentado na página inicial\\nApresentado na categoria\",\"ru\":\"Показано на главной странице\\nВ категории\",\"tr\":\"Ana Sayfada Öne Çıkanlar\\nKategoride Öne Çıkanlar\",\"th\":\"นำเสนอในหน้าแรก\\nนำเสนอในหมวดหมู่\",\"ka\":\"მთავარ გვერდზე\\nმთავარი კატეგორიაში\",\"zh\":\"精选在首页上\\n列入类别\",\"ja\":\"ホームページに掲載\\nカテゴリーで紹介\",\"it\":\"In primo piano sulla home page\\nIn primo piano nella categoria\",\"ro\":\"Prezentat pe pagina de pornire\\nPrezentat în categorie\",\"de\":\"Auf der Homepage vorgestellt\\nGekennzeichnet in der Kategorie\"}',	0,	0,	0,	0,	1,	NULL,	6,	7,	0,	1);

DROP TABLE IF EXISTS `pages`;
CREATE TABLE `pages` (
  `id` int unsigned NOT NULL AUTO_INCREMENT,
  `parent_id` int unsigned DEFAULT NULL,
  `type` enum('standard','terms','privacy','tips') CHARACTER SET utf8mb4 COLLATE utf8mb4_unicode_ci NOT NULL,
  `name` text CHARACTER SET utf8mb4 COLLATE utf8mb4_unicode_ci,
  `slug` varchar(150) CHARACTER SET utf8mb4 COLLATE utf8mb4_unicode_ci DEFAULT NULL,
  `title` text CHARACTER SET utf8mb4 COLLATE utf8mb4_unicode_ci,
  `picture` varchar(255) CHARACTER SET utf8mb4 COLLATE utf8mb4_unicode_ci DEFAULT NULL,
  `content` mediumtext CHARACTER SET utf8mb4 COLLATE utf8mb4_unicode_ci,
  `external_link` varchar(255) CHARACTER SET utf8mb4 COLLATE utf8mb4_unicode_ci DEFAULT NULL,
  `name_color` varchar(10) CHARACTER SET utf8mb4 COLLATE utf8mb4_unicode_ci DEFAULT NULL,
  `title_color` varchar(10) CHARACTER SET utf8mb4 COLLATE utf8mb4_unicode_ci DEFAULT NULL,
  `target_blank` tinyint unsigned DEFAULT '0',
  `seo_title` text CHARACTER SET utf8mb4 COLLATE utf8mb4_unicode_ci,
  `seo_description` text CHARACTER SET utf8mb4 COLLATE utf8mb4_unicode_ci,
  `seo_keywords` text CHARACTER SET utf8mb4 COLLATE utf8mb4_unicode_ci,
  `lft` int unsigned DEFAULT NULL,
  `rgt` int unsigned DEFAULT NULL,
  `depth` int unsigned DEFAULT NULL,
  `excluded_from_footer` tinyint unsigned DEFAULT '0',
  `active` tinyint unsigned DEFAULT '1',
  `created_at` timestamp NULL DEFAULT NULL,
  `updated_at` timestamp NULL DEFAULT NULL,
  PRIMARY KEY (`id`),
  KEY `pages_slug_index` (`slug`),
  KEY `pages_parent_id_index` (`parent_id`),
  KEY `pages_active_index` (`active`)
) ENGINE=InnoDB DEFAULT CHARSET=utf8mb4 COLLATE=utf8mb4_unicode_ci;

INSERT INTO `pages` (`id`, `parent_id`, `type`, `name`, `slug`, `title`, `picture`, `content`, `external_link`, `name_color`, `title_color`, `target_blank`, `seo_title`, `seo_description`, `seo_keywords`, `lft`, `rgt`, `depth`, `excluded_from_footer`, `active`, `created_at`, `updated_at`) VALUES
(1,	NULL,	'terms',	'{\"en\":\"Terms\"}',	'terms',	'{\"en\":\"Terms & Conditions\"}',	NULL,	'{\"en\":\"<h4><b>Definitions<\\/b><\\/h4><p>Each of the terms mentioned below have in these Conditions of Sale LaraClassifier Service (hereinafter the \\\"Conditions\\\") the following meanings:<\\/p><ol><li>Announcement&nbsp;: refers to all the elements and data (visual, textual, sound, photographs, drawings), presented by an Advertiser editorial under his sole responsibility, in order to buy, rent or sell a product or service and broadcast on the Website and Mobile Site.<\\/li><li>Advertiser&nbsp;: means any natural or legal person, a major, established in France, holds an account and having submitted an announcement, from it, on the Website. Any Advertiser must be connected to the Personal Account for deposit and or manage its ads. Ad first deposit automatically entails the establishment of a Personal Account to the Advertiser.<\\/li><li>Personal Account&nbsp;: refers to the free space than any Advertiser must create and which it should connect from the Website to disseminate, manage and view its ads.<\\/li><li>LaraClassifier&nbsp;: means the company that publishes and operates the Website and Mobile Site {YourCompany}, registered at the Trade and Companies Register of {YourCity} under the number {YourCompany Registration Number} whose registered office is at {YourCompany Address}.<\\/li><li>Customer Service&nbsp;: LaraClassifier means the department to which the Advertiser may obtain further information. This service can be contacted via email by clicking the link on the Website and Mobile Site.<\\/li><li>LaraClassifier Service&nbsp;: LaraClassifier means the services made available to Users and Advertisers on the Website and Mobile Site.<\\/li><li>Website&nbsp;: means the website operated by LaraClassifier accessed mainly from the URL <a href=\\\"https:\\/\\/laraclassifier.com\\\">https:\\/\\/laraclassifier.com<\\/a> and allowing Users and Advertisers to access the Service via internet LaraClassifier.<\\/li><li>Mobile Site&nbsp;: is the mobile site operated by LaraClassifier accessible from the URL <a href=\\\"https:\\/\\/laraclassifier.com\\\">https:\\/\\/laraclassifier.com<\\/a> and allowing Users and Advertisers to access via their mobile phone service {YourSiteName}.<\\/li><li>User&nbsp;: any visitor with access to LaraClassifier Service via the Website and Mobile Site and Consultant Service LaraClassifier accessible from different media.<\\/li><\\/ol><h4><b>Subject<\\/b><\\/h4><p>These Terms and Conditions Of Use establish the contractual conditions applicable to any subscription by an Advertiser connected to its Personal Account from the Website and Mobile Site.<br><\\/p><h4><b>Acceptance<\\/b><\\/h4><p>Any use of the website by an Advertiser is full acceptance of the current Terms.<br><\\/p><h4><b>Responsibility<\\/b><\\/h4><p>Responsibility for LaraClassifier can not be held liable for non-performance or improper performance of due control, either because of the Advertiser, or a case of major force.<br><\\/p><h4><b>Modification of these terms<\\/b><\\/h4><p>LaraClassifier reserves the right, at any time, to modify all or part of the Terms and Conditions.<\\/p><p>Advertisers are advised to consult the Terms to be aware of the changes.<\\/p><h4><b>Miscellaneous<\\/b><\\/h4><p>If part of the Terms should be illegal, invalid or unenforceable for any reason whatsoever, the provisions in question would be deemed unwritten, without questioning the validity of the remaining provisions will continue to apply between Advertisers and LaraClassifier.<\\/p><p>Any complaints should be addressed to Customer Service LaraClassifier.<\\/p>\"}',	NULL,	NULL,	NULL,	0,	NULL,	NULL,	NULL,	6,	7,	1,	0,	1,	'2021-11-19 05:53:14',	'2021-11-19 05:53:14'),
(2,	NULL,	'privacy',	'{\"en\":\"Privacy\"}',	'privacy',	'{\"en\":\"Privacy\"}',	NULL,	'{\"en\":\"<p>Your privacy is an important part of our relationship with you. Protecting your privacy is only part of our mission to provide a secure web environment. When using our site, including our services, your information will remain strictly confidential. Contributions made on our blog or on our forum are open to public view; so please do not post any personal information in your dealings with others. We accept no liability for those actions because it is your sole responsibility to adequate and safe post content on our site. We will not share, rent or share your information with third parties.<\\/p><p>When you visit our site, we collect technical information about your computer and how you access our website and analyze this information such as Internet Protocol (IP) address of your computer, the operating system used by your computer, the browser (eg, Chrome, Firefox, Internet Explorer or other) your computer uses, the name of your Internet service provider (ISP), the Uniform Resource Locator (URL) of the website from which you come and the URL to which you go next and certain operating metrics such as the number of times you use our website. This general information can be used to help us better understand how our site is viewed and used. We may share this general information about our site with our business partners or the general public. For example, we may share the information on the number of daily unique visitors to our site with potential corporate partners or use them for advertising purposes. This information does contain any of your personal data that can be used to contact you or identify you.<\\/p><p>When we place links or banners to other sites of our website, please note that we do not control this kind of content or practices or privacy policies of those sites. We do not endorse or assume no responsibility for the privacy policies or information collection practices of any other website other than managed sites LaraClassifier.<\\/p><p>We use the highest security standard available to protect your identifiable information in transit to us. All data stored on our servers are protected by a secure firewall for the unauthorized use or activity can not take place. Although we make every effort to protect your personal information against loss, misuse or alteration by third parties, you should be aware that there is always a risk that low-intentioned manage to find a way to thwart our security system or that Internet transmissions could be intercepted.<\\/p><p>We reserve the right, without notice, to change, modify, add or remove portions of our Privacy Policy at any time and from time to time. These changes will be posted publicly on our website. When you visit our website, you accept all the terms of our privacy policy. Your continued use of this website constitutes your continued agreement to these terms. If you do not agree with the terms of our privacy policy, you should cease using our website.<\\/p>\"}',	NULL,	NULL,	NULL,	0,	NULL,	NULL,	NULL,	8,	9,	1,	0,	1,	'2021-11-19 05:53:14',	'2021-11-19 05:53:14'),
(3,	NULL,	'standard',	'{\"en\":\"Anti-Scam\"}',	'anti-scam',	'{\"en\":\"Anti-Scam\"}',	NULL,	'{\"en\":\"<p><b>Protect yourself against Internet fraud!<\\/b><\\/p><p>The vast majority of ads are posted by honest people and trust. So you can do excellent business. Despite this, it is important to follow a few common sense rules following to prevent any attempt to scam.<\\/p><p><b>Our advices<\\/b><\\/p><ul><li>Doing business with people you can meet in person.<\\/li><li>Never send money by Western Union, MoneyGram or other anonymous payment systems.<\\/li><li>Never send money or products abroad.<\\/li><li>Do not accept checks.<\\/li><li>Ask about the person you\'re dealing with another confirming source name, address and telephone number.<\\/li><li>Keep copies of all correspondence (emails, ads, letters, etc.) and details of the person.<\\/li><li>If a deal seems too good to be true, there is every chance that this is the case. Refrain.<\\/li><\\/ul><p><b>Recognize attempted scam<\\/b><\\/p><ul><li>The majority of scams have one or more of these characteristics:<\\/li><li>The person is abroad or traveling abroad.<\\/li><li>The person refuses to meet you in person.<\\/li><li>Payment is made through Western Union, Money Gram or check.<\\/li><li>The messages are in broken language (English or French or ...).<\\/li><li>The texts seem to be copied and pasted.<\\/li><li>The deal seems to be too good to be true.<\\/li><\\/ul>\"}',	NULL,	NULL,	NULL,	0,	NULL,	NULL,	NULL,	4,	5,	1,	0,	1,	'2021-11-19 05:53:14',	'2021-11-19 05:53:14'),
(4,	NULL,	'standard',	'{\"en\":\"FAQ\"}',	'faq',	'{\"en\":\"Frequently Asked Questions\"}',	NULL,	'{\"en\":\"<p><b>How do I place an ad?<\\/b><\\/p><p>It\'s very easy to place an ad: click on the button \\\"Post free Ads\\\" above right.<\\/p><p><b>What does it cost to advertise?<\\/b><\\/p><p>The publication is 100% free throughout the website.<\\/p><p><b>If I post an ad, will I also get more spam e-mails?<\\/b><\\/p><p>Absolutely not because your email address is not visible on the website.<\\/p><p><b>How long will my ad remain on the website?<\\/b><\\/p><p>In general, an ad is automatically deactivated from the website after 3 months. You will receive an email a week before D-Day and another on the day of deactivation. You have the ability to put them online in the following month by logging into your account on the site. After this delay, your ad will be automatically removed permanently from the website.<\\/p><p><b>I sold my item. How do I delete my ad?<\\/b><\\/p><p>Once your product is sold or leased, log in to your account to remove your ad.<\\/p>\"}',	NULL,	NULL,	NULL,	0,	NULL,	NULL,	NULL,	2,	3,	1,	0,	1,	'2021-11-19 05:53:14',	'2021-11-19 05:53:14');

DROP TABLE IF EXISTS `password_resets`;
CREATE TABLE `password_resets` (
  `email` varchar(191) CHARACTER SET utf8mb4 COLLATE utf8mb4_unicode_ci DEFAULT NULL,
  `phone` varchar(191) CHARACTER SET utf8mb4 COLLATE utf8mb4_unicode_ci DEFAULT NULL,
  `token` varchar(191) CHARACTER SET utf8mb4 COLLATE utf8mb4_unicode_ci DEFAULT NULL,
  `created_at` timestamp NULL DEFAULT NULL,
  `updated_at` timestamp NULL DEFAULT NULL
) ENGINE=InnoDB DEFAULT CHARSET=utf8mb4 COLLATE=utf8mb4_unicode_ci;

INSERT INTO `password_resets` (`email`, `phone`, `token`, `created_at`, `updated_at`) VALUES
('rachel@ycsdigital.com',	NULL,	'$2y$10$GcxG6PChFb53gDlnlYhfu.OvU.QOFCZNoNrDq6nvexA2LcQWPfGHO',	'2022-04-11 16:26:48',	NULL);

DROP TABLE IF EXISTS `payment_methods`;
CREATE TABLE `payment_methods` (
  `id` int unsigned NOT NULL AUTO_INCREMENT,
  `name` varchar(100) CHARACTER SET utf8mb4 COLLATE utf8mb4_unicode_ci DEFAULT NULL,
  `display_name` varchar(100) CHARACTER SET utf8mb4 COLLATE utf8mb4_unicode_ci DEFAULT NULL,
  `description` mediumtext CHARACTER SET utf8mb4 COLLATE utf8mb4_unicode_ci,
  `has_ccbox` tinyint unsigned DEFAULT '0',
  `is_compatible_api` tinyint(1) DEFAULT '0',
  `countries` mediumtext CHARACTER SET utf8mb4 COLLATE utf8mb4_unicode_ci COMMENT 'Countries codes separated by comma.',
  `lft` int unsigned DEFAULT NULL,
  `rgt` int unsigned DEFAULT NULL,
  `depth` int unsigned DEFAULT NULL,
  `parent_id` int unsigned DEFAULT '0',
  `active` tinyint(1) DEFAULT '0',
  PRIMARY KEY (`id`),
  KEY `payment_methods_has_ccbox_index` (`has_ccbox`),
  KEY `payment_methods_active_index` (`active`)
) ENGINE=InnoDB DEFAULT CHARSET=utf8mb4 COLLATE=utf8mb4_unicode_ci;

INSERT INTO `payment_methods` (`id`, `name`, `display_name`, `description`, `has_ccbox`, `is_compatible_api`, `countries`, `lft`, `rgt`, `depth`, `parent_id`, `active`) VALUES
(1,	'paypal',	'Paypal',	'Payment with Paypal',	0,	0,	NULL,	0,	0,	1,	0,	1);

DROP TABLE IF EXISTS `payments`;
CREATE TABLE `payments` (
  `id` bigint unsigned NOT NULL AUTO_INCREMENT,
  `user_id` int NOT NULL,
  `post_id` bigint unsigned DEFAULT NULL,
  `package_id` int unsigned DEFAULT NULL,
  `payment_method_id` int unsigned DEFAULT NULL,
  `transaction_id` varchar(255) CHARACTER SET utf8mb4 COLLATE utf8mb4_unicode_ci DEFAULT NULL COMMENT 'Transaction''s ID at the Provider',
  `SubExpires` date DEFAULT NULL,
  `amount` decimal(10,2) unsigned NOT NULL DEFAULT '0.00',
  `receipt_url` varchar(2000) CHARACTER SET utf8mb4 COLLATE utf8mb4_unicode_ci NOT NULL,
  `active` tinyint unsigned DEFAULT '1',
  `created_at` timestamp NULL DEFAULT NULL,
  `updated_at` timestamp NULL DEFAULT NULL,
  PRIMARY KEY (`id`),
  KEY `payments_package_id_index` (`package_id`),
  KEY `payments_payment_method_id_index` (`payment_method_id`),
  KEY `payments_post_id_index` (`post_id`),
  KEY `payments_active_index` (`active`)
) ENGINE=InnoDB DEFAULT CHARSET=utf8mb4 COLLATE=utf8mb4_unicode_ci;

INSERT INTO `payments` (`id`, `user_id`, `post_id`, `package_id`, `payment_method_id`, `transaction_id`, `SubExpires`, `amount`, `receipt_url`, `active`, `created_at`, `updated_at`) VALUES
(1,	0,	NULL,	3,	NULL,	'txn_3KBfxmSHIfUu7ouY0JggmgZR',	NULL,	99.00,	'',	1,	'2022-04-21 08:13:39',	NULL),
(2,	13,	NULL,	2,	NULL,	'txn_3KBv22SHIfUu7ouY1iTZRx4M',	NULL,	66.00,	'',	1,	'2021-12-29 00:19:03',	NULL),
(3,	13,	NULL,	3,	NULL,	'txn_3KBvJySHIfUu7ouY0ngyKaQ5',	NULL,	99.00,	'',	1,	'2021-12-29 00:37:36',	NULL),
(4,	13,	NULL,	1,	NULL,	'txn_3KBvNpSIYM65YSfd0dCCzDca',	NULL,	33.00,	'',	1,	'2021-12-29 00:41:35',	NULL),
(5,	13,	NULL,	2,	NULL,	'txn_3KBvZISIYM65YSfd142WqJjZ',	NULL,	66.00,	'https://pay.stripe.com/receipts/acct_1K91lUSIYM65YSfd/ch_3KBvZISIYM65YSfd1d7Er1CN/rcpt_KretoseJAfU7VDnbuL27vPjhoxD0tGi',	1,	'2021-12-29 00:53:26',	NULL),
(9,	1,	NULL,	3,	NULL,	'ch_3KBzONSIYM65YSfd1t11NKDj',	NULL,	99.00,	'https://pay.stripe.com/receipts/acct_1K91lUSIYM65YSfd/ch_3KBzONSIYM65YSfd1t11NKDj/rcpt_KriqZYtqUs782HNRZFlB5l3EVbD1cXW',	1,	'2021-12-29 04:58:24',	NULL),
(10,	1,	NULL,	2,	NULL,	'ch_3KBzQ0SIYM65YSfd0RgwQLaq',	NULL,	75.00,	'https://pay.stripe.com/receipts/acct_1K91lUSIYM65YSfd/ch_3KBzQ0SIYM65YSfd0RgwQLaq/rcpt_KrirayihoRuqE0z4dpoz8EMkzGAqZP1',	1,	'2021-12-29 05:00:05',	NULL),
(11,	1,	NULL,	1,	NULL,	'ch_3KC0DmSIYM65YSfd0NPT1D3F',	NULL,	40.00,	'https://pay.stripe.com/receipts/acct_1K91lUSIYM65YSfd/ch_3KC0DmSIYM65YSfd0NPT1D3F/rcpt_KrjhovgZ9jm6NhlEHDRhWKwedLHCULJ',	1,	'2021-12-29 05:51:31',	NULL),
(12,	13,	NULL,	3,	NULL,	'ch_3KC0JjSIYM65YSfd07zPrcGM',	NULL,	99.00,	'https://pay.stripe.com/receipts/acct_1K91lUSIYM65YSfd/ch_3KC0JjSIYM65YSfd07zPrcGM/rcpt_KrjnbSW5FjchnApDDkjSGnlP2kBhlMV',	1,	'2021-12-29 05:57:40',	NULL),
(13,	13,	NULL,	3,	NULL,	'ch_3KC0NSSIYM65YSfd1qrUiqfj',	NULL,	99.00,	'https://pay.stripe.com/receipts/acct_1K91lUSIYM65YSfd/ch_3KC0NSSIYM65YSfd1qrUiqfj/rcpt_KrjrHPWm4Al7HZd6Zjn2XqrqnuKCHeb',	1,	'2021-12-29 06:01:31',	NULL),
(15,	11,	NULL,	1,	NULL,	'ch_3KDnD4SIYM65YSfd1DwXEdMy',	'2022-03-02',	40.00,	'https://pay.stripe.com/receipts/acct_1K91lUSIYM65YSfd/ch_3KDnD4SIYM65YSfd1DwXEdMy/rcpt_KtaNO3OkrWIuPboVGT3uwyeeIMUtgus',	1,	'2022-01-03 04:22:12',	NULL),
(17,	14,	NULL,	2,	NULL,	'ch_3KDpTGSIYM65YSfd09Ov6GvQ',	NULL,	7.50,	'https://pay.stripe.com/receipts/acct_1K91lUSIYM65YSfd/ch_3KDpTGSIYM65YSfd09Ov6GvQ/rcpt_KtciBYqRmcKaEj64Rcl9CBPNHodM2QW',	1,	'2022-01-03 06:47:03',	NULL),
(18,	14,	NULL,	2,	NULL,	'ch_3KDr9xSIYM65YSfd05lTQyfs',	NULL,	7.50,	'https://pay.stripe.com/receipts/acct_1K91lUSIYM65YSfd/ch_3KDr9xSIYM65YSfd05lTQyfs/rcpt_KteSbGvFRDVqBPhO5fcGN5GOJ0lKz0E',	1,	'2022-01-03 08:35:14',	NULL),
(19,	10,	NULL,	2,	NULL,	'ch_3KEZ2wSIYM65YSfd1oMEEv1a',	NULL,	75.00,	'https://pay.stripe.com/receipts/acct_1K91lUSIYM65YSfd/ch_3KEZ2wSIYM65YSfd1oMEEv1a/rcpt_KuNoJQyPbhCVPFkgDb1e59ytSbVcm8n',	1,	'2022-01-05 07:26:55',	NULL),
(20,	18,	NULL,	2,	NULL,	'ch_3KVrvbSHIfUu7ouY1kvkK8o2',	NULL,	75.00,	'https://pay.stripe.com/receipts/acct_1K6WWFSHIfUu7ouY/ch_3KVrvbSHIfUu7ouY1kvkK8o2/rcpt_LCGSNEaoArSctzWWj5Dny4HysovZinE',	1,	'2022-02-22 01:02:52',	NULL),
(21,	18,	NULL,	3,	NULL,	'ch_3KVymbSHIfUu7ouY1o5P7lsE',	NULL,	99.00,	'https://pay.stripe.com/receipts/acct_1K6WWFSHIfUu7ouY/ch_3KVymbSHIfUu7ouY1o5P7lsE/rcpt_LCNXdQp7yCLRD6728hcjDYUtSoMuNdO',	1,	'2022-02-22 08:22:03',	NULL),
(22,	20,	NULL,	2,	NULL,	'ch_3KWKt9SHIfUu7ouY01t3fHrq',	NULL,	75.00,	'https://pay.stripe.com/receipts/acct_1K6WWFSHIfUu7ouY/ch_3KWKt9SHIfUu7ouY01t3fHrq/rcpt_LCkN8ZvrgfGBOvl8CEdejfCpCHqtyiL',	1,	'2022-02-23 07:58:16',	NULL),
(23,	20,	NULL,	1,	NULL,	'ch_3KX1xXSHIfUu7ouY19wW3Iss',	NULL,	40.00,	'https://pay.stripe.com/receipts/acct_1K6WWFSHIfUu7ouY/ch_3KX1xXSHIfUu7ouY19wW3Iss/rcpt_LDSttLgWWSxoFS0KZylSbKUMrNGyIsn',	1,	'2022-02-25 05:57:40',	NULL),
(24,	20,	NULL,	3,	NULL,	'ch_3KlmQTSHIfUu7ouY0KZa4FGU',	NULL,	99.00,	'https://pay.stripe.com/receipts/acct_1K6WWFSHIfUu7ouY/ch_3KlmQTSHIfUu7ouY0KZa4FGU/rcpt_LShq2OFAhcdmYQECOS1F59UCtl2aJut',	1,	'2022-04-07 03:54:31',	NULL),
(25,	20,	NULL,	3,	NULL,	'ch_3KlmRqSHIfUu7ouY1U3Wmm6U',	NULL,	99.00,	'https://pay.stripe.com/receipts/acct_1K6WWFSHIfUu7ouY/ch_3KlmRqSHIfUu7ouY1U3Wmm6U/rcpt_LShr5uy3TGahOPTMKdMzr60nqnFqykS',	1,	'2022-04-07 03:55:56',	NULL),
(26,	20,	NULL,	1,	NULL,	'ch_3Klo0NSHIfUu7ouY1CVI1gXs',	NULL,	40.00,	'https://pay.stripe.com/receipts/acct_1K6WWFSHIfUu7ouY/ch_3Klo0NSHIfUu7ouY1CVI1gXs/rcpt_LSjTrunhrbY4veD5JoQUe7WlL7lc6eP',	1,	'2022-04-07 05:35:41',	NULL),
(27,	20,	NULL,	2,	NULL,	'ch_3KmAlKSHIfUu7ouY1h25QIiy',	NULL,	75.00,	'https://pay.stripe.com/receipts/acct_1K6WWFSHIfUu7ouY/ch_3KmAlKSHIfUu7ouY1h25QIiy/rcpt_LT6zAxzxXWHeY3Ug5CMfHRoY4jUFRHu',	1,	'2022-04-08 05:53:40',	NULL),
(28,	20,	NULL,	1,	NULL,	'ch_3KmBhtSHIfUu7ouY0zAVJmML',	'2022-04-17',	40.00,	'https://pay.stripe.com/receipts/acct_1K6WWFSHIfUu7ouY/ch_3KmBhtSHIfUu7ouY0zAVJmML/rcpt_LT7x8AOSMKajTdTcuiBl99Ryrz9ip7O',	1,	'2022-04-08 06:54:10',	NULL),
(29,	26,	NULL,	1,	NULL,	'ch_3KmCabSHIfUu7ouY0CuMwGfP',	NULL,	40.00,	'https://pay.stripe.com/receipts/acct_1K6WWFSHIfUu7ouY/ch_3KmCabSHIfUu7ouY0CuMwGfP/rcpt_LT8sZupsmdRdACiIM2bOmPQIYLbuarv',	1,	'2022-04-08 07:50:42',	NULL),
(30,	25,	NULL,	2,	NULL,	'ch_3KmJrCSHIfUu7ouY0UoRPST2',	NULL,	75.00,	'https://pay.stripe.com/receipts/acct_1K6WWFSHIfUu7ouY/ch_3KmJrCSHIfUu7ouY0UoRPST2/rcpt_LTGNWtdwegmbNGL8iLxPq86Var4Bdra',	1,	'2022-04-08 15:36:20',	NULL),
(31,	25,	NULL,	1,	NULL,	'ch_3KmJsESHIfUu7ouY0zI35C66',	NULL,	40.00,	'https://pay.stripe.com/receipts/acct_1K6WWFSHIfUu7ouY/ch_3KmJsESHIfUu7ouY0zI35C66/rcpt_LTGPNWFZqPth1bo4z7z91bxvc9B8IU7',	1,	'2022-04-08 15:37:23',	NULL),
(32,	25,	NULL,	2,	NULL,	'ch_3KmJvRSHIfUu7ouY1iFXThzm',	NULL,	75.00,	'https://pay.stripe.com/receipts/acct_1K6WWFSHIfUu7ouY/ch_3KmJvRSHIfUu7ouY1iFXThzm/rcpt_LTGS4DKg3N2IGYdj2gjskmBElvSf2cs',	1,	'2022-04-08 15:40:43',	NULL),
(33,	20,	NULL,	2,	NULL,	'ch_3KmSRPSHIfUu7ouY00I699Wf',	NULL,	75.00,	'https://pay.stripe.com/receipts/acct_1K6WWFSHIfUu7ouY/ch_3KmSRPSHIfUu7ouY00I699Wf/rcpt_LTPFTpBTk8OquU7Td8FuJFcUiyL5j3b',	1,	'2022-04-09 00:46:17',	NULL),
(34,	26,	NULL,	1,	NULL,	'ch_3KmY30SHIfUu7ouY1k7Ygjp8',	NULL,	40.00,	'https://pay.stripe.com/receipts/acct_1K6WWFSHIfUu7ouY/ch_3KmY30SHIfUu7ouY1k7Ygjp8/rcpt_LTV3lkjHzyxZTiifJUQbWs20wNyxdLq',	1,	'2022-04-09 06:45:28',	NULL),
(35,	37,	NULL,	2,	NULL,	'ch_3KnH11SHIfUu7ouY1tzPK5u3',	NULL,	75.00,	'https://pay.stripe.com/receipts/acct_1K6WWFSHIfUu7ouY/ch_3KnH11SHIfUu7ouY1tzPK5u3/rcpt_LUFW8hP79vp5bSr5slQ2JTiPTZy9r3C',	1,	'2022-04-11 06:46:24',	NULL),
(36,	44,	NULL,	2,	NULL,	'ch_3KnH96SHIfUu7ouY0PSOjFpy',	NULL,	75.00,	'https://pay.stripe.com/receipts/acct_1K6WWFSHIfUu7ouY/ch_3KnH96SHIfUu7ouY0PSOjFpy/rcpt_LUFeR77eJbRmQPLg4tkeUVjzAp52uis',	1,	'2022-04-11 06:54:46',	NULL),
(37,	45,	NULL,	2,	NULL,	'ch_3KnKLOSHIfUu7ouY1wpUHwgp',	NULL,	75.00,	'https://pay.stripe.com/receipts/acct_1K6WWFSHIfUu7ouY/ch_3KnKLOSHIfUu7ouY1wpUHwgp/rcpt_LUIxiq65bPYvuU2cjZ2aE81K2FQWdIu',	1,	'2022-04-11 10:19:39',	NULL),
(38,	41,	NULL,	2,	NULL,	'ch_3KnLAfSHIfUu7ouY1hN1hgmw',	NULL,	75.00,	'https://pay.stripe.com/receipts/acct_1K6WWFSHIfUu7ouY/ch_3KnLAfSHIfUu7ouY1hN1hgmw/rcpt_LUJoOfpDbLImKI09BZwSiGJSaN11sRY',	1,	'2022-04-11 11:12:38',	NULL),
(39,	49,	NULL,	2,	NULL,	'ch_3KnPmFSHIfUu7ouY0qlYQUgG',	NULL,	75.00,	'https://pay.stripe.com/receipts/acct_1K6WWFSHIfUu7ouY/ch_3KnPmFSHIfUu7ouY0qlYQUgG/rcpt_LUOZ9TGNy2DPGrTBEYGl64h5WUQLgRX',	1,	'2022-04-11 16:07:44',	NULL),
(40,	54,	NULL,	2,	NULL,	'ch_3KndJtSHIfUu7ouY0FY8drj2',	NULL,	75.00,	'https://pay.stripe.com/receipts/acct_1K6WWFSHIfUu7ouY/ch_3KndJtSHIfUu7ouY0FY8drj2/rcpt_LUcZNfCgFEWK743mM8iSE2prd07ycKx',	1,	'2022-04-12 06:35:22',	NULL),
(41,	56,	NULL,	3,	NULL,	'ch_3Kng4CSHIfUu7ouY0upebByQ',	NULL,	99.00,	'https://pay.stripe.com/receipts/acct_1K6WWFSHIfUu7ouY/ch_3Kng4CSHIfUu7ouY0upebByQ/rcpt_LUfPTURR7izERNBfbUkaHh2hXwvy1hw',	1,	'2022-04-12 09:31:22',	NULL),
(42,	33,	NULL,	3,	NULL,	'ch_3KnglaSHIfUu7ouY1VqQVsSQ',	NULL,	99.00,	'https://pay.stripe.com/receipts/acct_1K6WWFSHIfUu7ouY/ch_3KnglaSHIfUu7ouY1VqQVsSQ/rcpt_LUg7RIJ1mD9SRI2rP0DHYV6FWLYlu28',	1,	'2022-04-12 10:16:12',	NULL),
(43,	55,	NULL,	1,	NULL,	'ch_3KngtlSHIfUu7ouY1b3qJgCV',	NULL,	40.00,	'https://pay.stripe.com/receipts/acct_1K6WWFSHIfUu7ouY/ch_3KngtlSHIfUu7ouY1b3qJgCV/rcpt_LUgGs28oV8dtE14CI7ZaJhBIF7xOysj',	1,	'2022-04-12 10:24:39',	NULL),
(44,	55,	NULL,	3,	NULL,	'ch_3KngxOSHIfUu7ouY1LGZiOm0',	NULL,	99.00,	'https://pay.stripe.com/receipts/acct_1K6WWFSHIfUu7ouY/ch_3KngxOSHIfUu7ouY1LGZiOm0/rcpt_LUgK1zstjzUZ22e6nI4hQuNVmK45Pva',	1,	'2022-04-12 10:28:23',	NULL),
(45,	55,	NULL,	3,	NULL,	'ch_3KnkiESHIfUu7ouY1ulvTgku',	NULL,	99.00,	'https://pay.stripe.com/receipts/acct_1K6WWFSHIfUu7ouY/ch_3KnkiESHIfUu7ouY1ulvTgku/rcpt_LUkCAG0fTv8swJg48VJk9F0CNRW83hu',	1,	'2022-04-12 14:28:59',	NULL),
(46,	55,	NULL,	3,	NULL,	'ch_3KnkjtSHIfUu7ouY1xDvDDy9',	NULL,	99.00,	'https://pay.stripe.com/receipts/acct_1K6WWFSHIfUu7ouY/ch_3KnkjtSHIfUu7ouY1xDvDDy9/rcpt_LUkEtzd5tzKWVZHN5CByk0HCYqXths0',	1,	'2022-04-12 14:30:42',	NULL),
(47,	55,	NULL,	2,	NULL,	'ch_3KnkkuSHIfUu7ouY1Vn49ikv',	NULL,	75.00,	'https://pay.stripe.com/receipts/acct_1K6WWFSHIfUu7ouY/ch_3KnkkuSHIfUu7ouY1Vn49ikv/rcpt_LUkFYbBd4CIe3enohDH8SFqBcP3UdNP',	1,	'2022-04-12 14:31:45',	NULL),
(48,	55,	NULL,	2,	NULL,	'ch_3Ko6T0SHIfUu7ouY1t6duytT',	NULL,	1200.00,	'https://pay.stripe.com/receipts/acct_1K6WWFSHIfUu7ouY/ch_3Ko6T0SHIfUu7ouY1t6duytT/rcpt_LV6gbfTMt8FLhicGisho30lA7zvUsix',	1,	'2022-04-13 13:42:43',	NULL),
(49,	55,	NULL,	1,	NULL,	'ch_3KoRjiSHIfUu7ouY1pG7i83x',	NULL,	398.00,	'https://pay.stripe.com/receipts/acct_1K6WWFSHIfUu7ouY/ch_3KoRjiSHIfUu7ouY1pG7i83x/rcpt_LVSfOAYAlZjHqKXK8PGfFgOe0nZBzJR',	1,	'2022-04-14 12:25:24',	NULL),
(50,	55,	NULL,	1,	NULL,	'ch_3KoRjkSHIfUu7ouY0MJBELli',	NULL,	398.00,	'https://pay.stripe.com/receipts/acct_1K6WWFSHIfUu7ouY/ch_3KoRjkSHIfUu7ouY0MJBELli/rcpt_LVSf16KFtazLIOHG8S25PR6ierAhdZk',	1,	'2022-04-14 12:25:25',	NULL),
(51,	62,	NULL,	3,	NULL,	'ch_3Kp4uLSHIfUu7ouY0tStLImL',	NULL,	2100.00,	'https://pay.stripe.com/receipts/acct_1K6WWFSHIfUu7ouY/ch_3Kp4uLSHIfUu7ouY0tStLImL/rcpt_LW78Ux1xfiCtHDS3QxU1LfeUGoi3MeE',	1,	'2022-04-16 06:14:58',	NULL);

DROP TABLE IF EXISTS `permissions`;
CREATE TABLE `permissions` (
  `id` bigint unsigned NOT NULL AUTO_INCREMENT,
  `name` varchar(191) CHARACTER SET utf8mb4 COLLATE utf8mb4_unicode_ci NOT NULL,
  `guard_name` varchar(191) CHARACTER SET utf8mb4 COLLATE utf8mb4_unicode_ci DEFAULT NULL,
  `created_at` timestamp NULL DEFAULT NULL,
  `updated_at` timestamp NULL DEFAULT NULL,
  PRIMARY KEY (`id`)
) ENGINE=InnoDB DEFAULT CHARSET=utf8mb4 COLLATE=utf8mb4_unicode_ci;

INSERT INTO `permissions` (`id`, `name`, `guard_name`, `created_at`, `updated_at`) VALUES
(1,	'permission-list',	'web',	'2021-11-19 05:53:37',	'2021-11-19 05:53:37'),
(2,	'permission-create',	'web',	'2021-11-19 05:53:37',	'2021-11-19 05:53:37'),
(3,	'permission-update',	'web',	'2021-11-19 05:53:37',	'2021-11-19 05:53:37'),
(4,	'permission-delete',	'web',	'2021-11-19 05:53:37',	'2021-11-19 05:53:37'),
(5,	'role-list',	'web',	'2021-11-19 05:53:37',	'2021-11-19 05:53:37'),
(6,	'role-create',	'web',	'2021-11-19 05:53:37',	'2021-11-19 05:53:37'),
(7,	'role-update',	'web',	'2021-11-19 05:53:37',	'2021-11-19 05:53:37'),
(8,	'role-delete',	'web',	'2021-11-19 05:53:37',	'2021-11-19 05:53:37'),
(9,	'dashboard-access',	'web',	'2021-11-19 05:53:37',	'2021-11-19 05:53:37');

DROP TABLE IF EXISTS `personal_access_tokens`;
CREATE TABLE `personal_access_tokens` (
  `id` bigint unsigned NOT NULL AUTO_INCREMENT,
  `tokenable_type` varchar(191) CHARACTER SET utf8mb4 COLLATE utf8mb4_unicode_ci NOT NULL,
  `tokenable_id` bigint unsigned NOT NULL,
  `name` varchar(191) CHARACTER SET utf8mb4 COLLATE utf8mb4_unicode_ci NOT NULL,
  `token` varchar(64) CHARACTER SET utf8mb4 COLLATE utf8mb4_unicode_ci NOT NULL,
  `abilities` text CHARACTER SET utf8mb4 COLLATE utf8mb4_unicode_ci,
  `last_used_at` timestamp NULL DEFAULT NULL,
  `created_at` timestamp NULL DEFAULT NULL,
  `updated_at` timestamp NULL DEFAULT NULL,
  PRIMARY KEY (`id`),
  UNIQUE KEY `personal_access_tokens_token_unique` (`token`),
  KEY `personal_access_tokens_tokenable_type_tokenable_id_index` (`tokenable_type`,`tokenable_id`)
) ENGINE=InnoDB DEFAULT CHARSET=utf8mb4 COLLATE=utf8mb4_unicode_ci;

INSERT INTO `personal_access_tokens` (`id`, `tokenable_type`, `tokenable_id`, `name`, `token`, `abilities`, `last_used_at`, `created_at`, `updated_at`) VALUES
(27,	'App\\Models\\User',	2,	'Desktop Web',	'e6a534be0f4469d1d26d1f1c7ad22997bc0347adbc8dd1c5ecbfe53f54803390',	'[\"*\"]',	NULL,	'2021-12-01 01:20:00',	'2021-12-01 01:20:00'),
(44,	'App\\Models\\User',	5,	'Desktop Web',	'1980792b5bc96fe110a4616bfed5c0181139b9c25c38dff47f0a6950d1df7751',	'[\"*\"]',	NULL,	'2021-12-16 00:22:27',	'2021-12-16 00:22:27'),
(76,	'App\\Models\\User',	8,	'Desktop Web',	'490bf532a9457bd1ad2b12bf342c0d7eda2c34c1424fb07755495198db6ac8f3',	'[\"*\"]',	NULL,	'2022-01-27 02:00:28',	'2022-01-27 02:00:28'),
(81,	'App\\Models\\User',	18,	'Desktop Web',	'a33db27c9130fe73520fec4e9f5c4a55ccc3f9231778414ce869a1d220f1f7fe',	'[\"*\"]',	NULL,	'2022-02-21 07:21:00',	'2022-02-21 07:21:00'),
(94,	'App\\Models\\User',	22,	'Desktop Web',	'a3e30ebbfcc0390287c8688952d0eebc213967bd6cacf95aec7f905602816cfb',	'[\"*\"]',	NULL,	'2022-03-09 10:59:39',	'2022-03-09 10:59:39'),
(95,	'App\\Models\\User',	23,	'Desktop Web',	'40bc3511e33e0940fdd9df31999ed617cc8be4ca25a6c982ed1454733f83e197',	'[\"*\"]',	NULL,	'2022-03-14 12:46:51',	'2022-03-14 12:46:51'),
(107,	'App\\Models\\User',	11,	'Desktop Web',	'b1c1fd2d1f3779cb452044b8f44c7a897f3bfafe9778338ed2ba2f4d25bb88cb',	'[\"*\"]',	NULL,	'2022-04-07 15:29:40',	'2022-04-07 15:29:40'),
(110,	'App\\Models\\User',	10,	'Desktop Web',	'afa2dffb59063a255a565b58e9b4012f19cdff08df43c52e03b5613befe6ea6d',	'[\"*\"]',	NULL,	'2022-04-08 04:42:09',	'2022-04-08 04:42:09'),
(161,	'App\\Models\\User',	25,	'Desktop Web',	'e48bbca5416dfac9119783c1c33f24a759e7d9834bfbdb148ad908f7ba6821e8',	'[\"*\"]',	NULL,	'2022-04-08 15:52:22',	'2022-04-08 15:52:22'),
(189,	'App\\Models\\User',	24,	'Desktop Web',	'fa4ede307ec082932bbacb9cad6cdc9d7b5269fb7896c33f38ea167bcc54a2ae',	'[\"*\"]',	NULL,	'2022-04-11 11:08:01',	'2022-04-11 11:08:01'),
(196,	'App\\Models\\User',	48,	'Desktop Web',	'391055b003d61d2b6d7b1eb59f683aec4d86489bc1f75fdcc35b65f1e0f2a9e2',	'[\"*\"]',	NULL,	'2022-04-11 13:27:15',	'2022-04-11 13:27:15'),
(200,	'App\\Models\\User',	52,	'Desktop Web',	'63228ce69f183640c22882ebb7229b5a53cff6a86203ce307bf211c1235d6361',	'[\"*\"]',	NULL,	'2022-04-11 14:30:40',	'2022-04-11 14:30:40'),
(201,	'App\\Models\\User',	26,	'Desktop Web',	'b635089e1f67e3bb9c1403dc851309afc4ec69d309a85748f7b6e3bcbc730d87',	'[\"*\"]',	NULL,	'2022-04-11 16:29:22',	'2022-04-11 16:29:22'),
(202,	'App\\Models\\User',	53,	'Desktop Web',	'90f17bb0223e8a2aa486e882f20c05430895627b94e1e4a37ab2efa7eadc613a',	'[\"*\"]',	NULL,	'2022-04-11 16:31:09',	'2022-04-11 16:31:09'),
(205,	'App\\Models\\User',	20,	'Desktop Web',	'c006d2fbc4721e3b138fa95991c12b0eeef9b31ec9ae2836add0de54d3806404',	'[\"*\"]',	NULL,	'2022-04-12 06:13:42',	'2022-04-12 06:13:42'),
(206,	'App\\Models\\User',	54,	'Desktop Web',	'0844660e889f55f1994ef8124e64a7036e7e6ad14833bd65e219cfce5dea70c3',	'[\"*\"]',	NULL,	'2022-04-12 06:20:50',	'2022-04-12 06:20:50'),
(207,	'App\\Models\\User',	41,	'Desktop Web',	'c1e287d1ba1f61ec171132bedca75927903a131a6a57c2ca649b10bccacfb29d',	'[\"*\"]',	NULL,	'2022-04-12 06:35:59',	'2022-04-12 06:35:59'),
(215,	'App\\Models\\User',	57,	'Desktop Web',	'2e0ff57f491b8536ea6abc41ca2fd86381f6e4dffac69b1490ef96340efed041',	'[\"*\"]',	NULL,	'2022-04-12 10:51:37',	'2022-04-12 10:51:37'),
(221,	'App\\Models\\User',	60,	'Desktop Web',	'cca451f0fc05b81e096e9b1de367487c5da24c19671ac54fab5cc888208ebb9e',	'[\"*\"]',	NULL,	'2022-04-14 16:32:10',	'2022-04-14 16:32:10'),
(229,	'App\\Models\\User',	65,	'Desktop Web',	'd4c702344576ae30b7d6678a4b9dd0f6be876fc31dfd4f928ca91a0854129334',	'[\"*\"]',	NULL,	'2022-04-18 05:27:03',	'2022-04-18 05:27:03');

DROP TABLE IF EXISTS `pictures`;
CREATE TABLE `pictures` (
  `id` bigint unsigned NOT NULL AUTO_INCREMENT,
  `post_id` bigint unsigned DEFAULT NULL,
  `filename` varchar(255) CHARACTER SET utf8mb4 COLLATE utf8mb4_unicode_ci DEFAULT NULL,
  `mime_type` varchar(200) CHARACTER SET utf8mb4 COLLATE utf8mb4_unicode_ci DEFAULT NULL,
  `position` int unsigned NOT NULL DEFAULT '0',
  `active` tinyint unsigned DEFAULT '1',
  `created_at` timestamp NULL DEFAULT NULL,
  `updated_at` timestamp NULL DEFAULT NULL,
  PRIMARY KEY (`id`),
  KEY `pictures_post_id_index` (`post_id`),
  KEY `pictures_active_index` (`active`)
) ENGINE=InnoDB DEFAULT CHARSET=utf8mb4 COLLATE=utf8mb4_unicode_ci;


DROP TABLE IF EXISTS `post_types`;
CREATE TABLE `post_types` (
  `id` int unsigned NOT NULL AUTO_INCREMENT,
  `name` text CHARACTER SET utf8mb4 COLLATE utf8mb4_unicode_ci NOT NULL,
  `lft` int unsigned DEFAULT NULL,
  `rgt` int unsigned DEFAULT NULL,
  `depth` int unsigned DEFAULT NULL,
  `active` tinyint unsigned DEFAULT '1',
  PRIMARY KEY (`id`),
  KEY `post_types_active_index` (`active`)
) ENGINE=InnoDB DEFAULT CHARSET=utf8mb4 COLLATE=utf8mb4_unicode_ci;

INSERT INTO `post_types` (`id`, `name`, `lft`, `rgt`, `depth`, `active`) VALUES
(1,	'{\"en\":\"Private individual\",\"fr\":\"Particulier\",\"es\":\"Privado\",\"ar\":\"خاص\",\"pt\":\"Privado\",\"ru\":\"Частный\",\"tr\":\"Özel\",\"th\":\"เอกชน\",\"ka\":\"პირადი\",\"zh\":\"私人的\",\"ja\":\"非公開\",\"it\":\"Privato\",\"ro\":\"Particular\",\"de\":\"Privatperson\"}',	NULL,	NULL,	NULL,	1),
(2,	'{\"en\":\"Professional\",\"fr\":\"Professionnel\",\"es\":\"Negocio\",\"ar\":\"المحترفين\",\"pt\":\"O negócio\",\"ru\":\"Бизнес\",\"tr\":\"Ticaret\",\"th\":\"ธุรกิจ\",\"ka\":\"ბიზნესი\",\"zh\":\"专业的\",\"ja\":\"プロ\",\"it\":\"Professionale\",\"ro\":\"Profesional\",\"de\":\"Fachmann\\/Fachfrau\"}',	NULL,	NULL,	NULL,	1);

DROP TABLE IF EXISTS `post_values`;
CREATE TABLE `post_values` (
  `id` bigint unsigned NOT NULL AUTO_INCREMENT,
  `post_id` bigint unsigned DEFAULT NULL,
  `field_id` int unsigned DEFAULT NULL,
  `option_id` int unsigned DEFAULT NULL,
  `value` mediumtext CHARACTER SET utf8mb4 COLLATE utf8mb4_unicode_ci,
  PRIMARY KEY (`id`),
  KEY `post_values_post_id_index` (`post_id`),
  KEY `post_values_field_id_index` (`field_id`),
  KEY `post_values_option_id_index` (`option_id`)
) ENGINE=InnoDB DEFAULT CHARSET=utf8mb4 COLLATE=utf8mb4_unicode_ci;


DROP TABLE IF EXISTS `posts`;
CREATE TABLE `posts` (
  `id` bigint unsigned NOT NULL AUTO_INCREMENT,
  `country_code` varchar(2) CHARACTER SET utf8mb4 COLLATE utf8mb4_unicode_ci DEFAULT NULL,
  `user_id` bigint unsigned DEFAULT NULL,
  `category_id` int unsigned DEFAULT NULL,
  `post_type_id` int unsigned DEFAULT NULL,
  `title` varchar(191) CHARACTER SET utf8mb4 COLLATE utf8mb4_unicode_ci NOT NULL,
  `description` text CHARACTER SET utf8mb4 COLLATE utf8mb4_unicode_ci NOT NULL,
  `tags` text CHARACTER SET utf8mb4 COLLATE utf8mb4_unicode_ci,
  `price` decimal(17,2) unsigned DEFAULT NULL,
  `negotiable` tinyint(1) DEFAULT '0',
  `contact_name` varchar(191) CHARACTER SET utf8mb4 COLLATE utf8mb4_unicode_ci DEFAULT NULL,
  `email` varchar(100) CHARACTER SET utf8mb4 COLLATE utf8mb4_unicode_ci DEFAULT NULL,
  `phone` varchar(50) CHARACTER SET utf8mb4 COLLATE utf8mb4_unicode_ci DEFAULT NULL,
  `phone_hidden` tinyint(1) DEFAULT '0',
  `address` varchar(191) CHARACTER SET utf8mb4 COLLATE utf8mb4_unicode_ci DEFAULT NULL,
  `city_id` bigint unsigned DEFAULT NULL,
  `lon` double(8,2) DEFAULT NULL COMMENT 'longitude in decimal degrees (wgs84)',
  `lat` double(8,2) DEFAULT NULL COMMENT 'latitude in decimal degrees (wgs84)',
  `ip_addr` varchar(50) CHARACTER SET utf8mb4 COLLATE utf8mb4_unicode_ci DEFAULT NULL,
  `visits` int unsigned DEFAULT '0',
  `email_token` varchar(32) CHARACTER SET utf8mb4 COLLATE utf8mb4_unicode_ci DEFAULT NULL,
  `phone_token` varchar(32) CHARACTER SET utf8mb4 COLLATE utf8mb4_unicode_ci DEFAULT NULL,
  `tmp_token` varchar(32) CHARACTER SET utf8mb4 COLLATE utf8mb4_unicode_ci DEFAULT NULL,
  `verified_email` tinyint unsigned DEFAULT '0',
  `verified_phone` tinyint unsigned DEFAULT '1',
  `accept_terms` tinyint(1) DEFAULT '0',
  `accept_marketing_offers` tinyint(1) DEFAULT '0',
  `is_permanent` tinyint(1) DEFAULT '0',
  `reviewed` tinyint(1) DEFAULT '0',
  `featured` tinyint unsigned DEFAULT '0',
  `archived` tinyint(1) DEFAULT '0',
  `archived_at` timestamp NULL DEFAULT NULL,
  `archived_manually` tinyint unsigned DEFAULT '0',
  `deletion_mail_sent_at` timestamp NULL DEFAULT NULL,
  `fb_profile` varchar(255) CHARACTER SET utf8mb4 COLLATE utf8mb4_unicode_ci DEFAULT NULL,
  `partner` varchar(50) CHARACTER SET utf8mb4 COLLATE utf8mb4_unicode_ci DEFAULT NULL,
  `deleted_at` timestamp NULL DEFAULT NULL,
  `created_at` timestamp NULL DEFAULT NULL,
  `updated_at` timestamp NULL DEFAULT NULL,
  PRIMARY KEY (`id`),
  KEY `posts_lon_lat_index` (`lon`,`lat`),
  KEY `posts_country_code_index` (`country_code`),
  KEY `posts_user_id_index` (`user_id`),
  KEY `posts_category_id_index` (`category_id`),
  KEY `posts_title_index` (`title`),
  KEY `posts_address_index` (`address`),
  KEY `posts_city_id_index` (`city_id`),
  KEY `posts_reviewed_index` (`reviewed`),
  KEY `posts_featured_index` (`featured`),
  KEY `posts_post_type_id_index` (`post_type_id`),
  KEY `posts_contact_name_index` (`contact_name`),
  KEY `posts_verified_email_index` (`verified_email`),
  KEY `posts_verified_phone_index` (`verified_phone`),
  KEY `posts_archived_index` (`archived`),
  KEY `posts_is_permanent_index` (`is_permanent`)
) ENGINE=InnoDB DEFAULT CHARSET=utf8mb4 COLLATE=utf8mb4_unicode_ci;


DROP TABLE IF EXISTS `report_types`;
CREATE TABLE `report_types` (
  `id` int unsigned NOT NULL AUTO_INCREMENT,
  `name` text CHARACTER SET utf8mb4 COLLATE utf8mb4_unicode_ci NOT NULL,
  PRIMARY KEY (`id`)
) ENGINE=InnoDB DEFAULT CHARSET=utf8mb4 COLLATE=utf8mb4_unicode_ci;

INSERT INTO `report_types` (`id`, `name`) VALUES
(1,	'{\"en\":\"Fraud\",\"fr\":\"Fraude\",\"es\":\"Fraude\",\"ar\":\"تزوير\"}'),
(2,	'{\"en\":\"Duplicate\",\"fr\":\"Dupliquée\",\"es\":\"Duplicar\",\"ar\":\"مكرر\"}'),
(3,	'{\"en\":\"Spam\",\"fr\":\"Indésirable\",\"es\":\"indeseable\",\"ar\":\"بريد مؤذي\"}'),
(4,	'{\"en\":\"Wrong category\",\"fr\":\"Mauvaise categorie\",\"es\":\"Categoría incorrecta\",\"ar\":\"فئة خاطئة\"}'),
(5,	'{\"en\":\"Other\",\"fr\":\"Autre\",\"es\":\"Otro\",\"ar\":\"آخر\"}');

DROP TABLE IF EXISTS `role_has_permissions`;
CREATE TABLE `role_has_permissions` (
  `permission_id` bigint unsigned NOT NULL,
  `role_id` bigint unsigned NOT NULL,
  PRIMARY KEY (`permission_id`,`role_id`),
  KEY `role_has_permissions_role_id_foreign` (`role_id`),
  CONSTRAINT `role_has_permissions_permission_id_foreign` FOREIGN KEY (`permission_id`) REFERENCES `permissions` (`id`) ON DELETE CASCADE,
  CONSTRAINT `role_has_permissions_role_id_foreign` FOREIGN KEY (`role_id`) REFERENCES `roles` (`id`) ON DELETE CASCADE
) ENGINE=InnoDB DEFAULT CHARSET=utf8mb4 COLLATE=utf8mb4_unicode_ci;

INSERT INTO `role_has_permissions` (`permission_id`, `role_id`) VALUES
(1,	1),
(2,	1),
(3,	1),
(4,	1),
(5,	1),
(6,	1),
(7,	1),
(8,	1),
(9,	1),
(1,	2),
(2,	2),
(3,	2),
(4,	2),
(5,	2),
(6,	2),
(7,	2),
(8,	2),
(9,	2);

DROP TABLE IF EXISTS `roles`;
CREATE TABLE `roles` (
  `id` bigint unsigned NOT NULL AUTO_INCREMENT,
  `name` varchar(191) CHARACTER SET utf8mb4 COLLATE utf8mb4_unicode_ci NOT NULL,
  `guard_name` varchar(191) CHARACTER SET utf8mb4 COLLATE utf8mb4_unicode_ci DEFAULT NULL,
  `created_at` timestamp NULL DEFAULT NULL,
  `updated_at` timestamp NULL DEFAULT NULL,
  PRIMARY KEY (`id`)
) ENGINE=InnoDB DEFAULT CHARSET=utf8mb4 COLLATE=utf8mb4_unicode_ci;

INSERT INTO `roles` (`id`, `name`, `guard_name`, `created_at`, `updated_at`) VALUES
(1,	'super-admin',	'web',	'2021-11-19 05:53:37',	'2021-11-19 05:53:37'),
(2,	'Admin',	'web',	'2022-04-19 12:49:06',	'2022-04-19 12:49:06');

DROP TABLE IF EXISTS `saved_posts`;
CREATE TABLE `saved_posts` (
  `id` bigint unsigned NOT NULL AUTO_INCREMENT,
  `user_id` bigint unsigned DEFAULT NULL,
  `post_id` bigint unsigned DEFAULT NULL,
  `created_at` timestamp NULL DEFAULT NULL,
  `updated_at` timestamp NULL DEFAULT NULL,
  PRIMARY KEY (`id`),
  KEY `saved_posts_user_id_index` (`user_id`),
  KEY `saved_posts_post_id_index` (`post_id`)
) ENGINE=InnoDB DEFAULT CHARSET=utf8mb4 COLLATE=utf8mb4_unicode_ci;


DROP TABLE IF EXISTS `saved_search`;
CREATE TABLE `saved_search` (
  `id` bigint unsigned NOT NULL AUTO_INCREMENT,
  `country_code` varchar(2) CHARACTER SET utf8mb4 COLLATE utf8mb4_unicode_ci DEFAULT NULL,
  `user_id` bigint unsigned DEFAULT NULL,
  `keyword` varchar(200) CHARACTER SET utf8mb4 COLLATE utf8mb4_unicode_ci DEFAULT NULL COMMENT 'To show',
  `query` varchar(255) CHARACTER SET utf8mb4 COLLATE utf8mb4_unicode_ci DEFAULT NULL,
  `count` int unsigned DEFAULT '0',
  `created_at` timestamp NULL DEFAULT NULL,
  `updated_at` timestamp NULL DEFAULT NULL,
  PRIMARY KEY (`id`),
  KEY `saved_search_user_id_index` (`user_id`),
  KEY `saved_search_country_code_index` (`country_code`)
) ENGINE=InnoDB DEFAULT CHARSET=utf8mb4 COLLATE=utf8mb4_unicode_ci;


DROP TABLE IF EXISTS `sessions`;
CREATE TABLE `sessions` (
  `id` varchar(11) CHARACTER SET utf8mb4 COLLATE utf8mb4_unicode_ci NOT NULL DEFAULT '',
  `payload` mediumtext CHARACTER SET utf8mb4 COLLATE utf8mb4_unicode_ci,
  `last_activity` int unsigned NOT NULL,
  `user_id` int unsigned NOT NULL,
  `ip_address` varchar(250) CHARACTER SET utf8mb4 COLLATE utf8mb4_unicode_ci NOT NULL DEFAULT '',
  `user_agent` mediumtext CHARACTER SET utf8mb4 COLLATE utf8mb4_unicode_ci NOT NULL
) ENGINE=InnoDB DEFAULT CHARSET=utf8mb4 COLLATE=utf8mb4_unicode_ci;


DROP TABLE IF EXISTS `settings`;
CREATE TABLE `settings` (
  `id` int unsigned NOT NULL AUTO_INCREMENT,
  `key` varchar(100) CHARACTER SET utf8mb4 COLLATE utf8mb4_unicode_ci NOT NULL,
  `name` varchar(255) CHARACTER SET utf8mb4 COLLATE utf8mb4_unicode_ci NOT NULL,
  `value` mediumtext CHARACTER SET utf8mb4 COLLATE utf8mb4_unicode_ci,
  `description` varchar(500) CHARACTER SET utf8mb4 COLLATE utf8mb4_unicode_ci DEFAULT NULL,
  `field` mediumtext CHARACTER SET utf8mb4 COLLATE utf8mb4_unicode_ci,
  `parent_id` int unsigned DEFAULT NULL,
  `lft` int unsigned DEFAULT NULL,
  `rgt` int unsigned DEFAULT NULL,
  `depth` int unsigned DEFAULT NULL,
  `active` tinyint(1) DEFAULT NULL,
  `created_at` timestamp NULL DEFAULT NULL,
  `updated_at` timestamp NULL DEFAULT NULL,
  PRIMARY KEY (`id`),
  UNIQUE KEY `settings_key_unique` (`key`),
  KEY `settings_active_index` (`active`)
) ENGINE=InnoDB DEFAULT CHARSET=utf8mb4 COLLATE=utf8mb4_unicode_ci;

INSERT INTO `settings` (`id`, `key`, `name`, `value`, `description`, `field`, `parent_id`, `lft`, `rgt`, `depth`, `active`, `created_at`, `updated_at`) VALUES
(1,	'app',	'Application',	'{\"purchase_code\":\"796c3e67-6fe8-4638-a8d1-0c130d10b822\",\"name\":\"striver\",\"slogan\":\"https:\\/\\/codecanyon.net\\/item\\/laraclassified-geo-classified-ads-cms\\/16458425\",\"email\":\"sunil@gmail.com\"}',	'Application Setup',	NULL,	NULL,	2,	3,	1,	1,	NULL,	NULL),
(2,	'style',	'Style',	NULL,	'Style Customization',	NULL,	NULL,	4,	5,	1,	1,	NULL,	NULL),
(3,	'listing',	'Listing & Search',	NULL,	'Listing & Search Options',	NULL,	NULL,	6,	7,	1,	1,	NULL,	NULL),
(4,	'single',	'Ads (Form & Page)',	NULL,	'Ads (Form & Single Page) Options',	NULL,	NULL,	8,	9,	1,	1,	NULL,	NULL),
(5,	'mail',	'Mail',	'{\"driver\":\"sendmail\",\"sendmail_path\":\"\\/usr\\/sbin\\/sendmail -bs\",\"sendmail_email_sender\":\"sunil@gmail.com\"}',	'Mail Sending Configuration',	NULL,	NULL,	10,	11,	1,	1,	NULL,	NULL),
(6,	'sms',	'SMS',	NULL,	'SMS Sending Configuration',	NULL,	NULL,	12,	13,	1,	1,	NULL,	NULL),
(7,	'upload',	'Upload',	NULL,	'Upload Settings',	NULL,	NULL,	14,	15,	1,	1,	NULL,	NULL),
(8,	'geo_location',	'Geo Location',	'{\"default_country_code\":\"IN\"}',	'Geo Location Configuration',	NULL,	NULL,	16,	17,	1,	1,	NULL,	NULL),
(9,	'security',	'Security',	NULL,	'Security Options',	NULL,	NULL,	18,	19,	1,	1,	NULL,	NULL),
(10,	'social_auth',	'Social Login',	NULL,	'Social Network Login',	NULL,	NULL,	20,	21,	1,	1,	NULL,	NULL),
(11,	'social_link',	'Social Network',	NULL,	'Social Network Profiles',	NULL,	NULL,	22,	23,	1,	1,	NULL,	NULL),
(12,	'optimization',	'Optimization',	NULL,	'Optimization Tools',	NULL,	NULL,	24,	25,	1,	1,	NULL,	NULL),
(13,	'seo',	'SEO',	NULL,	'SEO Tools',	NULL,	NULL,	26,	27,	1,	1,	NULL,	NULL),
(14,	'other',	'Others',	NULL,	'Other Options',	NULL,	NULL,	28,	29,	1,	1,	NULL,	NULL),
(15,	'cron',	'Cron',	NULL,	'Cron Job',	NULL,	NULL,	30,	31,	1,	1,	NULL,	NULL),
(16,	'footer',	'Footer',	NULL,	'Pages Footer',	NULL,	NULL,	32,	33,	1,	1,	NULL,	NULL),
(17,	'backup',	'Backup',	NULL,	'Backup Configuration',	NULL,	NULL,	34,	35,	1,	1,	NULL,	NULL);

DROP TABLE IF EXISTS `subadmin1`;
CREATE TABLE `subadmin1` (
  `id` int unsigned NOT NULL AUTO_INCREMENT,
  `code` varchar(100) CHARACTER SET utf8mb4 COLLATE utf8mb4_unicode_ci NOT NULL,
  `country_code` varchar(2) CHARACTER SET utf8mb4 COLLATE utf8mb4_unicode_ci DEFAULT NULL,
  `name` text CHARACTER SET utf8mb4 COLLATE utf8mb4_unicode_ci NOT NULL,
  `active` tinyint(1) DEFAULT '1',
  PRIMARY KEY (`id`),
  UNIQUE KEY `subadmin1_code_unique` (`code`),
  KEY `subadmin1_active_index` (`active`),
  KEY `subadmin1_country_code_index` (`country_code`)
) ENGINE=InnoDB DEFAULT CHARSET=utf8mb4 COLLATE=utf8mb4_unicode_ci;

INSERT INTO `subadmin1` (`id`, `code`, `country_code`, `name`, `active`) VALUES
(1,	'IN.28',	'IN',	'{\"en\":\"West Bengal\"}',	1),
(2,	'IN.36',	'IN',	'{\"en\":\"Uttar Pradesh\"}',	1),
(3,	'IN.26',	'IN',	'{\"en\":\"Tripura\"}',	1),
(4,	'IN.40',	'IN',	'{\"en\":\"Telangana\"}',	1),
(5,	'IN.25',	'IN',	'{\"en\":\"Tamil Nadu\"}',	1),
(6,	'IN.29',	'IN',	'{\"en\":\"Sikkim\"}',	1),
(7,	'IN.24',	'IN',	'{\"en\":\"Rajasthan\"}',	1),
(8,	'IN.23',	'IN',	'{\"en\":\"Punjab\"}',	1),
(9,	'IN.22',	'IN',	'{\"en\":\"Puducherry\"}',	1),
(10,	'IN.21',	'IN',	'{\"en\":\"Odisha\"}',	1),
(11,	'IN.20',	'IN',	'{\"en\":\"Nagaland\"}',	1),
(12,	'IN.31',	'IN',	'{\"en\":\"Mizoram\"}',	1),
(13,	'IN.18',	'IN',	'{\"en\":\"Meghalaya\"}',	1),
(14,	'IN.17',	'IN',	'{\"en\":\"Manipur\"}',	1),
(15,	'IN.16',	'IN',	'{\"en\":\"Maharashtra\"}',	1),
(16,	'IN.35',	'IN',	'{\"en\":\"Madhya Pradesh\"}',	1),
(17,	'IN.14',	'IN',	'{\"en\":\"Laccadives\"}',	1),
(18,	'IN.13',	'IN',	'{\"en\":\"Kerala\"}',	1),
(19,	'IN.19',	'IN',	'{\"en\":\"Karnataka\"}',	1),
(20,	'IN.12',	'IN',	'{\"en\":\"Jammu and Kashmir\"}',	1),
(21,	'IN.11',	'IN',	'{\"en\":\"Himachal Pradesh\"}',	1),
(22,	'IN.10',	'IN',	'{\"en\":\"Haryana\"}',	1),
(23,	'IN.09',	'IN',	'{\"en\":\"Gujarat\"}',	1),
(24,	'IN.33',	'IN',	'{\"en\":\"Goa\"}',	1),
(25,	'IN.07',	'IN',	'{\"en\":\"Delhi\"}',	1),
(26,	'IN.05',	'IN',	'{\"en\":\"Chandigarh\"}',	1),
(27,	'IN.34',	'IN',	'{\"en\":\"Bihar\"}',	1),
(28,	'IN.03',	'IN',	'{\"en\":\"Assam\"}',	1),
(29,	'IN.30',	'IN',	'{\"en\":\"Arunachal Pradesh\"}',	1),
(30,	'IN.02',	'IN',	'{\"en\":\"Andhra Pradesh\"}',	1),
(31,	'IN.01',	'IN',	'{\"en\":\"Andaman and Nicobar\"}',	1),
(32,	'IN.37',	'IN',	'{\"en\":\"Chhattisgarh\"}',	1),
(33,	'IN.38',	'IN',	'{\"en\":\"Jharkhand\"}',	1),
(34,	'IN.39',	'IN',	'{\"en\":\"Uttarakhand\"}',	1),
(35,	'IN.41',	'IN',	'{\"en\":\"Ladakh\"}',	1),
(36,	'IN.52',	'IN',	'{\"en\":\"Dadra and Nagar Haveli and Daman and Diu\"}',	1);

DROP TABLE IF EXISTS `subadmin2`;
CREATE TABLE `subadmin2` (
  `id` int unsigned NOT NULL AUTO_INCREMENT,
  `code` varchar(100) CHARACTER SET utf8mb4 COLLATE utf8mb4_unicode_ci NOT NULL,
  `country_code` varchar(2) CHARACTER SET utf8mb4 COLLATE utf8mb4_unicode_ci DEFAULT NULL,
  `subadmin1_code` varchar(100) CHARACTER SET utf8mb4 COLLATE utf8mb4_unicode_ci DEFAULT NULL,
  `name` text CHARACTER SET utf8mb4 COLLATE utf8mb4_unicode_ci NOT NULL,
  `active` tinyint(1) DEFAULT '1',
  PRIMARY KEY (`id`),
  UNIQUE KEY `subadmin2_code_unique` (`code`),
  KEY `subadmin2_active_index` (`active`),
  KEY `subadmin2_country_code_index` (`country_code`),
  KEY `subadmin2_subadmin1_code_index` (`subadmin1_code`)
) ENGINE=InnoDB DEFAULT CHARSET=utf8mb4 COLLATE=utf8mb4_unicode_ci;

INSERT INTO `subadmin2` (`id`, `code`, `country_code`, `subadmin1_code`, `name`, `active`) VALUES
(1,	'IN.20.263',	'IN',	'IN.20',	'{\"en\":\"Zunheboto\"}',	1),
(2,	'IN.16.510',	'IN',	'IN.16',	'{\"en\":\"Yavatmal\"}',	1),
(3,	'IN.22.634',	'IN',	'IN.22',	'{\"en\":\"Yanam\"}',	1),
(4,	'IN.20.264',	'IN',	'IN.20',	'{\"en\":\"Wokha\"}',	1),
(5,	'IN.26.289',	'IN',	'IN.26',	'{\"en\":\"West Tripura\"}',	1),
(6,	'IN.30.250',	'IN',	'IN.30',	'{\"en\":\"West Siang\"}',	1),
(7,	'IN.30.246',	'IN',	'IN.30',	'{\"en\":\"West Kameng\"}',	1),
(8,	'IN.02.546',	'IN',	'IN.02',	'{\"en\":\"West Godāvari\"}',	1),
(9,	'IN.29.242',	'IN',	'IN.29',	'{\"en\":\"West District\"}',	1),
(10,	'IN.16.504',	'IN',	'IN.16',	'{\"en\":\"Wardha\"}',	1),
(11,	'IN.40.540',	'IN',	'IN.40',	'{\"en\":\"Warangal\"}',	1),
(12,	'IN.02.544',	'IN',	'IN.02',	'{\"en\":\"Vishākhapatnam\"}',	1),
(13,	'IN.35.443',	'IN',	'IN.35',	'{\"en\":\"Vidisha\"}',	1),
(14,	'IN.36.197',	'IN',	'IN.36',	'{\"en\":\"Vārānasi\"}',	1),
(15,	'IN.09.491',	'IN',	'IN.09',	'{\"en\":\"Valsād\"}',	1),
(16,	'IN.34.220',	'IN',	'IN.34',	'{\"en\":\"Vaishāli\"}',	1),
(17,	'IN.09.486',	'IN',	'IN.09',	'{\"en\":\"Vadodara\"}',	1),
(18,	'IN.39.056',	'IN',	'IN.39',	'{\"en\":\"Uttarkāshi\"}',	1),
(19,	'IN.19.563',	'IN',	'IN.19',	'{\"en\":\"Uttar Kannada\"}',	1),
(20,	'IN.30.249',	'IN',	'IN.30',	'{\"en\":\"Upper Subansiri\"}',	1),
(21,	'IN.36.156',	'IN',	'IN.36',	'{\"en\":\"Unnāo\"}',	1),
(22,	'IN.35.435',	'IN',	'IN.35',	'{\"en\":\"Ujjain\"}',	1),
(23,	'IN.12.019',	'IN',	'IN.12',	'{\"en\":\"Udhampur\"}',	1),
(24,	'IN.24.130',	'IN',	'IN.24',	'{\"en\":\"Udaipur\"}',	1),
(25,	'IN.19.571',	'IN',	'IN.19',	'{\"en\":\"Tumkur\"}',	1),
(26,	'IN.20.267',	'IN',	'IN.20',	'{\"en\":\"Tuensang District\"}',	1),
(27,	'IN.24.120',	'IN',	'IN.24',	'{\"en\":\"Tonk\"}',	1),
(28,	'IN.25.614',	'IN',	'IN.25',	'{\"en\":\"Tiruchirappalli\"}',	1),
(29,	'IN.30.254',	'IN',	'IN.30',	'{\"en\":\"Tirāp\"}',	1),
(30,	'IN.35.424',	'IN',	'IN.35',	'{\"en\":\"Tīkamgarh\"}',	1),
(31,	'IN.09.489',	'IN',	'IN.09',	'{\"en\":\"The Dāngs\"}',	1),
(32,	'IN.25.620',	'IN',	'IN.25',	'{\"en\":\"Thanjavur\"}',	1),
(33,	'IN.16.517',	'IN',	'IN.16',	'{\"en\":\"Thane\"}',	1),
(34,	'IN.39.059',	'IN',	'IN.39',	'{\"en\":\"Tehri-Garhwāl\"}',	1),
(35,	'IN.37.401',	'IN',	'IN.37',	'{\"en\":\"Surguja\"}',	1),
(36,	'IN.09.475',	'IN',	'IN.09',	'{\"en\":\"Surendranagar\"}',	1),
(37,	'IN.09.492',	'IN',	'IN.09',	'{\"en\":\"Sūrat\"}',	1),
(38,	'IN.21.374',	'IN',	'IN.21',	'{\"en\":\"Sundargarh\"}',	1),
(39,	'IN.36.179',	'IN',	'IN.36',	'{\"en\":\"Sultānpur\"}',	1),
(40,	'IN.12.010',	'IN',	'IN.12',	'{\"en\":\"Srīnagar\"}',	1),
(41,	'IN.02.542',	'IN',	'IN.02',	'{\"en\":\"Srīkākulam\"}',	1),
(42,	'IN.26.290',	'IN',	'IN.26',	'{\"en\":\"South Tripura\"}',	1),
(43,	'IN.29.243',	'IN',	'IN.29',	'{\"en\":\"South District\"}',	1),
(44,	'IN.10.076',	'IN',	'IN.10',	'{\"en\":\"Sonīpat\"}',	1),
(45,	'IN.16.526',	'IN',	'IN.16',	'{\"en\":\"Solapur\"}',	1),
(46,	'IN.11.031',	'IN',	'IN.11',	'{\"en\":\"Solan\"}',	1),
(47,	'IN.34.218',	'IN',	'IN.34',	'{\"en\":\"Siwān\"}',	1),
(48,	'IN.36.154',	'IN',	'IN.36',	'{\"en\":\"Sītāpur\"}',	1),
(49,	'IN.34.206',	'IN',	'IN.34',	'{\"en\":\"Sītāmarhi\"}',	1),
(50,	'IN.10.079',	'IN',	'IN.10',	'{\"en\":\"Sirsa\"}',	1),
(51,	'IN.24.117',	'IN',	'IN.24',	'{\"en\":\"Sirohi\"}',	1),
(52,	'IN.11.032',	'IN',	'IN.11',	'{\"en\":\"Sirmaur\"}',	1),
(53,	'IN.38.368',	'IN',	'IN.38',	'{\"en\":\"Pashchim Singhbhūm\"}',	1),
(54,	'IN.11.033',	'IN',	'IN.11',	'{\"en\":\"Shimla\"}',	1),
(55,	'IN.24.111',	'IN',	'IN.24',	'{\"en\":\"Sīkar\"}',	1),
(56,	'IN.35.462',	'IN',	'IN.35',	'{\"en\":\"Sidhi\"}',	1),
(57,	'IN.03.311',	'IN',	'IN.03',	'{\"en\":\"Sibsāgar\"}',	1),
(58,	'IN.35.423',	'IN',	'IN.35',	'{\"en\":\"Shivpurī\"}',	1),
(59,	'IN.19.568',	'IN',	'IN.19',	'{\"en\":\"Shimoga\"}',	1),
(60,	'IN.35.436',	'IN',	'IN.35',	'{\"en\":\"Shājāpur\"}',	1),
(61,	'IN.36.152',	'IN',	'IN.36',	'{\"en\":\"Shāhjahānpur\"}',	1),
(62,	'IN.35.460',	'IN',	'IN.35',	'{\"en\":\"Shahdol\"}',	1),
(63,	'IN.35.456',	'IN',	'IN.35',	'{\"en\":\"Seonī\"}',	1),
(64,	'IN.35.445',	'IN',	'IN.35',	'{\"en\":\"Sehore\"}',	1),
(65,	'IN.24.108',	'IN',	'IN.24',	'{\"en\":\"Sawāi Mādhopur\"}',	1),
(66,	'IN.35.429',	'IN',	'IN.35',	'{\"en\":\"Satna\"}',	1),
(67,	'IN.34.219',	'IN',	'IN.34',	'{\"en\":\"Sāran\"}',	1),
(68,	'IN.23.053',	'IN',	'IN.23',	'{\"en\":\"Sangrur\"}',	1),
(69,	'IN.21.372',	'IN',	'IN.21',	'{\"en\":\"Sambalpur\"}',	1),
(70,	'IN.34.221',	'IN',	'IN.34',	'{\"en\":\"Samastīpur\"}',	1),
(71,	'IN.25.608',	'IN',	'IN.25',	'{\"en\":\"Salem\"}',	1),
(72,	'IN.34.214',	'IN',	'IN.34',	'{\"en\":\"Saharsa\"}',	1),
(73,	'IN.36.132',	'IN',	'IN.36',	'{\"en\":\"Sahāranpur\"}',	1),
(74,	'IN.35.427',	'IN',	'IN.35',	'{\"en\":\"Sāgar\"}',	1),
(75,	'IN.09.472',	'IN',	'IN.09',	'{\"en\":\"Sabarkantha\"}',	1),
(76,	'IN.23.051',	'IN',	'IN.23',	'{\"en\":\"Rupnagar\"}',	1),
(77,	'IN.34.234',	'IN',	'IN.34',	'{\"en\":\"Rohtās\"}',	1),
(78,	'IN.10.082',	'IN',	'IN.10',	'{\"en\":\"Rohtak\"}',	1),
(79,	'IN.35.430',	'IN',	'IN.35',	'{\"en\":\"Rewa\"}',	1),
(80,	'IN.16.528',	'IN',	'IN.16',	'{\"en\":\"Ratnagiri\"}',	1),
(81,	'IN.35.434',	'IN',	'IN.35',	'{\"en\":\"Ratlām\"}',	1),
(82,	'IN.38.364',	'IN',	'IN.38',	'{\"en\":\"Rānchī\"}',	1),
(83,	'IN.36.136',	'IN',	'IN.36',	'{\"en\":\"Rāmpur\"}',	1),
(84,	'IN.25.626',	'IN',	'IN.25',	'{\"en\":\"Rāmanāthapuram\"}',	1),
(85,	'IN.37.408',	'IN',	'IN.37',	'{\"en\":\"Rāj Nāndgaon\"}',	1),
(86,	'IN.09.476',	'IN',	'IN.09',	'{\"en\":\"Rājkot\"}',	1),
(87,	'IN.35.442',	'IN',	'IN.35',	'{\"en\":\"Rājgarh\"}',	1),
(88,	'IN.12.006',	'IN',	'IN.12',	'{\"en\":\"Rājauri\"}',	1),
(89,	'IN.35.446',	'IN',	'IN.35',	'{\"en\":\"Raisen\"}',	1),
(90,	'IN.37.410',	'IN',	'IN.37',	'{\"en\":\"Raipur\"}',	1),
(91,	'IN.37.403',	'IN',	'IN.37',	'{\"en\":\"Raigarh\"}',	1),
(92,	'IN.19.559',	'IN',	'IN.19',	'{\"en\":\"Raichur\"}',	1),
(93,	'IN.36.158',	'IN',	'IN.36',	'{\"en\":\"Rāe Bareli\"}',	1),
(94,	'IN.28.340',	'IN',	'IN.28',	'{\"en\":\"Puruliya\"}',	1),
(95,	'IN.34.211',	'IN',	'IN.34',	'{\"en\":\"Purnia\"}',	1),
(96,	'IN.34.204',	'IN',	'IN.34',	'{\"en\":\"Pūrba Champāran\"}',	1),
(97,	'IN.25.621',	'IN',	'IN.25',	'{\"en\":\"Pudukkottai\"}',	1),
(98,	'IN.36.173',	'IN',	'IN.36',	'{\"en\":\"Pratāpgarh\"}',	1),
(99,	'IN.02.549',	'IN',	'IN.02',	'{\"en\":\"Prakasam\"}',	1),
(100,	'IN.22.635',	'IN',	'IN.22',	'{\"en\":\"Puducherry\"}',	1),
(101,	'IN.39.062',	'IN',	'IN.39',	'{\"en\":\"Pithorāgarh\"}',	1),
(102,	'IN.36.151',	'IN',	'IN.36',	'{\"en\":\"Pīlībhīt\"}',	1),
(103,	'IN.20.266',	'IN',	'IN.20',	'{\"en\":\"Phek\"}',	1),
(104,	'IN.34.230',	'IN',	'IN.34',	'{\"en\":\"Patna\"}',	1),
(105,	'IN.23.048',	'IN',	'IN.23',	'{\"en\":\"Patiala\"}',	1),
(106,	'IN.34.203',	'IN',	'IN.34',	'{\"en\":\"Pashchim Champāran\"}',	1),
(107,	'IN.16.513',	'IN',	'IN.16',	'{\"en\":\"Parbhani\"}',	1),
(108,	'IN.35.426',	'IN',	'IN.35',	'{\"en\":\"Panna\"}',	1),
(109,	'IN.09.484',	'IN',	'IN.09',	'{\"en\":\"Pānch Mahāls\"}',	1),
(110,	'IN.24.118',	'IN',	'IN.24',	'{\"en\":\"Pāli\"}',	1),
(111,	'IN.38.358',	'IN',	'IN.38',	'{\"en\":\"Palāmu\"}',	1),
(112,	'IN.16.525',	'IN',	'IN.16',	'{\"en\":\"Osmanabad\"}',	1),
(113,	'IN.26.292',	'IN',	'IN.26',	'{\"en\":\"North Tripura\"}',	1),
(114,	'IN.29.241',	'IN',	'IN.29',	'{\"en\":\"North District\"}',	1),
(115,	'IN.03.315',	'IN',	'IN.03',	'{\"en\":\"Dima Hasao District\"}',	1),
(116,	'IN.40.533',	'IN',	'IN.40',	'{\"en\":\"Nizamabad\"}',	1),
(117,	'IN.25.611',	'IN',	'IN.25',	'{\"en\":\"Nilgiris\"}',	1),
(118,	'IN.01.638',	'IN',	'IN.01',	'{\"en\":\"Nicobar\"}',	1),
(119,	'IN.02.550',	'IN',	'IN.02',	'{\"en\":\"Nellore\"}',	1),
(120,	'IN.34.237',	'IN',	'IN.34',	'{\"en\":\"Nawāda\"}',	1),
(121,	'IN.35.452',	'IN',	'IN.35',	'{\"en\":\"Narsimhapur\"}',	1),
(122,	'IN.16.511',	'IN',	'IN.16',	'{\"en\":\"Nanded\"}',	1),
(123,	'IN.40.539',	'IN',	'IN.40',	'{\"en\":\"Nalgonda\"}',	1),
(124,	'IN.34.229',	'IN',	'IN.34',	'{\"en\":\"Nālanda\"}',	1),
(125,	'IN.39.066',	'IN',	'IN.39',	'{\"en\":\"Naini Tāl\"}',	1),
(126,	'IN.24.112',	'IN',	'IN.24',	'{\"en\":\"Nāgaur\"}',	1),
(127,	'IN.28.336',	'IN',	'IN.28',	'{\"en\":\"Nadia\"}',	1),
(128,	'IN.19.577',	'IN',	'IN.19',	'{\"en\":\"Mysore\"}',	1),
(129,	'IN.34.216',	'IN',	'IN.34',	'{\"en\":\"Muzaffarpur\"}',	1),
(130,	'IN.36.133',	'IN',	'IN.36',	'{\"en\":\"Muzaffarnagar\"}',	1),
(131,	'IN.34.226',	'IN',	'IN.34',	'{\"en\":\"Munger\"}',	1),
(132,	'IN.35.419',	'IN',	'IN.35',	'{\"en\":\"Morena\"}',	1),
(133,	'IN.36.135',	'IN',	'IN.36',	'{\"en\":\"Morādābād\"}',	1),
(134,	'IN.20.261',	'IN',	'IN.20',	'{\"en\":\"Mon\"}',	1),
(135,	'IN.20.262',	'IN',	'IN.20',	'{\"en\":\"Mokokchūng\"}',	1),
(136,	'IN.36.199',	'IN',	'IN.36',	'{\"en\":\"Mirzāpur\"}',	1),
(137,	'IN.36.138',	'IN',	'IN.36',	'{\"en\":\"Meerut\"}',	1),
(138,	'IN.40.535',	'IN',	'IN.40',	'{\"en\":\"Medak\"}',	1),
(139,	'IN.21.376',	'IN',	'IN.21',	'{\"en\":\"Mayūrbhanj\"}',	1),
(140,	'IN.36.145',	'IN',	'IN.36',	'{\"en\":\"Mathura\"}',	1),
(141,	'IN.19.573',	'IN',	'IN.19',	'{\"en\":\"Mandya\"}',	1),
(142,	'IN.35.433',	'IN',	'IN.35',	'{\"en\":\"Mandsaur\"}',	1),
(143,	'IN.35.454',	'IN',	'IN.35',	'{\"en\":\"Mandla\"}',	1),
(144,	'IN.11.027',	'IN',	'IN.11',	'{\"en\":\"Mandi\"}',	1),
(145,	'IN.28.332',	'IN',	'IN.28',	'{\"en\":\"Māldah\"}',	1),
(146,	'IN.13.592',	'IN',	'IN.13',	'{\"en\":\"Malappuram\"}',	1),
(147,	'IN.36.148',	'IN',	'IN.36',	'{\"en\":\"Mainpuri\"}',	1),
(148,	'IN.09.471',	'IN',	'IN.09',	'{\"en\":\"Mahesāna\"}',	1),
(149,	'IN.10.084',	'IN',	'IN.10',	'{\"en\":\"Mahendragarh\"}',	1),
(150,	'IN.22.636',	'IN',	'IN.22',	'{\"en\":\"Mahe\"}',	1),
(151,	'IN.40.538',	'IN',	'IN.40',	'{\"en\":\"Mahbūbnagar\"}',	1),
(152,	'IN.25.623',	'IN',	'IN.25',	'{\"en\":\"Madurai\"}',	1),
(153,	'IN.34.207',	'IN',	'IN.34',	'{\"en\":\"Madhubani\"}',	1),
(154,	'IN.23.041',	'IN',	'IN.23',	'{\"en\":\"Ludhiana\"}',	1),
(155,	'IN.36.157',	'IN',	'IN.36',	'{\"en\":\"Lucknow District\"}',	1),
(156,	'IN.30.255',	'IN',	'IN.30',	'{\"en\":\"Lower Subansiri\"}',	1),
(157,	'IN.30.259',	'IN',	'IN.30',	'{\"en\":\"Lohit District\"}',	1),
(158,	'IN.36.167',	'IN',	'IN.36',	'{\"en\":\"Lalitpur\"}',	1),
(159,	'IN.03.307',	'IN',	'IN.03',	'{\"en\":\"Lakhimpur\"}',	1),
(160,	'IN.11.025',	'IN',	'IN.11',	'{\"en\":\"Lāhul and Spiti\"}',	1),
(161,	'IN.41.003',	'IN',	'IN.41',	'{\"en\":\"Leh\"}',	1),
(162,	'IN.10.072',	'IN',	'IN.10',	'{\"en\":\"Kurukshetra\"}',	1),
(163,	'IN.02.552',	'IN',	'IN.02',	'{\"en\":\"Kurnool\"}',	1),
(164,	'IN.11.026',	'IN',	'IN.11',	'{\"en\":\"Kulu\"}',	1),
(165,	'IN.02.547',	'IN',	'IN.02',	'{\"en\":\"Krishna\"}',	1),
(166,	'IN.13.591',	'IN',	'IN.13',	'{\"en\":\"Kozhikode\"}',	1),
(167,	'IN.13.597',	'IN',	'IN.13',	'{\"en\":\"Kottayam\"}',	1),
(168,	'IN.24.127',	'IN',	'IN.24',	'{\"en\":\"Kota\"}',	1),
(169,	'IN.21.398',	'IN',	'IN.21',	'{\"en\":\"Koraput\"}',	1),
(170,	'IN.16.530',	'IN',	'IN.16',	'{\"en\":\"Kolhapur\"}',	1),
(171,	'IN.19.581',	'IN',	'IN.19',	'{\"en\":\"Kolar\"}',	1),
(172,	'IN.20.270',	'IN',	'IN.20',	'{\"en\":\"Kohīma\"}',	1),
(173,	'IN.19.576',	'IN',	'IN.19',	'{\"en\":\"Kodagu\"}',	1),
(174,	'IN.28.329',	'IN',	'IN.28',	'{\"en\":\"Koch Bihār\"}',	1),
(175,	'IN.11.034',	'IN',	'IN.11',	'{\"en\":\"Kinnaur\"}',	1),
(176,	'IN.36.153',	'IN',	'IN.36',	'{\"en\":\"Kheri\"}',	1),
(177,	'IN.09.483',	'IN',	'IN.09',	'{\"en\":\"Kheda\"}',	1),
(178,	'IN.18.298',	'IN',	'IN.18',	'{\"en\":\"East Khāsi Hills\"}',	1),
(179,	'IN.40.541',	'IN',	'IN.40',	'{\"en\":\"Khammam\"}',	1),
(180,	'IN.21.375',	'IN',	'IN.21',	'{\"en\":\"Kendujhar\"}',	1),
(181,	'IN.12.007',	'IN',	'IN.12',	'{\"en\":\"Kathua\"}',	1),
(182,	'IN.10.074',	'IN',	'IN.10',	'{\"en\":\"Karnāl\"}',	1),
(183,	'IN.40.534',	'IN',	'IN.40',	'{\"en\":\"Karīmnagar\"}',	1),
(184,	'IN.03.314',	'IN',	'IN.03',	'{\"en\":\"Kārbi Ānglong\"}',	1),
(185,	'IN.22.637',	'IN',	'IN.22',	'{\"en\":\"Kāraikāl\"}',	1),
(186,	'IN.23.036',	'IN',	'IN.23',	'{\"en\":\"Kapurthala\"}',	1),
(187,	'IN.36.164',	'IN',	'IN.36',	'{\"en\":\"Kānpur\"}',	1),
(188,	'IN.25.629',	'IN',	'IN.25',	'{\"en\":\"Kanniyakumari\"}',	1),
(189,	'IN.11.024',	'IN',	'IN.11',	'{\"en\":\"Kāngra\"}',	1),
(190,	'IN.03.321',	'IN',	'IN.03',	'{\"en\":\"Kāmrūp\"}',	1),
(191,	'IN.21.395',	'IN',	'IN.21',	'{\"en\":\"Kālāhandi\"}',	1),
(192,	'IN.09.468',	'IN',	'IN.09',	'{\"en\":\"Kutch\"}',	1),
(193,	'IN.09.479',	'IN',	'IN.09',	'{\"en\":\"Jūnāgadh\"}',	1),
(194,	'IN.23.037',	'IN',	'IN.23',	'{\"en\":\"Jalandhar\"}',	1),
(195,	'IN.24.113',	'IN',	'IN.24',	'{\"en\":\"Jodhpur\"}',	1),
(196,	'IN.10.077',	'IN',	'IN.10',	'{\"en\":\"Jīnd\"}',	1),
(197,	'IN.24.103',	'IN',	'IN.24',	'{\"en\":\"Jhunjhunūn\"}',	1),
(198,	'IN.36.166',	'IN',	'IN.36',	'{\"en\":\"Jhānsi\"}',	1),
(199,	'IN.24.129',	'IN',	'IN.24',	'{\"en\":\"Jhālāwār\"}',	1),
(200,	'IN.35.464',	'IN',	'IN.35',	'{\"en\":\"Jhābua\"}',	1),
(201,	'IN.36.194',	'IN',	'IN.36',	'{\"en\":\"Jaunpur\"}',	1),
(202,	'IN.09.477',	'IN',	'IN.09',	'{\"en\":\"Jāmnagar\"}',	1),
(203,	'IN.12.021',	'IN',	'IN.12',	'{\"en\":\"Jammu\"}',	1),
(204,	'IN.28.328',	'IN',	'IN.28',	'{\"en\":\"Jalpāiguri\"}',	1),
(205,	'IN.24.116',	'IN',	'IN.24',	'{\"en\":\"Jalore\"}',	1),
(206,	'IN.16.499',	'IN',	'IN.16',	'{\"en\":\"Jalgaon\"}',	1),
(207,	'IN.36.165',	'IN',	'IN.36',	'{\"en\":\"Jālaun\"}',	1),
(208,	'IN.24.114',	'IN',	'IN.24',	'{\"en\":\"Jaisalmer\"}',	1),
(209,	'IN.24.110',	'IN',	'IN.24',	'{\"en\":\"Jaipur\"}',	1),
(210,	'IN.18.299',	'IN',	'IN.18',	'{\"en\":\"West Jaintia Hills\"}',	1),
(211,	'IN.35.451',	'IN',	'IN.35',	'{\"en\":\"Jabalpur\"}',	1),
(212,	'IN.35.439',	'IN',	'IN.35',	'{\"en\":\"Indore\"}',	1),
(213,	'IN.13.596',	'IN',	'IN.13',	'{\"en\":\"Idukki\"}',	1),
(214,	'IN.40.536',	'IN',	'IN.40',	'{\"en\":\"Hyderābād\"}',	1),
(215,	'IN.28.338',	'IN',	'IN.28',	'{\"en\":\"Hugli\"}',	1),
(216,	'IN.23.038',	'IN',	'IN.23',	'{\"en\":\"Hoshiarpur\"}',	1),
(217,	'IN.35.449',	'IN',	'IN.35',	'{\"en\":\"Hoshangābād\"}',	1),
(218,	'IN.10.080',	'IN',	'IN.10',	'{\"en\":\"Hisār\"}',	1),
(219,	'IN.38.360',	'IN',	'IN.38',	'{\"en\":\"Hazārībāg\"}',	1),
(220,	'IN.19.574',	'IN',	'IN.19',	'{\"en\":\"Hassan\"}',	1),
(221,	'IN.36.155',	'IN',	'IN.36',	'{\"en\":\"Hardoi\"}',	1),
(222,	'IN.28.341',	'IN',	'IN.28',	'{\"en\":\"Hāora\"}',	1),
(223,	'IN.11.028',	'IN',	'IN.11',	'{\"en\":\"Hamīrpur\"}',	1),
(224,	'IN.36.168',	'IN',	'IN.36',	'{\"en\":\"Hamīrpur\"}',	1),
(225,	'IN.35.421',	'IN',	'IN.35',	'{\"en\":\"Gwalior\"}',	1),
(226,	'IN.10.086',	'IN',	'IN.10',	'{\"en\":\"Gurgaon\"}',	1),
(227,	'IN.23.035',	'IN',	'IN.23',	'{\"en\":\"Gurdaspur\"}',	1),
(228,	'IN.02.548',	'IN',	'IN.02',	'{\"en\":\"Guntūr\"}',	1),
(229,	'IN.35.458',	'IN',	'IN.35',	'{\"en\":\"Guna\"}',	1),
(230,	'IN.19.579',	'IN',	'IN.19',	'{\"en\":\"Gulbarga\"}',	1),
(231,	'IN.16.518',	'IN',	'IN.16',	'{\"en\":\"Mumbai Suburban\"}',	1),
(232,	'IN.36.188',	'IN',	'IN.36',	'{\"en\":\"Gorakhpur\"}',	1),
(233,	'IN.34.217',	'IN',	'IN.34',	'{\"en\":\"Gopālganj\"}',	1),
(234,	'IN.36.183',	'IN',	'IN.36',	'{\"en\":\"Gonda\"}',	1),
(235,	'IN.03.302',	'IN',	'IN.03',	'{\"en\":\"Goālpāra\"}',	1),
(236,	'IN.38.349',	'IN',	'IN.38',	'{\"en\":\"Girīdīh\"}',	1),
(237,	'IN.36.195',	'IN',	'IN.36',	'{\"en\":\"Ghāzīpur\"}',	1),
(238,	'IN.36.140',	'IN',	'IN.36',	'{\"en\":\"Ghāziābād\"}',	1),
(239,	'IN.34.236',	'IN',	'IN.34',	'{\"en\":\"Gayā\"}',	1),
(240,	'IN.18.294',	'IN',	'IN.18',	'{\"en\":\"East Gāro Hills\"}',	1),
(241,	'IN.39.061',	'IN',	'IN.39',	'{\"en\":\"Garhwāl\"}',	1),
(242,	'IN.21.388',	'IN',	'IN.21',	'{\"en\":\"Ganjām\"}',	1),
(243,	'IN.24.099',	'IN',	'IN.24',	'{\"en\":\"Gangānagar\"}',	1),
(244,	'IN.09.473',	'IN',	'IN.09',	'{\"en\":\"Gāndhīnagar\"}',	1),
(245,	'IN.23.043',	'IN',	'IN.23',	'{\"en\":\"Firozpur\"}',	1),
(246,	'IN.36.172',	'IN',	'IN.36',	'{\"en\":\"Fatehpur\"}',	1),
(247,	'IN.36.159',	'IN',	'IN.36',	'{\"en\":\"Farrukhābād\"}',	1),
(248,	'IN.23.045',	'IN',	'IN.23',	'{\"en\":\"Faridkot\"}',	1),
(249,	'IN.36.177',	'IN',	'IN.36',	'{\"en\":\"Faizābād\"}',	1),
(250,	'IN.36.161',	'IN',	'IN.36',	'{\"en\":\"Etāwah\"}',	1),
(251,	'IN.36.201',	'IN',	'IN.36',	'{\"en\":\"Etah\"}',	1),
(252,	'IN.13.595',	'IN',	'IN.13',	'{\"en\":\"Ernākulam\"}',	1),
(253,	'IN.30.251',	'IN',	'IN.30',	'{\"en\":\"East Siang\"}',	1),
(254,	'IN.35.466',	'IN',	'IN.35',	'{\"en\":\"Khandwa district\"}',	1),
(255,	'IN.30.247',	'IN',	'IN.30',	'{\"en\":\"East Kameng\"}',	1),
(256,	'IN.02.545',	'IN',	'IN.02',	'{\"en\":\"East Godāvari\"}',	1),
(257,	'IN.29.244',	'IN',	'IN.29',	'{\"en\":\"East District\"}',	1),
(258,	'IN.37.409',	'IN',	'IN.37',	'{\"en\":\"Durg\"}',	1),
(259,	'IN.24.124',	'IN',	'IN.24',	'{\"en\":\"Dūngarpur\"}',	1),
(260,	'IN.52.494',	'IN',	'IN.52',	'{\"en\":\"Diu\"}',	1),
(261,	'IN.03.310',	'IN',	'IN.03',	'{\"en\":\"Dibrugarh\"}',	1),
(262,	'IN.30.257',	'IN',	'IN.30',	'{\"en\":\"Dibāng Valley\"}',	1),
(263,	'IN.16.498',	'IN',	'IN.16',	'{\"en\":\"Dhule\"}',	1),
(264,	'IN.21.383',	'IN',	'IN.21',	'{\"en\":\"Dhenkānāl\"}',	1),
(265,	'IN.19.562',	'IN',	'IN.19',	'{\"en\":\"Dharwad\"}',	1),
(266,	'IN.25.630',	'IN',	'IN.25',	'{\"en\":\"Dharmapuri\"}',	1),
(267,	'IN.35.438',	'IN',	'IN.35',	'{\"en\":\"Dhār\"}',	1),
(268,	'IN.38.354',	'IN',	'IN.38',	'{\"en\":\"Dhānbād\"}',	1),
(269,	'IN.35.437',	'IN',	'IN.35',	'{\"en\":\"Dewas\"}',	1),
(270,	'IN.36.190',	'IN',	'IN.36',	'{\"en\":\"Deoria\"}',	1),
(271,	'IN.35.422',	'IN',	'IN.35',	'{\"en\":\"Datia\"}',	1),
(272,	'IN.03.325',	'IN',	'IN.03',	'{\"en\":\"Darrang\"}',	1),
(273,	'IN.28.327',	'IN',	'IN.28',	'{\"en\":\"Darjiling\"}',	1),
(274,	'IN.34.215',	'IN',	'IN.34',	'{\"en\":\"Darbhanga\"}',	1),
(275,	'IN.35.428',	'IN',	'IN.35',	'{\"en\":\"Damoh\"}',	1),
(276,	'IN.52.495',	'IN',	'IN.52',	'{\"en\":\"Daman District\"}',	1),
(277,	'IN.19.575',	'IN',	'IN.19',	'{\"en\":\"Dakshina Kannada\"}',	1),
(278,	'IN.21.381',	'IN',	'IN.21',	'{\"en\":\"Cuttack\"}',	1),
(279,	'IN.02.551',	'IN',	'IN.02',	'{\"en\":\"Cuddapah\"}',	1),
(280,	'IN.25.632',	'IN',	'IN.25',	'{\"en\":\"Coimbatore\"}',	1),
(281,	'IN.24.102',	'IN',	'IN.24',	'{\"en\":\"Chūru\"}',	1),
(282,	'IN.02.554',	'IN',	'IN.02',	'{\"en\":\"Chittoor\"}',	1),
(283,	'IN.24.126',	'IN',	'IN.24',	'{\"en\":\"Chittaurgarh\"}',	1),
(284,	'IN.19.566',	'IN',	'IN.19',	'{\"en\":\"Chitradurga\"}',	1),
(285,	'IN.19.570',	'IN',	'IN.19',	'{\"en\":\"Chikmagalur\"}',	1),
(286,	'IN.35.455',	'IN',	'IN.35',	'{\"en\":\"Chhindwāra\"}',	1),
(287,	'IN.35.425',	'IN',	'IN.35',	'{\"en\":\"Chhatarpur\"}',	1),
(288,	'IN.39.057',	'IN',	'IN.39',	'{\"en\":\"Chamoli\"}',	1),
(289,	'IN.11.023',	'IN',	'IN.11',	'{\"en\":\"Chamba\"}',	1),
(290,	'IN.13.589',	'IN',	'IN.13',	'{\"en\":\"Kannur\"}',	1),
(291,	'IN.28.342',	'IN',	'IN.28',	'{\"en\":\"Kolkata\"}',	1),
(292,	'IN.03.316',	'IN',	'IN.03',	'{\"en\":\"Cāchār\"}',	1),
(293,	'IN.24.121',	'IN',	'IN.24',	'{\"en\":\"Būndi\"}',	1),
(294,	'IN.16.500',	'IN',	'IN.16',	'{\"en\":\"Buldana\"}',	1),
(295,	'IN.36.142',	'IN',	'IN.36',	'{\"en\":\"Bulandshahr\"}',	1),
(296,	'IN.36.149',	'IN',	'IN.36',	'{\"en\":\"Budaun\"}',	1),
(297,	'IN.28.334',	'IN',	'IN.28',	'{\"en\":\"Bīrbhūm\"}',	1),
(298,	'IN.16.523',	'IN',	'IN.16',	'{\"en\":\"Bid\"}',	1),
(299,	'IN.11.030',	'IN',	'IN.11',	'{\"en\":\"Bilāspur\"}',	1),
(300,	'IN.37.406',	'IN',	'IN.37',	'{\"en\":\"Bilāspur\"}',	1),
(301,	'IN.24.101',	'IN',	'IN.24',	'{\"en\":\"Bīkāner\"}',	1),
(302,	'IN.36.134',	'IN',	'IN.36',	'{\"en\":\"Bijnor\"}',	1),
(303,	'IN.19.557',	'IN',	'IN.19',	'{\"en\":\"Bijāpur\"}',	1),
(304,	'IN.19.558',	'IN',	'IN.19',	'{\"en\":\"Bīdar\"}',	1),
(305,	'IN.35.444',	'IN',	'IN.35',	'{\"en\":\"Bhopāl\"}',	1),
(306,	'IN.34.231',	'IN',	'IN.34',	'{\"en\":\"Bhojpur\"}',	1),
(307,	'IN.10.081',	'IN',	'IN.10',	'{\"en\":\"Bhiwani\"}',	1),
(308,	'IN.35.420',	'IN',	'IN.35',	'{\"en\":\"Bhind\"}',	1),
(309,	'IN.24.122',	'IN',	'IN.24',	'{\"en\":\"Bhīlwāra\"}',	1),
(310,	'IN.09.481',	'IN',	'IN.09',	'{\"en\":\"Bhāvnagar\"}',	1),
(311,	'IN.23.046',	'IN',	'IN.23',	'{\"en\":\"Bathinda\"}',	1),
(312,	'IN.09.488',	'IN',	'IN.09',	'{\"en\":\"Bharūch\"}',	1),
(313,	'IN.24.105',	'IN',	'IN.24',	'{\"en\":\"Bharatpur\"}',	1),
(314,	'IN.16.506',	'IN',	'IN.16',	'{\"en\":\"Bhandara\"}',	1),
(315,	'IN.34.224',	'IN',	'IN.34',	'{\"en\":\"Bhāgalpur\"}',	1),
(316,	'IN.35.447',	'IN',	'IN.35',	'{\"en\":\"Betūl\"}',	1),
(317,	'IN.19.565',	'IN',	'IN.19',	'{\"en\":\"Ballari\"}',	1),
(318,	'IN.19.555',	'IN',	'IN.19',	'{\"en\":\"Belgaum\"}',	1),
(319,	'IN.34.222',	'IN',	'IN.34',	'{\"en\":\"Begusarāi\"}',	1),
(320,	'IN.36.185',	'IN',	'IN.36',	'{\"en\":\"Basti\"}',	1),
(321,	'IN.37.414',	'IN',	'IN.37',	'{\"en\":\"Bastar\"}',	1),
(322,	'IN.24.115',	'IN',	'IN.24',	'{\"en\":\"Bārmer\"}',	1),
(323,	'IN.36.150',	'IN',	'IN.36',	'{\"en\":\"Bareilly\"}',	1),
(324,	'IN.28.335',	'IN',	'IN.28',	'{\"en\":\"Barddhamān\"}',	1),
(325,	'IN.12.008',	'IN',	'IN.12',	'{\"en\":\"Bāramūla\"}',	1),
(326,	'IN.36.176',	'IN',	'IN.36',	'{\"en\":\"Bāra Banki\"}',	1),
(327,	'IN.24.125',	'IN',	'IN.24',	'{\"en\":\"Bānswāra\"}',	1),
(328,	'IN.28.339',	'IN',	'IN.28',	'{\"en\":\"Bānkurā\"}',	1),
(329,	'IN.19.572',	'IN',	'IN.19',	'{\"en\":\"Bangalore Urban\"}',	1),
(330,	'IN.19.583',	'IN',	'IN.19',	'{\"en\":\"Bangalore Rural\"}',	1),
(331,	'IN.36.170',	'IN',	'IN.36',	'{\"en\":\"Bānda\"}',	1),
(332,	'IN.09.469',	'IN',	'IN.09',	'{\"en\":\"Banās Kāntha\"}',	1),
(333,	'IN.36.193',	'IN',	'IN.36',	'{\"en\":\"Ballia\"}',	1),
(334,	'IN.21.377',	'IN',	'IN.21',	'{\"en\":\"Bāleshwar\"}',	1),
(335,	'IN.21.393',	'IN',	'IN.21',	'{\"en\":\"Balāngīr\"}',	1),
(336,	'IN.35.457',	'IN',	'IN.35',	'{\"en\":\"Bālāghāt\"}',	1),
(337,	'IN.36.180',	'IN',	'IN.36',	'{\"en\":\"Bahraich\"}',	1),
(338,	'IN.36.191',	'IN',	'IN.36',	'{\"en\":\"Āzamgarh\"}',	1),
(339,	'IN.34.235',	'IN',	'IN.34',	'{\"en\":\"Aurangābād\"}',	1),
(340,	'IN.01.640',	'IN',	'IN.01',	'{\"en\":\"South Andaman\"}',	1),
(341,	'IN.12.014',	'IN',	'IN.12',	'{\"en\":\"Anantnāg\"}',	1),
(342,	'IN.02.553',	'IN',	'IN.02',	'{\"en\":\"Anantapur\"}',	1),
(343,	'IN.23.049',	'IN',	'IN.23',	'{\"en\":\"Amritsar\"}',	1),
(344,	'IN.09.480',	'IN',	'IN.09',	'{\"en\":\"Amreli\"}',	1),
(345,	'IN.10.070',	'IN',	'IN.10',	'{\"en\":\"Ambāla\"}',	1),
(346,	'IN.24.104',	'IN',	'IN.24',	'{\"en\":\"Alwar\"}',	1),
(347,	'IN.39.064',	'IN',	'IN.39',	'{\"en\":\"Almora\"}',	1),
(348,	'IN.13.598',	'IN',	'IN.13',	'{\"en\":\"Alappuzha\"}',	1),
(349,	'IN.36.175',	'IN',	'IN.36',	'{\"en\":\"Allahābād\"}',	1),
(350,	'IN.36.143',	'IN',	'IN.36',	'{\"en\":\"Alīgarh\"}',	1),
(351,	'IN.16.501',	'IN',	'IN.16',	'{\"en\":\"Akola\"}',	1),
(352,	'IN.24.119',	'IN',	'IN.24',	'{\"en\":\"Ajmer\"}',	1),
(353,	'IN.09.474',	'IN',	'IN.09',	'{\"en\":\"Ahmadābād\"}',	1),
(354,	'IN.36.146',	'IN',	'IN.36',	'{\"en\":\"Āgra\"}',	1),
(355,	'IN.40.532',	'IN',	'IN.40',	'{\"en\":\"Ādilābād\"}',	1),
(356,	'IN.25.609',	'IN',	'IN.25',	'{\"en\":\"Namakkal\"}',	1),
(357,	'IN.13.590',	'IN',	'IN.13',	'{\"en\":\"Wayanad\"}',	1),
(358,	'IN.13.593',	'IN',	'IN.13',	'{\"en\":\"Palakkad district\"}',	1),
(359,	'IN.36.181',	'IN',	'IN.36',	'{\"en\":\"Shrawasti\"}',	1),
(360,	'IN.36.184',	'IN',	'IN.36',	'{\"en\":\"Siddharthnagar\"}',	1),
(361,	'IN.36.189',	'IN',	'IN.36',	'{\"en\":\"Kushinagar\"}',	1),
(362,	'IN.16.502',	'IN',	'IN.16',	'{\"en\":\"Washim\"}',	1),
(363,	'IN.16.514',	'IN',	'IN.16',	'{\"en\":\"Jalna\"}',	1),
(364,	'IN.16.512',	'IN',	'IN.16',	'{\"en\":\"Hingoli\"}',	1),
(365,	'IN.16.522',	'IN',	'IN.16',	'{\"en\":\"Ahmadnagar\"}',	1),
(366,	'IN.16.507',	'IN',	'IN.16',	'{\"en\":\"Gondiya\"}',	1),
(367,	'IN.16.508',	'IN',	'IN.16',	'{\"en\":\"Gadchiroli\"}',	1),
(368,	'IN.16.524',	'IN',	'IN.16',	'{\"en\":\"Latur\"}',	1),
(369,	'IN.16.529',	'IN',	'IN.16',	'{\"en\":\"Sindhudurg\"}',	1),
(370,	'IN.16.520',	'IN',	'IN.16',	'{\"en\":\"Raigarh\"}',	1),
(371,	'IN.16.497',	'IN',	'IN.16',	'{\"en\":\"Nandurbar\"}',	1),
(372,	'IN.34.208',	'IN',	'IN.34',	'{\"en\":\"Supaul\"}',	1),
(373,	'IN.34.213',	'IN',	'IN.34',	'{\"en\":\"Madhepura\"}',	1),
(374,	'IN.34.209',	'IN',	'IN.34',	'{\"en\":\"Araria\"}',	1),
(375,	'IN.31.283',	'IN',	'IN.31',	'{\"en\":\"Aizawl\"}',	1),
(376,	'IN.31.286',	'IN',	'IN.31',	'{\"en\":\"Lunglei\"}',	1),
(377,	'IN.40.537',	'IN',	'IN.40',	'{\"en\":\"Rangareddi\"}',	1),
(378,	'IN.02.543',	'IN',	'IN.02',	'{\"en\":\"Vizianagaram District\"}',	1),
(379,	'IN.25.627',	'IN',	'IN.25',	'{\"en\":\"Thoothukkudi\"}',	1),
(380,	'IN.25.615',	'IN',	'IN.25',	'{\"en\":\"Perambalur\"}',	1),
(381,	'IN.25.618',	'IN',	'IN.25',	'{\"en\":\"Nagapattinam\"}',	1),
(382,	'IN.03.303',	'IN',	'IN.03',	'{\"en\":\"Barpeta\"}',	1),
(383,	'IN.03.319',	'IN',	'IN.03',	'{\"en\":\"Bongaigaon\"}',	1),
(384,	'IN.03.308',	'IN',	'IN.03',	'{\"en\":\"Dhemaji\"}',	1),
(385,	'IN.03.301',	'IN',	'IN.03',	'{\"en\":\"Dhubri\"}',	1),
(386,	'IN.03.313',	'IN',	'IN.03',	'{\"en\":\"Golaghat\"}',	1),
(387,	'IN.03.318',	'IN',	'IN.03',	'{\"en\":\"Hailakandi\"}',	1),
(388,	'IN.03.312',	'IN',	'IN.03',	'{\"en\":\"Jorhat\"}',	1),
(389,	'IN.03.317',	'IN',	'IN.03',	'{\"en\":\"Karimganj\"}',	1),
(390,	'IN.03.300',	'IN',	'IN.03',	'{\"en\":\"Kokrajhar\"}',	1),
(391,	'IN.03.323',	'IN',	'IN.03',	'{\"en\":\"Nalbari\"}',	1),
(392,	'IN.03.309',	'IN',	'IN.03',	'{\"en\":\"Tinsukia\"}',	1),
(393,	'IN.37.404',	'IN',	'IN.37',	'{\"en\":\"Korba\"}',	1),
(394,	'IN.37.412',	'IN',	'IN.37',	'{\"en\":\"Dhamtari\"}',	1),
(395,	'IN.37.413',	'IN',	'IN.37',	'{\"en\":\"Uttar Bastar Kanker\"}',	1),
(396,	'IN.38.367',	'IN',	'IN.38',	'{\"en\":\"Simdega\"}',	1),
(397,	'IN.38.351',	'IN',	'IN.38',	'{\"en\":\"Godda\"}',	1),
(398,	'IN.38.362',	'IN',	'IN.38',	'{\"en\":\"Dumka\"}',	1),
(399,	'IN.38.359',	'IN',	'IN.38',	'{\"en\":\"Latehar\"}',	1),
(400,	'IN.38.356',	'IN',	'IN.38',	'{\"en\":\"Lohardaga\"}',	1),
(401,	'IN.35.453',	'IN',	'IN.35',	'{\"en\":\"Dindori\"}',	1),
(402,	'IN.21.371',	'IN',	'IN.21',	'{\"en\":\"Jharsuguda District\"}',	1),
(403,	'IN.21.390',	'IN',	'IN.21',	'{\"en\":\"Kandhamal\"}',	1),
(404,	'IN.21.399',	'IN',	'IN.21',	'{\"en\":\"Malkangiri\"}',	1),
(405,	'IN.21.396',	'IN',	'IN.21',	'{\"en\":\"Rayagada\"}',	1),
(406,	'IN.09.482',	'IN',	'IN.09',	'{\"en\":\"Anand\"}',	1),
(407,	'IN.34.239',	'IN',	'IN.34',	'{\"en\":\"Jehanabad\"}',	1),
(408,	'IN.34.232',	'IN',	'IN.34',	'{\"en\":\"Buxar\"}',	1),
(409,	'IN.37.405',	'IN',	'IN.37',	'{\"en\":\"Janjgir-Champa\"}',	1),
(410,	'IN.09.485',	'IN',	'IN.09',	'{\"en\":\"Dohad\"}',	1),
(411,	'IN.38.363',	'IN',	'IN.38',	'{\"en\":\"Jamtara\"}',	1),
(412,	'IN.34.212',	'IN',	'IN.34',	'{\"en\":\"Katihar\"}',	1),
(413,	'IN.37.407',	'IN',	'IN.37',	'{\"en\":\"Kabeerdham\"}',	1),
(414,	'IN.34.223',	'IN',	'IN.34',	'{\"en\":\"Khagaria\"}',	1),
(415,	'IN.34.210',	'IN',	'IN.34',	'{\"en\":\"Kishanganj\"}',	1),
(416,	'IN.19.560',	'IN',	'IN.19',	'{\"en\":\"Koppal\"}',	1),
(417,	'IN.34.227',	'IN',	'IN.34',	'{\"en\":\"Lakhisarai\"}',	1),
(418,	'IN.37.411',	'IN',	'IN.37',	'{\"en\":\"Mahasamund\"}',	1),
(419,	'IN.28.333',	'IN',	'IN.28',	'{\"en\":\"Murshidabad\"}',	1),
(420,	'IN.09.470',	'IN',	'IN.09',	'{\"en\":\"Patan\"}',	1),
(421,	'IN.34.205',	'IN',	'IN.34',	'{\"en\":\"Sheohar\"}',	1),
(422,	'IN.35.418',	'IN',	'IN.35',	'{\"en\":\"Sheopur\"}',	1),
(423,	'IN.25.602',	'IN',	'IN.25',	'{\"en\":\"Thiruvallur\"}',	1),
(424,	'IN.21.378',	'IN',	'IN.21',	'{\"en\":\"Bhadrak\"}',	1),
(425,	'IN.21.380',	'IN',	'IN.21',	'{\"en\":\"Jagatsinghpur\"}',	1),
(426,	'IN.21.379',	'IN',	'IN.21',	'{\"en\":\"Kendrapara\"}',	1),
(427,	'IN.21.386',	'IN',	'IN.21',	'{\"en\":\"Khordha\"}',	1),
(428,	'IN.21.387',	'IN',	'IN.21',	'{\"en\":\"Puri\"}',	1),
(429,	'IN.25.603',	'IN',	'IN.25',	'{\"en\":\"Chennai\"}',	1),
(430,	'IN.25.605',	'IN',	'IN.25',	'{\"en\":\"Vellore\"}',	1),
(431,	'IN.25.606',	'IN',	'IN.25',	'{\"en\":\"Tiruvannamalai\"}',	1),
(432,	'IN.25.604',	'IN',	'IN.25',	'{\"en\":\"Kancheepuram\"}',	1),
(433,	'IN.25.607',	'IN',	'IN.25',	'{\"en\":\"Villupuram\"}',	1),
(434,	'IN.25.617',	'IN',	'IN.25',	'{\"en\":\"Cuddalore\"}',	1),
(435,	'IN.25.622',	'IN',	'IN.25',	'{\"en\":\"Sivaganga\"}',	1),
(436,	'IN.25.624',	'IN',	'IN.25',	'{\"en\":\"Theni\"}',	1),
(437,	'IN.25.625',	'IN',	'IN.25',	'{\"en\":\"Virudhunagar\"}',	1),
(438,	'IN.25.619',	'IN',	'IN.25',	'{\"en\":\"Thiruvarur\"}',	1),
(439,	'IN.19.567',	'IN',	'IN.19',	'{\"en\":\"Davanagere\"}',	1),
(440,	'IN.24.109',	'IN',	'IN.24',	'{\"en\":\"Dausa\"}',	1),
(441,	'IN.24.106',	'IN',	'IN.24',	'{\"en\":\"Dhaulpur\"}',	1),
(442,	'IN.24.107',	'IN',	'IN.24',	'{\"en\":\"Karauli\"}',	1),
(443,	'IN.24.128',	'IN',	'IN.24',	'{\"en\":\"Baran\"}',	1),
(444,	'IN.24.123',	'IN',	'IN.24',	'{\"en\":\"Rajsamand\"}',	1),
(445,	'IN.11.029',	'IN',	'IN.11',	'{\"en\":\"Una\"}',	1),
(446,	'IN.38.357',	'IN',	'IN.38',	'{\"en\":\"Purba Singhbhum\"}',	1),
(447,	'IN.38.355',	'IN',	'IN.38',	'{\"en\":\"Bokaro\"}',	1),
(448,	'IN.38.366',	'IN',	'IN.38',	'{\"en\":\"Gumla\"}',	1),
(449,	'IN.18.297',	'IN',	'IN.18',	'{\"en\":\"Ri-Bhoi\"}',	1),
(450,	'IN.18.296',	'IN',	'IN.18',	'{\"en\":\"West Khasi Hills\"}',	1),
(451,	'IN.39.063',	'IN',	'IN.39',	'{\"en\":\"Bageshwar\"}',	1),
(452,	'IN.39.065',	'IN',	'IN.39',	'{\"en\":\"Champawat\"}',	1),
(453,	'IN.39.067',	'IN',	'IN.39',	'{\"en\":\"Udham Singh Nagar\"}',	1),
(454,	'IN.37.400',	'IN',	'IN.37',	'{\"en\":\"Koriya\"}',	1),
(455,	'IN.37.402',	'IN',	'IN.37',	'{\"en\":\"Jashpur\"}',	1),
(456,	'IN.38.369',	'IN',	'IN.38',	'{\"en\":\"Saraikela\"}',	1),
(457,	'IN.38.352',	'IN',	'IN.38',	'{\"en\":\"Sahibganj\"}',	1),
(458,	'IN.38.353',	'IN',	'IN.38',	'{\"en\":\"Pakur\"}',	1),
(459,	'IN.38.346',	'IN',	'IN.38',	'{\"en\":\"Garhwa\"}',	1),
(460,	'IN.34.228',	'IN',	'IN.34',	'{\"en\":\"Sheikhpura\"}',	1),
(461,	'IN.24.100',	'IN',	'IN.24',	'{\"en\":\"Hanumangarh\"}',	1),
(462,	'IN.36.178',	'IN',	'IN.36',	'{\"en\":\"Ambedkar Nagar\"}',	1),
(463,	'IN.36.162',	'IN',	'IN.36',	'{\"en\":\"Auraiya\"}',	1),
(464,	'IN.36.182',	'IN',	'IN.36',	'{\"en\":\"Balrampur\"}',	1),
(465,	'IN.36.163',	'IN',	'IN.36',	'{\"en\":\"Kanpur Dehat\"}',	1),
(466,	'IN.36.187',	'IN',	'IN.36',	'{\"en\":\"Maharajganj\"}',	1),
(467,	'IN.36.192',	'IN',	'IN.36',	'{\"en\":\"Mau\"}',	1),
(468,	'IN.36.198',	'IN',	'IN.36',	'{\"en\":\"Sant Ravi Das Nagar\"}',	1),
(469,	'IN.13.599',	'IN',	'IN.13',	'{\"en\":\"Pattanamtitta\"}',	1),
(470,	'IN.25.628',	'IN',	'IN.25',	'{\"en\":\"Tirunelveli Kattabo\"}',	1),
(471,	'IN.36.147',	'IN',	'IN.36',	'{\"en\":\"Firozabad\"}',	1),
(472,	'IN.36.160',	'IN',	'IN.36',	'{\"en\":\"Kannauj\"}',	1),
(473,	'IN.13.600',	'IN',	'IN.13',	'{\"en\":\"Kollam\"}',	1),
(474,	'IN.13.601',	'IN',	'IN.13',	'{\"en\":\"Thiruvananthapuram\"}',	1),
(475,	'IN.31.281',	'IN',	'IN.31',	'{\"en\":\"Mamit\"}',	1),
(476,	'IN.19.564',	'IN',	'IN.19',	'{\"en\":\"Haveri\"}',	1),
(477,	'IN.19.561',	'IN',	'IN.19',	'{\"en\":\"Gadag\"}',	1),
(478,	'IN.23.040',	'IN',	'IN.23',	'{\"en\":\"Fatehgarh Sahib\"}',	1),
(479,	'IN.23.044',	'IN',	'IN.23',	'{\"en\":\"Muktsar\"}',	1),
(480,	'IN.16.503',	'IN',	'IN.16',	'{\"en\":\"Amravati Division\"}',	1),
(481,	'IN.16.515',	'IN',	'IN.16',	'{\"en\":\"Aurangabad\"}',	1),
(482,	'IN.16.505',	'IN',	'IN.16',	'{\"en\":\"Nagpur Division\"}',	1),
(483,	'IN.16.516',	'IN',	'IN.16',	'{\"en\":\"Nashik Division\"}',	1),
(484,	'IN.16.527',	'IN',	'IN.16',	'{\"en\":\"Satara Division\"}',	1),
(485,	'IN.16.521',	'IN',	'IN.16',	'{\"en\":\"Pune Division\"}',	1),
(486,	'IN.13.594',	'IN',	'IN.13',	'{\"en\":\"Thrissur District\"}',	1),
(487,	'IN.25.616',	'IN',	'IN.25',	'{\"en\":\"Ariyalur\"}',	1),
(488,	'IN.25.631',	'IN',	'IN.25',	'{\"en\":\"Krishnagiri\"}',	1),
(489,	'IN.25.612',	'IN',	'IN.25',	'{\"en\":\"Dindigul\"}',	1),
(490,	'IN.25.610',	'IN',	'IN.25',	'{\"en\":\"Erode\"}',	1),
(491,	'IN.25.613',	'IN',	'IN.25',	'{\"en\":\"Karur\"}',	1),
(492,	'IN.19.582',	'IN',	'IN.19',	'{\"en\":\"Chikkaballapur\"}',	1),
(493,	'IN.19.556',	'IN',	'IN.19',	'{\"en\":\"Bagalkot\"}',	1),
(494,	'IN.19.578',	'IN',	'IN.19',	'{\"en\":\"Chamrajnagar\"}',	1),
(495,	'IN.19.569',	'IN',	'IN.19',	'{\"en\":\"Udupi\"}',	1),
(496,	'IN.19.584',	'IN',	'IN.19',	'{\"en\":\"Ramanagara\"}',	1),
(497,	'IN.19.580',	'IN',	'IN.19',	'{\"en\":\"Yadgir\"}',	1),
(498,	'IN.24.131',	'IN',	'IN.24',	'{\"en\":\"Pratapgarh\"}',	1),
(499,	'IN.31.282',	'IN',	'IN.31',	'{\"en\":\"Kolasib district\"}',	1),
(500,	'IN.28.331',	'IN',	'IN.28',	'{\"en\":\"Dakshin Dinajpur\"}',	1),
(501,	'IN.20.271',	'IN',	'IN.20',	'{\"en\":\"Peren\"}',	1),
(502,	'IN.28.343',	'IN',	'IN.28',	'{\"en\":\"South 24 Parganas\"}',	1),
(503,	'IN.28.344',	'IN',	'IN.28',	'{\"en\":\"Paschim Medinipur\"}',	1),
(504,	'IN.28.345',	'IN',	'IN.28',	'{\"en\":\"Purba Medinipur\"}',	1),
(505,	'IN.28.330',	'IN',	'IN.28',	'{\"en\":\"Uttar Dinajpur\"}',	1),
(506,	'IN.28.337',	'IN',	'IN.28',	'{\"en\":\"North 24 Parganas\"}',	1),
(507,	'IN.07.095',	'IN',	'IN.07',	'{\"en\":\"Central Delhi\"}',	1),
(508,	'IN.07.091',	'IN',	'IN.07',	'{\"en\":\"North Delhi\"}',	1),
(509,	'IN.07.098',	'IN',	'IN.07',	'{\"en\":\"South Delhi\"}',	1),
(510,	'IN.07.093',	'IN',	'IN.07',	'{\"en\":\"East Delhi\"}',	1),
(511,	'IN.07.092',	'IN',	'IN.07',	'{\"en\":\"North East Delhi\"}',	1),
(512,	'IN.07.097',	'IN',	'IN.07',	'{\"en\":\"South West Delhi\"}',	1),
(513,	'IN.07.090',	'IN',	'IN.07',	'{\"en\":\"North West Delhi\"}',	1),
(514,	'IN.07.096',	'IN',	'IN.07',	'{\"en\":\"West Delhi\"}',	1),
(515,	'IN.07.094',	'IN',	'IN.07',	'{\"en\":\"New Delhi\"}',	1),
(516,	'IN.13.588',	'IN',	'IN.13',	'{\"en\":\"Kāsaragod District\"}',	1),
(517,	'IN.10.069',	'IN',	'IN.10',	'{\"en\":\"Panchkula\"}',	1),
(518,	'IN.23.047',	'IN',	'IN.23',	'{\"en\":\"Mansa\"}',	1),
(519,	'IN.23.042',	'IN',	'IN.23',	'{\"en\":\"Moga\"}',	1),
(520,	'IN.23.054',	'IN',	'IN.23',	'{\"en\":\"Barnala\"}',	1),
(521,	'IN.23.8407166',	'IN',	'IN.23',	'{\"en\":\"Fazilka\"}',	1),
(522,	'IN.23.052',	'IN',	'IN.23',	'{\"en\":\"Ajitgarh\"}',	1),
(523,	'IN.23.039',	'IN',	'IN.23',	'{\"en\":\"Shahid Bhagat Singh Nagar\"}',	1),
(524,	'IN.23.8408318',	'IN',	'IN.23',	'{\"en\":\"Pathankot\"}',	1),
(525,	'IN.23.050',	'IN',	'IN.23',	'{\"en\":\"Tarn Taran\"}',	1),
(526,	'IN.21.394',	'IN',	'IN.21',	'{\"en\":\"Nuapada\"}',	1),
(527,	'IN.21.389',	'IN',	'IN.21',	'{\"en\":\"Gajapati\"}',	1),
(528,	'IN.39.058',	'IN',	'IN.39',	'{\"en\":\"Rudraprayag\"}',	1),
(529,	'IN.35.432',	'IN',	'IN.35',	'{\"en\":\"Neemuch\"}',	1),
(530,	'IN.35.440',	'IN',	'IN.35',	'{\"en\":\"Khargone\"}',	1),
(531,	'IN.03.306',	'IN',	'IN.03',	'{\"en\":\"Sonitpur\"}',	1),
(532,	'IN.39.068',	'IN',	'IN.39',	'{\"en\":\"Haridwar\"}',	1),
(533,	'IN.35.441',	'IN',	'IN.35',	'{\"en\":\"Barwani\"}',	1),
(534,	'IN.35.467',	'IN',	'IN.35',	'{\"en\":\"Burhanpur\"}',	1),
(535,	'IN.21.370',	'IN',	'IN.21',	'{\"en\":\"Baragarh\"}',	1),
(536,	'IN.35.448',	'IN',	'IN.35',	'{\"en\":\"Harda\"}',	1),
(537,	'IN.31.285',	'IN',	'IN.31',	'{\"en\":\"Serchhip\"}',	1),
(538,	'IN.17.275',	'IN',	'IN.17',	'{\"en\":\"Bishnupur\"}',	1),
(539,	'IN.17.273',	'IN',	'IN.17',	'{\"en\":\"Tamenglong\"}',	1),
(540,	'IN.17.272',	'IN',	'IN.17',	'{\"en\":\"Senapati\"}',	1),
(541,	'IN.17.276',	'IN',	'IN.17',	'{\"en\":\"Thoubal\"}',	1),
(542,	'IN.17.279',	'IN',	'IN.17',	'{\"en\":\"Ukhrul\"}',	1),
(543,	'IN.35.459',	'IN',	'IN.35',	'{\"en\":\"Ashoknagar\"}',	1),
(544,	'IN.35.450',	'IN',	'IN.35',	'{\"en\":\"Katni\"}',	1),
(545,	'IN.34.233',	'IN',	'IN.34',	'{\"en\":\"Kaimur District\"}',	1),
(546,	'IN.03.304',	'IN',	'IN.03',	'{\"en\":\"Morigaon\"}',	1),
(547,	'IN.03.320',	'IN',	'IN.03',	'{\"en\":\"Chirang\"}',	1),
(548,	'IN.03.326',	'IN',	'IN.03',	'{\"en\":\"Udalguri\"}',	1),
(549,	'IN.03.305',	'IN',	'IN.03',	'{\"en\":\"Nagaon\"}',	1),
(550,	'IN.34.238',	'IN',	'IN.34',	'{\"en\":\"Jamui\"}',	1),
(551,	'IN.34.225',	'IN',	'IN.34',	'{\"en\":\"Banka\"}',	1),
(552,	'IN.21.397',	'IN',	'IN.21',	'{\"en\":\"Nabarangpur\"}',	1),
(553,	'IN.03.324',	'IN',	'IN.03',	'{\"en\":\"Baksa\"}',	1),
(554,	'IN.21.384',	'IN',	'IN.21',	'{\"en\":\"Angul District\"}',	1),
(555,	'IN.18.293',	'IN',	'IN.18',	'{\"en\":\"West Garo Hills\"}',	1),
(556,	'IN.21.385',	'IN',	'IN.21',	'{\"en\":\"Nayagarh District\"}',	1),
(557,	'IN.21.391',	'IN',	'IN.21',	'{\"en\":\"Baudh\"}',	1),
(558,	'IN.38.350',	'IN',	'IN.38',	'{\"en\":\"Deogarh\"}',	1),
(559,	'IN.36.174',	'IN',	'IN.36',	'{\"en\":\"Kaushambi District\"}',	1),
(560,	'IN.35.431',	'IN',	'IN.35',	'{\"en\":\"Umaria District\"}',	1),
(561,	'IN.09.478',	'IN',	'IN.09',	'{\"en\":\"Porbandar\"}',	1),
(562,	'IN.36.139',	'IN',	'IN.36',	'{\"en\":\"Baghpat\"}',	1),
(563,	'IN.36.137',	'IN',	'IN.36',	'{\"en\":\"Jyotiba Phule Nagar\"}',	1),
(564,	'IN.36.141',	'IN',	'IN.36',	'{\"en\":\"Gautam Buddha Nagar\"}',	1),
(565,	'IN.36.169',	'IN',	'IN.36',	'{\"en\":\"Mahoba\"}',	1),
(566,	'IN.36.171',	'IN',	'IN.36',	'{\"en\":\"Chitrakoot\"}',	1),
(567,	'IN.36.196',	'IN',	'IN.36',	'{\"en\":\"Chandauli District\"}',	1),
(568,	'IN.09.493',	'IN',	'IN.09',	'{\"en\":\"Tapi\"}',	1),
(569,	'IN.09.490',	'IN',	'IN.09',	'{\"en\":\"Navsari\"}',	1),
(570,	'IN.39.060',	'IN',	'IN.39',	'{\"en\":\"Dehradun\"}',	1),
(571,	'IN.10.088',	'IN',	'IN.10',	'{\"en\":\"Faridabad District\"}',	1),
(572,	'IN.10.085',	'IN',	'IN.10',	'{\"en\":\"Rewari District\"}',	1),
(573,	'IN.10.078',	'IN',	'IN.10',	'{\"en\":\"Fatehabad District\"}',	1),
(574,	'IN.09.487',	'IN',	'IN.09',	'{\"en\":\"Narmada\"}',	1),
(575,	'IN.31.284',	'IN',	'IN.31',	'{\"en\":\"Champhai\"}',	1),
(576,	'IN.17.274',	'IN',	'IN.17',	'{\"en\":\"Churachandpur\"}',	1),
(577,	'IN.31.287',	'IN',	'IN.31',	'{\"en\":\"Lawngtlai\"}',	1),
(578,	'IN.33.585',	'IN',	'IN.33',	'{\"en\":\"North Goa\"}',	1),
(579,	'IN.33.586',	'IN',	'IN.33',	'{\"en\":\"South Goa\"}',	1),
(580,	'IN.21.382',	'IN',	'IN.21',	'{\"en\":\"Jajpur\"}',	1),
(581,	'IN.35.465',	'IN',	'IN.35',	'{\"en\":\"Alirajpur\"}',	1),
(582,	'IN.12.016',	'IN',	'IN.12',	'{\"en\":\"Doda\"}',	1),
(583,	'IN.35.461',	'IN',	'IN.35',	'{\"en\":\"Anuppur\"}',	1),
(584,	'IN.12.009',	'IN',	'IN.12',	'{\"en\":\"Bandipore\"}',	1),
(585,	'IN.12.002',	'IN',	'IN.12',	'{\"en\":\"Badgam\"}',	1),
(586,	'IN.12.018',	'IN',	'IN.12',	'{\"en\":\"Kishtwar\"}',	1),
(587,	'IN.37.417',	'IN',	'IN.37',	'{\"en\":\"Bijapur\"}',	1),
(588,	'IN.16.509',	'IN',	'IN.16',	'{\"en\":\"Chandrapur\"}',	1),
(589,	'IN.30.253',	'IN',	'IN.30',	'{\"en\":\"Changlang\"}',	1),
(590,	'IN.38.347',	'IN',	'IN.38',	'{\"en\":\"Chatra\"}',	1),
(591,	'IN.30.260',	'IN',	'IN.30',	'{\"en\":\"Anjaw\"}',	1),
(592,	'IN.37.416',	'IN',	'IN.37',	'{\"en\":\"Dakshin Bastar Dantewada\"}',	1),
(593,	'IN.17.280',	'IN',	'IN.17',	'{\"en\":\"Chandel\"}',	1),
(594,	'IN.05.055',	'IN',	'IN.05',	'{\"en\":\"Chandigarh\"}',	1),
(595,	'IN.38.348',	'IN',	'IN.38',	'{\"en\":\"Kodarma\"}',	1),
(596,	'IN.52.496',	'IN',	'IN.52',	'{\"en\":\"Dadra & Nagar Haveli\"}',	1),
(597,	'IN.12.015',	'IN',	'IN.12',	'{\"en\":\"Kulgam\"}',	1),
(598,	'IN.12.022',	'IN',	'IN.12',	'{\"en\":\"Samba\"}',	1),
(599,	'IN.16.531',	'IN',	'IN.16',	'{\"en\":\"Sangli\"}',	1),
(600,	'IN.21.373',	'IN',	'IN.21',	'{\"en\":\"Debagarh\"}',	1),
(601,	'IN.26.291',	'IN',	'IN.26',	'{\"en\":\"Dhalai\"}',	1),
(602,	'IN.20.265',	'IN',	'IN.20',	'{\"en\":\"Dimapur\"}',	1),
(603,	'IN.36.144',	'IN',	'IN.36',	'{\"en\":\"Hathras\"}',	1),
(604,	'IN.17.278',	'IN',	'IN.17',	'{\"en\":\"Imphal East\"}',	1),
(605,	'IN.17.277',	'IN',	'IN.17',	'{\"en\":\"Imphal West\"}',	1),
(606,	'IN.20.268',	'IN',	'IN.20',	'{\"en\":\"Longleng\"}',	1),
(607,	'IN.10.083',	'IN',	'IN.10',	'{\"en\":\"Jhajjar\"}',	1),
(608,	'IN.10.073',	'IN',	'IN.10',	'{\"en\":\"Kaithal\"}',	1),
(609,	'IN.03.322',	'IN',	'IN.03',	'{\"en\":\"Kamrup Metropolitan\"}',	1),
(610,	'IN.10.089',	'IN',	'IN.10',	'{\"en\":\"Palwal\"}',	1),
(611,	'IN.12.012',	'IN',	'IN.12',	'{\"en\":\"Pulwama\"}',	1),
(612,	'IN.12.005',	'IN',	'IN.12',	'{\"en\":\"Punch\"}',	1),
(613,	'IN.36.202',	'IN',	'IN.36',	'{\"en\":\"Kasganj\"}',	1),
(614,	'IN.12.017',	'IN',	'IN.12',	'{\"en\":\"Ramban\"}',	1),
(615,	'IN.12.020',	'IN',	'IN.12',	'{\"en\":\"Reasi\"}',	1),
(616,	'IN.16.519',	'IN',	'IN.16',	'{\"en\":\"Mumbai\"}',	1),
(617,	'IN.10.075',	'IN',	'IN.10',	'{\"en\":\"Panipat\"}',	1),
(618,	'IN.41.004',	'IN',	'IN.41',	'{\"en\":\"Kargil\"}',	1),
(619,	'IN.38.365',	'IN',	'IN.38',	'{\"en\":\"Khunti\"}',	1),
(620,	'IN.20.269',	'IN',	'IN.20',	'{\"en\":\"Kiphire\"}',	1),
(621,	'IN.30.256',	'IN',	'IN.30',	'{\"en\":\"Kurung Kumey\"}',	1),
(622,	'IN.12.013',	'IN',	'IN.12',	'{\"en\":\"Shupiyan\"}',	1),
(623,	'IN.35.463',	'IN',	'IN.35',	'{\"en\":\"Singrauli\"}',	1),
(624,	'IN.30.258',	'IN',	'IN.30',	'{\"en\":\"Lower Dibang Valley\"}',	1),
(625,	'IN.36.200',	'IN',	'IN.36',	'{\"en\":\"Sonbhadra\"}',	1),
(626,	'IN.18.295',	'IN',	'IN.18',	'{\"en\":\"South Garo Hills\"}',	1),
(627,	'IN.10.087',	'IN',	'IN.10',	'{\"en\":\"Mewat\"}',	1),
(628,	'IN.01.639',	'IN',	'IN.01',	'{\"en\":\"North  & Middle Andaman\"}',	1),
(629,	'IN.14.587',	'IN',	'IN.14',	'{\"en\":\"Lakshadweep\"}',	1),
(630,	'IN.25.633',	'IN',	'IN.25',	'{\"en\":\"Tiruppur\"}',	1),
(631,	'IN.37.415',	'IN',	'IN.37',	'{\"en\":\"Narayanpur\"}',	1),
(632,	'IN.30.248',	'IN',	'IN.30',	'{\"en\":\"Papum Pare\"}',	1),
(633,	'IN.38.361',	'IN',	'IN.38',	'{\"en\":\"Ramgarh\"}',	1),
(634,	'IN.31.288',	'IN',	'IN.31',	'{\"en\":\"Saiha\"}',	1),
(635,	'IN.36.186',	'IN',	'IN.36',	'{\"en\":\"Sant Kabir Nagar\"}',	1),
(636,	'IN.21.392',	'IN',	'IN.21',	'{\"en\":\"Subarnapur\"}',	1),
(637,	'IN.30.245',	'IN',	'IN.30',	'{\"en\":\"Tawang\"}',	1),
(638,	'IN.30.252',	'IN',	'IN.30',	'{\"en\":\"Upper Siang\"}',	1),
(639,	'IN.10.071',	'IN',	'IN.10',	'{\"en\":\"Yamunanagar\"}',	1),
(640,	'IN.34.240',	'IN',	'IN.34',	'{\"en\":\"Arwal\"}',	1),
(641,	'IN.12.011',	'IN',	'IN.12',	'{\"en\":\"Ganderbal\"}',	1),
(642,	'IN.12.001',	'IN',	'IN.12',	'{\"en\":\"Kupwara\"}',	1),
(643,	'IN.03.705',	'IN',	'IN.03',	'{\"en\":\"Biswanath\"}',	1),
(644,	'IN.30.678',	'IN',	'IN.30',	'{\"en\":\"Namsai\"}',	1),
(645,	'IN.30.677',	'IN',	'IN.30',	'{\"en\":\"Kra Daadi\"}',	1),
(646,	'IN.30.679',	'IN',	'IN.30',	'{\"en\":\"Siang\"}',	1),
(647,	'IN.03.708',	'IN',	'IN.03',	'{\"en\":\"Charaideo\"}',	1),
(648,	'IN.03.709',	'IN',	'IN.03',	'{\"en\":\"Hojai\"}',	1),
(649,	'IN.03.710',	'IN',	'IN.03',	'{\"en\":\"West Karbi Anglong\"}',	1),
(650,	'IN.03.707',	'IN',	'IN.03',	'{\"en\":\"South Salmara Mancachar\"}',	1),
(651,	'IN.37.648',	'IN',	'IN.37',	'{\"en\":\"Surajpur\"}',	1),
(652,	'IN.37.649',	'IN',	'IN.37',	'{\"en\":\"Balrampur\"}',	1),
(653,	'IN.37.644',	'IN',	'IN.37',	'{\"en\":\"Baloda Bazar\"}',	1),
(654,	'IN.37.646',	'IN',	'IN.37',	'{\"en\":\"Balod\"}',	1),
(655,	'IN.37.643',	'IN',	'IN.37',	'{\"en\":\"Kondagaon\"}',	1),
(656,	'IN.37.650',	'IN',	'IN.37',	'{\"en\":\"Bemetara\"}',	1),
(657,	'IN.37.645',	'IN',	'IN.37',	'{\"en\":\"Gariyaband\"}',	1),
(658,	'IN.37.647',	'IN',	'IN.37',	'{\"en\":\"Mungeli\"}',	1),
(659,	'IN.37.642',	'IN',	'IN.37',	'{\"en\":\"Sukma\"}',	1),
(660,	'IN.07.670',	'IN',	'IN.07',	'{\"en\":\"South East\"}',	1),
(661,	'IN.07.671',	'IN',	'IN.07',	'{\"en\":\"Shahdara\"}',	1),
(662,	'IN.09.674',	'IN',	'IN.09',	'{\"en\":\"Devbhumi Dwarka\"}',	1),
(663,	'IN.09.669',	'IN',	'IN.09',	'{\"en\":\"Mahisagar\"}',	1),
(664,	'IN.09.672',	'IN',	'IN.09',	'{\"en\":\"Arvalli\"}',	1),
(665,	'IN.09.673',	'IN',	'IN.09',	'{\"en\":\"Morbi\"}',	1),
(666,	'IN.09.675',	'IN',	'IN.09',	'{\"en\":\"Gir Somnath\"}',	1),
(667,	'IN.09.676',	'IN',	'IN.09',	'{\"en\":\"Botad\"}',	1),
(668,	'IN.09.668',	'IN',	'IN.09',	'{\"en\":\"Chhotaudepur\"}',	1),
(669,	'IN.10.701',	'IN',	'IN.10',	'{\"en\":\"Charki Dadri\"}',	1),
(670,	'IN.35.667',	'IN',	'IN.35',	'{\"en\":\"Agar Malwa\"}',	1),
(671,	'IN.16.665',	'IN',	'IN.16',	'{\"en\":\"Palghar\"}',	1),
(672,	'IN.18.657',	'IN',	'IN.18',	'{\"en\":\"East Jaintia Hills\"}',	1),
(673,	'IN.18.656',	'IN',	'IN.18',	'{\"en\":\"North Garo Hills\"}',	1),
(674,	'IN.18.658',	'IN',	'IN.18',	'{\"en\":\"South West Khasi Hills\"}',	1),
(675,	'IN.18.663',	'IN',	'IN.18',	'{\"en\":\"South West Garo Hills\"}',	1),
(676,	'IN.40.696',	'IN',	'IN.40',	'{\"en\":\"Suryapet\"}',	1),
(677,	'IN.40.698',	'IN',	'IN.40',	'{\"en\":\"Vikarabad\"}',	1),
(678,	'IN.40.692',	'IN',	'IN.40',	'{\"en\":\"Siddipet\"}',	1),
(679,	'IN.40.691',	'IN',	'IN.40',	'{\"en\":\"Sangareddy\"}',	1),
(680,	'IN.40.683',	'IN',	'IN.40',	'{\"en\":\"Rajanna Sircilla\"}',	1),
(681,	'IN.40.682',	'IN',	'IN.40',	'{\"en\":\"Peddapalli\"}',	1),
(682,	'IN.40.694',	'IN',	'IN.40',	'{\"en\":\"Nagarkurnool\"}',	1),
(683,	'IN.40.700',	'IN',	'IN.40',	'{\"en\":\"Medchal Malkajgiri\"}',	1),
(684,	'IN.40.684',	'IN',	'IN.40',	'{\"en\":\"Mancherial\"}',	1),
(685,	'IN.40.688',	'IN',	'IN.40',	'{\"en\":\"Mahabubabad\"}',	1),
(686,	'IN.40.685',	'IN',	'IN.40',	'{\"en\":\"Kamareddy\"}',	1),
(687,	'IN.40.695',	'IN',	'IN.40',	'{\"en\":\"Jogulamba Gadwal\"}',	1),
(688,	'IN.40.687',	'IN',	'IN.40',	'{\"en\":\"Jayashankar Bhupalapally\"}',	1),
(689,	'IN.40.689',	'IN',	'IN.40',	'{\"en\":\"Jangoan\"}',	1),
(690,	'IN.40.690',	'IN',	'IN.40',	'{\"en\":\"Bhadradri Kothagudem\"}',	1),
(691,	'IN.40.681',	'IN',	'IN.40',	'{\"en\":\"Jagitial\"}',	1),
(692,	'IN.40.680',	'IN',	'IN.40',	'{\"en\":\"Nirmal\"}',	1),
(693,	'IN.40.693',	'IN',	'IN.40',	'{\"en\":\"Wanaparthy\"}',	1),
(694,	'IN.40.686',	'IN',	'IN.40',	'{\"en\":\"Warangal Urban\"}',	1),
(695,	'IN.40.697',	'IN',	'IN.40',	'{\"en\":\"Yadadri Bhuvanagiri\"}',	1),
(696,	'IN.26.654',	'IN',	'IN.26',	'{\"en\":\"Gomati\"}',	1),
(697,	'IN.26.655',	'IN',	'IN.26',	'{\"en\":\"Unakoti\"}',	1),
(698,	'IN.26.653',	'IN',	'IN.26',	'{\"en\":\"Sepahijala\"}',	1),
(699,	'IN.26.652',	'IN',	'IN.26',	'{\"en\":\"Khowai\"}',	1),
(700,	'IN.36.660',	'IN',	'IN.36',	'{\"en\":\"Shamli\"}',	1),
(701,	'IN.36.640',	'IN',	'IN.36',	'{\"en\":\"Amethi\"}',	1),
(702,	'IN.36.661',	'IN',	'IN.36',	'{\"en\":\"Hapur\"}',	1),
(703,	'IN.36.659',	'IN',	'IN.36',	'{\"en\":\"Sambhal\"}',	1),
(704,	'IN.28.702',	'IN',	'IN.28',	'{\"en\":\"Kalimpong\"}',	1),
(705,	'IN.28.703',	'IN',	'IN.28',	'{\"en\":\"Jhargram\"}',	1),
(706,	'IN.28.664',	'IN',	'IN.28',	'{\"en\":\"Alipurduar\"}',	1),
(707,	'IN.30.666',	'IN',	'IN.30',	'{\"en\":\"Longding\"}',	1),
(708,	'IN.40.699',	'IN',	'IN.40',	'{\"en\":\"Kumuram Bheem Asifabad\"}',	1),
(709,	'IN.03.706',	'IN',	'IN.03',	'{\"en\":\"Majuli\"}',	1),
(710,	'IN.28.704',	'IN',	'IN.28',	'{\"en\":\"Paschim Bardhaman\"}',	1),
(711,	'IN.17.713',	'IN',	'IN.17',	'{\"en\":\"Jiribam\"}',	1),
(712,	'IN.17.712',	'IN',	'IN.17',	'{\"en\":\"Kangpokpi\"}',	1),
(713,	'IN.17.714',	'IN',	'IN.17',	'{\"en\":\"Noney\"}',	1),
(714,	'IN.17.711',	'IN',	'IN.17',	'{\"en\":\"Kakching\"}',	1),
(715,	'IN.17.717',	'IN',	'IN.17',	'{\"en\":\"Kamjong\"}',	1),
(716,	'IN.17.715',	'IN',	'IN.17',	'{\"en\":\"Pherzawl\"}',	1),
(717,	'IN.17.716',	'IN',	'IN.17',	'{\"en\":\"Tengnoupal\"}',	1),
(718,	'IN.30.720',	'IN',	'IN.30',	'{\"en\":\"Lower Siang\"}',	1),
(719,	'IN.25.730',	'IN',	'IN.25',	'{\"en\":\"Chengalpattu district\"}',	1),
(720,	'IN.25.729',	'IN',	'IN.25',	'{\"en\":\"Kallakurichi district\"}',	1),
(721,	'IN.25.731',	'IN',	'IN.25',	'{\"en\":\"Ranipet district\"}',	1),
(722,	'IN.25.733',	'IN',	'IN.25',	'{\"en\":\"Tenkasi district\"}',	1),
(723,	'IN.25.732',	'IN',	'IN.25',	'{\"en\":\"Tirupattur district\"}',	1),
(724,	'IN.25.734',	'IN',	'IN.25',	'{\"en\":\"Mayiladuthurai district\"}',	1);

DROP TABLE IF EXISTS `threads`;
CREATE TABLE `threads` (
  `id` bigint unsigned NOT NULL AUTO_INCREMENT,
  `post_id` bigint unsigned DEFAULT NULL,
  `subject` varchar(200) CHARACTER SET utf8mb4 COLLATE utf8mb4_unicode_ci DEFAULT NULL,
  `deleted_by` bigint unsigned DEFAULT NULL,
  `deleted_at` timestamp NULL DEFAULT NULL,
  `created_at` timestamp NULL DEFAULT NULL,
  `updated_at` timestamp NULL DEFAULT NULL,
  PRIMARY KEY (`id`),
  KEY `threads_post_id_index` (`post_id`)
) ENGINE=InnoDB DEFAULT CHARSET=utf8mb4 COLLATE=utf8mb4_unicode_ci;


DROP TABLE IF EXISTS `threads_messages`;
CREATE TABLE `threads_messages` (
  `id` bigint unsigned NOT NULL AUTO_INCREMENT,
  `thread_id` bigint unsigned DEFAULT NULL,
  `user_id` bigint unsigned DEFAULT NULL,
  `body` mediumtext CHARACTER SET utf8mb4 COLLATE utf8mb4_unicode_ci,
  `filename` varchar(200) CHARACTER SET utf8mb4 COLLATE utf8mb4_unicode_ci DEFAULT NULL,
  `deleted_by` bigint unsigned DEFAULT NULL,
  `deleted_at` timestamp NULL DEFAULT NULL,
  `created_at` timestamp NULL DEFAULT NULL,
  `updated_at` timestamp NULL DEFAULT NULL,
  PRIMARY KEY (`id`),
  KEY `threads_messages_thread_id_index` (`thread_id`),
  KEY `threads_messages_user_id_index` (`user_id`)
) ENGINE=InnoDB DEFAULT CHARSET=utf8mb4 COLLATE=utf8mb4_unicode_ci;


DROP TABLE IF EXISTS `threads_participants`;
CREATE TABLE `threads_participants` (
  `id` bigint unsigned NOT NULL AUTO_INCREMENT,
  `thread_id` bigint unsigned DEFAULT NULL,
  `user_id` bigint unsigned DEFAULT NULL,
  `last_read` timestamp NULL DEFAULT NULL,
  `is_important` tinyint(1) DEFAULT '0',
  `deleted_at` timestamp NULL DEFAULT NULL,
  `created_at` timestamp NULL DEFAULT NULL,
  `updated_at` timestamp NULL DEFAULT NULL,
  PRIMARY KEY (`id`),
  KEY `threads_participants_thread_id_index` (`thread_id`),
  KEY `threads_participants_user_id_index` (`user_id`)
) ENGINE=InnoDB DEFAULT CHARSET=utf8mb4 COLLATE=utf8mb4_unicode_ci;


DROP TABLE IF EXISTS `user_coach`;
CREATE TABLE `user_coach` (
  `id` bigint unsigned NOT NULL AUTO_INCREMENT,
  `country_code` varchar(2) COLLATE utf8mb4_unicode_ci DEFAULT NULL,
  `Location` varchar(256) CHARACTER SET utf8mb4 COLLATE utf8mb4_unicode_ci DEFAULT NULL,
  `language_code` varchar(10) COLLATE utf8mb4_unicode_ci DEFAULT NULL,
  `user_type_id` tinyint unsigned DEFAULT NULL,
  `Category` varchar(256) COLLATE utf8mb4_unicode_ci DEFAULT NULL,
  `Sub_category` varchar(256) CHARACTER SET utf8mb4 COLLATE utf8mb4_unicode_ci DEFAULT NULL,
  `Year_of_experience` varchar(256) CHARACTER SET utf8mb4 COLLATE utf8mb4_unicode_ci DEFAULT NULL,
  `gender_id` int unsigned DEFAULT NULL,
  `name` varchar(100) COLLATE utf8mb4_unicode_ci NOT NULL,
  `photo` varchar(255) COLLATE utf8mb4_unicode_ci DEFAULT NULL,
  `about` varchar(255) COLLATE utf8mb4_unicode_ci DEFAULT NULL,
  `phone` varchar(60) COLLATE utf8mb4_unicode_ci DEFAULT NULL,
  `phone_hidden` tinyint unsigned DEFAULT '0',
  `username` varchar(100) COLLATE utf8mb4_unicode_ci DEFAULT NULL,
  `email` varchar(100) COLLATE utf8mb4_unicode_ci DEFAULT NULL,
  `email_verified_at` timestamp NULL DEFAULT NULL,
  `password` varchar(60) COLLATE utf8mb4_unicode_ci DEFAULT NULL,
  `remember_token` varchar(100) COLLATE utf8mb4_unicode_ci DEFAULT NULL,
  `is_admin` tinyint unsigned DEFAULT '0',
  `can_be_impersonated` tinyint unsigned DEFAULT '1',
  `disable_comments` tinyint unsigned DEFAULT '0',
  `ip_addr` varchar(50) COLLATE utf8mb4_unicode_ci DEFAULT NULL,
  `provider` varchar(50) COLLATE utf8mb4_unicode_ci DEFAULT NULL COMMENT 'facebook, google, twitter, linkedin, ...',
  `provider_id` varchar(50) COLLATE utf8mb4_unicode_ci DEFAULT NULL COMMENT 'Provider User ID',
  `email_token` varchar(32) COLLATE utf8mb4_unicode_ci DEFAULT NULL,
  `phone_token` varchar(32) COLLATE utf8mb4_unicode_ci DEFAULT NULL,
  `verified_email` tinyint unsigned DEFAULT '1',
  `verified_phone` tinyint unsigned DEFAULT '1',
  `accept_terms` tinyint(1) DEFAULT '0',
  `accept_marketing_offers` tinyint(1) DEFAULT '0',
  `time_zone` varchar(50) COLLATE utf8mb4_unicode_ci DEFAULT NULL,
  `blocked` tinyint unsigned DEFAULT '0',
  `closed` tinyint unsigned DEFAULT '0',
  `last_activity` datetime DEFAULT NULL,
  `Coach_summary` varchar(2500) COLLATE utf8mb4_unicode_ci DEFAULT NULL,
  `Youtube_link` varchar(2500) CHARACTER SET utf8mb4 COLLATE utf8mb4_unicode_ci DEFAULT NULL,
  `last_login_at` datetime DEFAULT NULL,
  `Subscription_plans` varchar(256) COLLATE utf8mb4_unicode_ci DEFAULT NULL,
  `deleted_at` timestamp NULL DEFAULT NULL,
  `created_at` timestamp NULL DEFAULT NULL,
  `updated_at` timestamp NULL DEFAULT NULL,
  PRIMARY KEY (`id`),
  KEY `user_coach_country_code_index` (`country_code`),
  KEY `user_coach_user_type_id_index` (`user_type_id`),
  KEY `user_coach_gender_id_index` (`gender_id`),
  KEY `user_coach_verified_email_index` (`verified_email`),
  KEY `user_coach_verified_phone_index` (`verified_phone`),
  KEY `user_coach_username_index` (`username`),
  KEY `user_coach_phone_index` (`phone`),
  KEY `user_coach_email_index` (`email`),
  KEY `user_coach_is_admin_index` (`is_admin`),
  KEY `user_coach_can_be_impersonated_index` (`can_be_impersonated`)
) ENGINE=InnoDB DEFAULT CHARSET=utf8mb4 COLLATE=utf8mb4_unicode_ci;

INSERT INTO `user_coach` (`id`, `country_code`, `Location`, `language_code`, `user_type_id`, `Category`, `Sub_category`, `Year_of_experience`, `gender_id`, `name`, `photo`, `about`, `phone`, `phone_hidden`, `username`, `email`, `email_verified_at`, `password`, `remember_token`, `is_admin`, `can_be_impersonated`, `disable_comments`, `ip_addr`, `provider`, `provider_id`, `email_token`, `phone_token`, `verified_email`, `verified_phone`, `accept_terms`, `accept_marketing_offers`, `time_zone`, `blocked`, `closed`, `last_activity`, `Coach_summary`, `Youtube_link`, `last_login_at`, `Subscription_plans`, `deleted_at`, `created_at`, `updated_at`) VALUES
(4,	'IN',	'2029',	NULL,	2,	'1',	'4',	NULL,	NULL,	'Jim Séchen',	'avatars/in/11/fff76d7036ed17788740937846a48eec.jpg',	NULL,	'+919488484450',	0,	NULL,	'ajay@gmail.com',	NULL,	'$2y$10$ahZxWnyqq/.r1cVbmoMtJeWZ7.J367bhGWyIMaSNM2.KzoIzMy8aS',	NULL,	0,	1,	0,	NULL,	NULL,	NULL,	NULL,	NULL,	1,	1,	1,	0,	NULL,	0,	0,	NULL,	NULL,	NULL,	'2022-02-25 15:22:06',	'1',	NULL,	'2021-12-01 18:11:24',	'2022-03-09 05:06:49'),
(5,	'IN',	NULL,	NULL,	2,	'9',	'10',	'5',	NULL,	'Raj',	'avatars/in/5/450c43f0f49220582356c399b81af2b1.jpg',	NULL,	'+919488484459',	0,	NULL,	'raj@gmail.com',	NULL,	'$2y$10$c0jh5jv6ZZ5XX9Fb4uJpku4XPgWX9akzAKySV4Q6iJbSZwL5KSJBK',	NULL,	0,	1,	0,	NULL,	NULL,	NULL,	NULL,	NULL,	1,	1,	1,	0,	NULL,	0,	0,	NULL,	NULL,	NULL,	'2021-12-16 11:22:27',	'2',	NULL,	'2021-12-01 18:12:55',	'2022-02-22 18:59:09'),
(6,	'IN',	'2029',	NULL,	2,	'46',	'47',	NULL,	NULL,	'Raj2',	'avatars/in/6/5654093e4da0cf45a0ff9f0f4bcc0690.png',	NULL,	'+919488484458',	0,	NULL,	'raj1@gmail.com',	NULL,	'$2y$10$vVXoWsSHFsSRZ6vGtEw0nuHsfRdoMeXWshARH0HrajJZahT3lRlQO',	NULL,	0,	1,	0,	NULL,	NULL,	NULL,	NULL,	NULL,	1,	1,	1,	0,	NULL,	0,	0,	NULL,	NULL,	NULL,	NULL,	'3',	NULL,	'2021-12-01 18:14:46',	'2022-02-22 19:00:21'),
(7,	'IN',	NULL,	NULL,	2,	'46',	'47',	'2',	NULL,	'Lovkush',	'avatars/in/7/0585ab3f14324ffa94058224c2bc99bd.jpg',	NULL,	'+919488484452',	0,	NULL,	'lovkush@gmail.com',	NULL,	'$2y$10$addQlRRMV5mMXayZPz8U5uIk4bbjWZOYhXs626vKgBYI5u.0CPd9u',	NULL,	0,	1,	0,	NULL,	NULL,	NULL,	NULL,	NULL,	1,	1,	1,	0,	NULL,	0,	0,	NULL,	NULL,	NULL,	NULL,	NULL,	NULL,	'2021-12-02 18:43:08',	'2022-02-22 19:32:32'),
(9,	'IN',	'2029',	NULL,	2,	NULL,	NULL,	NULL,	NULL,	'Riya',	'avatars/in/9/06dab2605b386f0d1db7945cfd1a0c4c.jpg	',	NULL,	'094884844121',	0,	NULL,	'riya@gmail.com',	NULL,	'$2y$10$67aj82I4.nz/nXfMedm3MONCZ3dmyrp/sW6Gzcl3vSqb6EwIyNKKm',	NULL,	0,	1,	0,	NULL,	NULL,	NULL,	NULL,	NULL,	1,	1,	1,	0,	NULL,	0,	0,	NULL,	NULL,	NULL,	'2022-01-27 12:51:53',	NULL,	NULL,	'2021-12-14 19:09:42',	'2022-03-14 00:27:43'),
(10,	'IN',	'2029',	NULL,	2,	'46',	'47',	'3',	2,	'Vinay Sharma',	'avatars/in/10/3870d87f770bfb29e6f4ac93d9d4ac84.png	',	NULL,	'+918858180564',	0,	'vinaysharma112',	'vinay@gmail.com',	NULL,	'$2y$10$nbdVF4i8wPuQsw/T5XkTc.cEQI.C/P.ot6/66c/thY.O/yE3rbcGq',	NULL,	0,	1,	0,	NULL,	NULL,	NULL,	NULL,	NULL,	1,	1,	1,	0,	NULL,	0,	0,	NULL,	NULL,	NULL,	'2022-04-08 10:12:09',	'2',	NULL,	'2021-12-16 00:14:25',	'2022-04-07 23:12:09'),
(15,	'0',	NULL,	NULL,	2,	NULL,	NULL,	NULL,	NULL,	'Suraj1233',	'avatars/0/16/b0eebb363ca53446acc92aec6dc81665.png',	NULL,	'09488411453',	0,	NULL,	'suraj@gmail.com',	NULL,	'$2y$10$Lnd7NNh4lCOYkNhCexY0d.XLiFRqaN/GKfviIwd8oor01Vh2Oyg1a',	NULL,	0,	1,	0,	NULL,	NULL,	NULL,	NULL,	NULL,	1,	1,	1,	0,	NULL,	0,	0,	NULL,	NULL,	NULL,	NULL,	NULL,	NULL,	'2022-01-27 23:27:18',	'2022-03-14 01:25:48'),
(16,	'0',	NULL,	NULL,	2,	NULL,	NULL,	NULL,	NULL,	'Sunil K',	'avatars/0/16/b0eebb363ca53446acc92aec6dc81665.png',	NULL,	'09488481111',	0,	'bxpnh8ulnophryvjljpjjb2aber2',	'sunil123@gmail.com',	NULL,	'$2y$10$Lnd7NNh4lCOYkNhCexY0d.XLiFRqaN/GKfviIwd8oor01Vh2Oyg1a',	NULL,	0,	1,	0,	NULL,	NULL,	NULL,	NULL,	NULL,	1,	1,	1,	0,	NULL,	0,	0,	NULL,	NULL,	'https://www.youtube.com/embed/R5jIoLnL_nE?autoplay=1&mute=1&loop=1',	NULL,	NULL,	NULL,	'2022-01-28 00:59:32',	'2022-03-14 01:35:12'),
(17,	'0',	NULL,	NULL,	2,	'62',	'63',	'1',	NULL,	'Vinay',	'avatars/0/17/c95a55bc24965a816a12842e49d47a0b.png',	NULL,	'0948841119',	0,	'vinay12345643',	'vinay123@gmail.com',	NULL,	'$2y$10$tyShrig5fnJANdD8WtthN.wD4Lrmq/cksVpYqBc7KXKk8.qsRYN6i',	NULL,	0,	1,	0,	NULL,	NULL,	NULL,	NULL,	NULL,	1,	1,	1,	0,	NULL,	0,	0,	NULL,	NULL,	'https://www.youtube.com/embed/R5jIoLnL_nE?autoplay=1&mute=1&loop=1',	'2022-02-22 11:52:23',	NULL,	NULL,	'2022-01-28 01:53:30',	'2022-03-14 01:37:46'),
(18,	'IN',	'7',	NULL,	2,	'122',	'123',	'3',	NULL,	'Coach340',	'avatars//18/4a160b1085af0ab501e77bf47d857f83.jpg',	NULL,	'+919488480000',	0,	'strivre34',	'coach340@gmail.com',	NULL,	'$2y$10$/svfDuuvhFHxBwn9S.SdJulWNdrePsQ0XYaN/4AKcwsdDI2YS3Lmm',	NULL,	0,	1,	0,	NULL,	NULL,	NULL,	NULL,	NULL,	1,	1,	1,	0,	NULL,	0,	0,	NULL,	NULL,	'https://www.youtube.com/embed/R5jIoLnL_nE?autoplay=1&mute=1&loop=1',	NULL,	'3',	NULL,	'2022-02-21 01:51:00',	'2022-04-07 01:01:36'),
(19,	'UK',	'7',	NULL,	2,	'9',	'115',	'6',	1,	'Coaches34',	'avatars/uk/19/f1baf9cb566fb38ea0fdc1a9d928f449.jpeg',	NULL,	'+449894545801',	0,	'coaches34',	'coaches34@gmail.com',	NULL,	'$2y$10$f0.3ZI.KmCVTm9WckJ/NFeu1Zh99aC3.HoL8OC443oVpTBpcVD8ra',	NULL,	0,	1,	0,	NULL,	NULL,	NULL,	NULL,	NULL,	1,	1,	1,	0,	NULL,	0,	0,	NULL,	'SAVE TIME FINDING THE RIGHT MUSIC TEACHER\r\n\r\nLET US KNOW EXACTLY WHAT YOU\'RE AFTER BY REGISTERING YOUR INTEREST FOR LESSONS. FROM THERE WE\'LL CONNECT YOU WITH A MUSIC TEACHER WHO BEST MATCHES YOUR PREFERENCES.',	'https://www.youtube.com/embed/R5jIoLnL_nE?autoplay=1&mute=1&loop=1',	'2022-04-11 12:49:28',	NULL,	NULL,	'2022-02-21 20:28:20',	'2022-04-11 01:49:28'),
(24,	'IN',	'7',	NULL,	2,	'9',	'10',	'1',	1,	'Coach22',	'avatars/in/24/1a1a6e5f4e714935c47c3a5e234390d4.jpg',	NULL,	'+919892997722',	0,	'coach47074',	'coach22@gmail.com',	NULL,	'$2y$10$Lx6skX2U3pOO0sMfeYp1i.CYc78pFaP/y44j93mMEjl66Q2/AlKJO',	NULL,	0,	1,	0,	NULL,	NULL,	NULL,	NULL,	NULL,	1,	1,	1,	0,	NULL,	0,	0,	NULL,	'Lorem Ipsum is simply dummy text of the printing and typesetting industry. Lorem Ipsum has been the industry\'s standard dummy text ever since the 1500s,',	'',	'2022-04-11 16:38:01',	NULL,	NULL,	'2022-04-07 03:28:33',	'2022-04-11 05:38:01'),
(27,	'IN',	'1',	NULL,	2,	'37',	'38',	'2',	1,	'Coach1',	NULL,	NULL,	'+919988776633',	0,	'coach29931',	'coach1@gmail.com',	NULL,	'$2y$10$qZcz81dlNBC12jH3JawwVuguOd34A/rWDw7t4Fmdx0YeH8PVmdDB2',	NULL,	0,	1,	0,	NULL,	NULL,	NULL,	NULL,	NULL,	1,	1,	1,	0,	NULL,	0,	0,	NULL,	'The digital marketing landscape is changing rapidly. This course acts as an introduction to the wide array of options available to marketers in the digital marketing landscape. Twenty years ago social media didnt even exist and only 10 years ago marketers started to understand how they could leverage popular social sites to market their products and services.',	'',	NULL,	NULL,	NULL,	'2022-04-08 01:10:02',	'2022-04-08 01:31:11'),
(28,	'UK',	'7',	NULL,	2,	'9',	'10',	'5',	NULL,	'Coaches2',	'avatars/uk/28/0f22853f9590be7efbe69fcfd00cff25.jpg',	NULL,	'+445566774433',	0,	'coach49628',	'coaches2@gmail.com',	NULL,	'$2y$10$LYsu1f4gCMmMVCgM2SQgCeQGXF4fc3JGi1Kp6U4cDJA6hxdQG/k.i',	NULL,	0,	1,	0,	NULL,	NULL,	NULL,	NULL,	NULL,	1,	1,	1,	0,	NULL,	0,	0,	NULL,	'Project management is an exciting place to be. This course is designed for people that are new to project management. This course is structured to give you a solid foundation of project management and to help you speak the project management language.',	'',	'2022-04-08 19:25:41',	NULL,	NULL,	'2022-04-08 01:38:20',	'2022-04-08 08:27:00'),
(29,	'US',	'12',	NULL,	2,	'138',	'138',	NULL,	NULL,	'Eric Coach',	NULL,	NULL,	'03456789874',	0,	'coach56374',	'Eric@gmail.com',	NULL,	'$2y$10$GUoi6zXjG4UjJrK6akGmi.dL7gzjp3R5p0d7GFJMw9SsCqq/K.Xyy',	NULL,	0,	1,	0,	NULL,	NULL,	NULL,	NULL,	NULL,	1,	1,	1,	0,	NULL,	0,	0,	NULL,	'Drawing is a skill that is learned and developed Drawing as formal artistic creation might be defined as the primarily linear rendition of objects in the visible world, as well as of concepts, thoughts, attitudes, emotions, and fantasies given visual form, of symbols and even of abstract forms.',	'',	'2022-04-08 18:52:52',	NULL,	NULL,	'2022-04-08 03:29:31',	'2022-04-08 07:52:52'),
(30,	'IN',	'1',	NULL,	2,	'73',	'74',	'4',	1,	'Coach4',	NULL,	NULL,	'+914354654433',	0,	'coach43088',	'coach4@gmail.com',	NULL,	'$2y$10$epU51gBt6ZvQnguEUl0jz.RuY1e2PcuuPoqOk3ovcAO6NSLsqvvU.',	NULL,	0,	1,	0,	NULL,	NULL,	NULL,	NULL,	NULL,	1,	1,	1,	0,	NULL,	0,	0,	NULL,	'Quality management ensures that an organization, product or service is consistent. It has four main components: quality planning, quality assurance, quality control and quality improvement. Quality management is focused not only on product and service quality, but also on the means to achieve it.',	'',	'2022-04-11 10:23:39',	NULL,	NULL,	'2022-04-08 03:37:48',	'2022-04-10 23:24:02'),
(31,	'UK',	'7',	NULL,	2,	'54',	'1',	'5',	NULL,	'Samual Lio',	NULL,	NULL,	'06677885544',	0,	'coach71058',	'samual@gmail.com',	NULL,	'$2y$10$yYiwGt5aLvokoDO2V21itu95277BFyHaoXGLlulobCpvqu/7xDra2',	NULL,	0,	1,	0,	NULL,	NULL,	NULL,	NULL,	NULL,	1,	1,	1,	0,	NULL,	0,	0,	NULL,	'Software development refers to a set of computer science activities dedicated to the process of creating, designing, deploying and supporting software. Software itself is the set of instructions or programs that tell a computer what to do. It is independent of hardware and makes computers programmable.',	'',	NULL,	NULL,	NULL,	'2022-04-08 03:57:38',	'2022-04-08 04:04:33'),
(32,	'IN',	'3',	NULL,	2,	'46',	'47',	'7',	NULL,	'Thomas Coach',	'avatars/in/32/e2f31d09d880e542155a63cd6d280340.jpg',	NULL,	'+912345678765',	0,	'coach59021',	'thomas@gmail.com',	NULL,	'$2y$10$f2S9RWoKiZ0PeSPvLuEoKuxUxO6JloPr/SlrcZEamZWNCfaK2C7iW',	NULL,	0,	1,	0,	NULL,	NULL,	NULL,	NULL,	NULL,	1,	1,	1,	0,	NULL,	0,	0,	NULL,	'Business leadership refers to how individuals make decisions, set goals and provide direction in a professional environment. Strong business leadership is a vital part of every successful company. A team with strong, skilled leadership is more likely to be productive than one without.',	'',	'2022-04-11 17:09:55',	NULL,	NULL,	'2022-04-08 04:06:32',	'2022-04-11 06:10:50'),
(37,	'UK',	'7',	NULL,	2,	'62',	'63',	'5',	1,	'Deeksha',	'avatars/uk/37/7459475820139b1bca5e0c8ee096bdeb.png',	NULL,	'+449898989898',	0,	'coach48910',	'deekshainbox100@gmail.com',	NULL,	'$2y$10$sL6t7T/M2q8u7MjdsQDuPu/fme4WA8iiK7Uxd0g8M7s79vzkOo3Ya',	NULL,	0,	1,	0,	NULL,	NULL,	NULL,	NULL,	NULL,	1,	1,	1,	0,	NULL,	0,	0,	NULL,	'Coaching involves the belief that the individual has the answers to their own problems within them. The coach is not a subject expert, but rather is focused on education',	'',	'2022-04-11 12:13:16',	'2',	NULL,	'2022-04-09 19:48:43',	'2022-04-11 01:13:16'),
(38,	'UK',	'10',	NULL,	2,	'114',	'116',	'2',	1,	'Coachdigi',	'avatars//38/b1e9e33e6917b80be83436896407009e.jpeg',	NULL,	'+445655789745',	0,	'coach28709',	'coachdigi112@gmail.com',	NULL,	'$2y$10$s601Ek68x4wteo06yp2pVOEnoR8Wv7kbTLOOh30A2FaPTyQ2zOM8i',	NULL,	0,	1,	0,	NULL,	NULL,	NULL,	NULL,	NULL,	1,	1,	1,	0,	NULL,	0,	0,	NULL,	NULL,	'',	'2022-04-12 13:02:43',	NULL,	NULL,	'2022-04-10 23:24:46',	'2022-04-12 08:50:57'),
(41,	'US',	'12',	NULL,	2,	'37',	'38',	'6',	2,	'Ammy Coach',	'avatars/us/41/22689a63aa2f5b1f62abd942aaa19335.jpg',	NULL,	'+916677889966',	0,	'coach62571',	'Ammy@gmail.com',	NULL,	'$2y$10$/IklawHuvAPY3C0iIWp6qu3PArbvtxqoo8cNtl0zoPC2hl2J3PvZC',	NULL,	0,	1,	0,	NULL,	NULL,	NULL,	NULL,	NULL,	1,	1,	1,	0,	NULL,	0,	0,	NULL,	'Digital marketing is the component of marketing that uses the Internet and online based digital technologies such as desktop computers, mobile phones and other digital media and platforms to promote products and services.',	'',	'2022-04-12 12:05:59',	'2',	NULL,	'2022-04-11 00:33:16',	'2022-04-12 01:05:59'),
(52,	'UK',	NULL,	NULL,	2,	NULL,	'1',	NULL,	NULL,	'Vinay Sharma111',	'avatars/uk/52/1dd5bb54eae5f4ec862bc3529149a976.jpeg',	NULL,	'85656456456454',	0,	'coach44583',	'vinaysharma222@gmail.com',	NULL,	'$2y$10$SAmvLIZV6.3YNYIU2S5eNOtCS0TqmEhpZnMmlQcB2X/mwvPbgn53m',	NULL,	0,	1,	0,	NULL,	NULL,	NULL,	NULL,	NULL,	1,	1,	1,	0,	NULL,	0,	0,	NULL,	NULL,	'',	NULL,	NULL,	NULL,	'2022-04-11 09:00:40',	'2022-04-13 01:41:01'),
(53,	NULL,	NULL,	NULL,	2,	NULL,	NULL,	NULL,	NULL,	'CoachTest',	NULL,	NULL,	'02083078654',	0,	'coach87303',	'alex@ycsdigital.com',	NULL,	'$2y$10$AnBZrbWLOmD7FEAzQAYTourhE8WonTRjRd5PD5j4u205DugI/y4kW',	NULL,	0,	1,	0,	NULL,	NULL,	NULL,	NULL,	NULL,	1,	1,	1,	0,	NULL,	0,	0,	NULL,	NULL,	NULL,	NULL,	NULL,	NULL,	'2022-04-11 11:01:09',	'2022-04-11 11:01:09'),
(56,	'UK',	'11',	NULL,	2,	'135',	'1',	'2',	1,	'New Coach',	'avatars/uk/56/77f8187301c7806588b45d2189119d95.jpg',	NULL,	'+447898765678',	0,	'coach48471',	'newcoach@gmail.com',	NULL,	'$2y$10$lJnc7ZmvBFt7mzT/ndkZq.LLvd00gnUDg4W..lffWhshq5169bVC2',	NULL,	0,	1,	0,	NULL,	NULL,	NULL,	NULL,	NULL,	1,	1,	1,	0,	NULL,	0,	0,	NULL,	'enterprise is \"a business venture,\" like a frozen yogurt enterprise. It requires a lot of determination, hard work and the steady belief that people will love your yogurt. People will say you show extraordinary enterprise for your willingness to take on such a challenging project, meaning you have initiative and drive.',	'',	NULL,	'3',	NULL,	'2022-04-12 03:26:53',	'2022-04-12 03:33:34'),
(57,	'US',	'12',	NULL,	2,	'73',	'74',	'6',	1,	'Richard R',	'avatars/us/57/e1221cb7e36e1932e46239dcbf9d02c9.jpeg',	NULL,	'4567876543',	0,	'coach25437',	'Richard@gmail.com',	NULL,	'$2y$10$kzBNEApGKKK6R05gvSH1ge3rYSZsjKVGlEUQwx97ZZU2/yRHJuec.',	NULL,	0,	1,	0,	NULL,	NULL,	NULL,	NULL,	NULL,	1,	1,	1,	0,	NULL,	0,	0,	NULL,	'Quality management ensures that an organization, product or service is consistent. It has four main components: quality planning, quality assurance, quality control and quality improvement. Quality management is focused not only on product and service quality, but also on the means to achieve it',	'https://www.youtube.com/watch?v=Os4hM7x4Kr8&t=280s',	'2022-04-12 16:21:37',	NULL,	NULL,	'2022-04-12 04:21:50',	'2022-04-16 00:40:56'),
(63,	'UK',	NULL,	NULL,	2,	NULL,	NULL,	NULL,	NULL,	'Rinku3',	'avatars/uk/63/55d5cf84ed5c2c34f5c51962f254ad7a.jpeg',	NULL,	'+443456654323',	0,	'coach53962',	'rinku3@gmail.com',	NULL,	'$2y$10$ZtHz3dVuZ3N.7AYdJ4AjGuz08CgjSR9zS.lUstdOp6Bjfd2t7guBS',	NULL,	0,	1,	0,	NULL,	NULL,	NULL,	NULL,	NULL,	1,	1,	1,	0,	NULL,	0,	0,	NULL,	NULL,	NULL,	NULL,	NULL,	NULL,	'2022-04-16 02:02:28',	'2022-04-16 04:45:56'),
(64,	'UK',	NULL,	NULL,	2,	NULL,	NULL,	NULL,	NULL,	'strivre_new',	NULL,	NULL,	'02345546798',	0,	'coach26286',	'strivre1@gamil.com',	NULL,	'$2y$10$EoJz1PlrijVLmKl7pxqAnebUegp7wWscwspW5NKnG85z8TqNOvynC',	NULL,	0,	1,	0,	NULL,	NULL,	NULL,	NULL,	NULL,	1,	1,	1,	0,	NULL,	0,	0,	NULL,	NULL,	NULL,	NULL,	NULL,	NULL,	'2022-04-17 23:53:04',	'2022-04-17 23:53:04'),
(65,	'UK',	NULL,	NULL,	2,	NULL,	NULL,	NULL,	NULL,	'coach_new',	NULL,	NULL,	'9926813220',	0,	'coach79979',	'coach_new1@gmail.com',	NULL,	'$2y$10$DLVlxApIWvtoSiwI8VZ9LetePia7qPOFNBsraeimZWc3yVe5ZSWNu',	NULL,	0,	1,	0,	NULL,	NULL,	NULL,	NULL,	NULL,	1,	1,	1,	0,	NULL,	0,	0,	NULL,	NULL,	NULL,	NULL,	NULL,	NULL,	'2022-04-17 23:57:03',	'2022-04-17 23:57:03');

DROP TABLE IF EXISTS `user_strivre`;
CREATE TABLE `user_strivre` (
  `id` bigint unsigned NOT NULL AUTO_INCREMENT,
  `country_code` varchar(2) COLLATE utf8mb4_unicode_ci DEFAULT NULL,
  `Location` varchar(256) CHARACTER SET utf8mb4 COLLATE utf8mb4_unicode_ci DEFAULT NULL,
  `language_code` varchar(10) COLLATE utf8mb4_unicode_ci DEFAULT NULL,
  `Sub_category` varchar(256) CHARACTER SET utf8mb4 COLLATE utf8mb4_unicode_ci DEFAULT NULL,
  `Category` varchar(256) CHARACTER SET utf8mb4 COLLATE utf8mb4_unicode_ci DEFAULT NULL,
  `Year_of_experience` varchar(256) CHARACTER SET utf8mb4 COLLATE utf8mb4_unicode_ci DEFAULT NULL,
  `user_type_id` tinyint unsigned DEFAULT NULL,
  `gender_id` int unsigned DEFAULT NULL,
  `name` varchar(100) COLLATE utf8mb4_unicode_ci NOT NULL,
  `photo` varchar(255) COLLATE utf8mb4_unicode_ci DEFAULT NULL,
  `about` varchar(255) COLLATE utf8mb4_unicode_ci DEFAULT NULL,
  `phone` varchar(60) COLLATE utf8mb4_unicode_ci DEFAULT NULL,
  `phone_hidden` tinyint unsigned DEFAULT '0',
  `username` varchar(100) COLLATE utf8mb4_unicode_ci DEFAULT NULL,
  `email` varchar(100) COLLATE utf8mb4_unicode_ci DEFAULT NULL,
  `email_verified_at` timestamp NULL DEFAULT NULL,
  `password` varchar(60) COLLATE utf8mb4_unicode_ci DEFAULT NULL,
  `remember_token` varchar(100) COLLATE utf8mb4_unicode_ci DEFAULT NULL,
  `is_admin` tinyint unsigned DEFAULT '0',
  `can_be_impersonated` tinyint unsigned DEFAULT '1',
  `Coach_summary` varchar(2000) COLLATE utf8mb4_unicode_ci DEFAULT NULL,
  `Youtube_link` varchar(2000) CHARACTER SET utf8mb4 COLLATE utf8mb4_unicode_ci DEFAULT NULL,
  `disable_comments` tinyint unsigned DEFAULT '0',
  `ip_addr` varchar(50) COLLATE utf8mb4_unicode_ci DEFAULT NULL,
  `provider` varchar(50) COLLATE utf8mb4_unicode_ci DEFAULT NULL COMMENT 'facebook, google, twitter, linkedin, ...',
  `provider_id` varchar(50) COLLATE utf8mb4_unicode_ci DEFAULT NULL COMMENT 'Provider User ID',
  `email_token` varchar(32) COLLATE utf8mb4_unicode_ci DEFAULT NULL,
  `phone_token` varchar(32) COLLATE utf8mb4_unicode_ci DEFAULT NULL,
  `verified_email` tinyint unsigned DEFAULT '1',
  `verified_phone` tinyint unsigned DEFAULT '1',
  `accept_terms` tinyint(1) DEFAULT '0',
  `accept_marketing_offers` tinyint(1) DEFAULT '0',
  `time_zone` varchar(50) COLLATE utf8mb4_unicode_ci DEFAULT NULL,
  `blocked` tinyint unsigned DEFAULT '0',
  `closed` tinyint unsigned DEFAULT '0',
  `last_activity` datetime DEFAULT NULL,
  `last_login_at` datetime DEFAULT NULL,
  `deleted_at` timestamp NULL DEFAULT NULL,
  `Subscription_plans` varchar(256) COLLATE utf8mb4_unicode_ci DEFAULT NULL,
  `created_at` timestamp NULL DEFAULT NULL,
  `updated_at` timestamp NULL DEFAULT NULL,
  PRIMARY KEY (`id`),
  KEY `user_strivre_country_code_index` (`country_code`),
  KEY `user_strivre_user_type_id_index` (`user_type_id`),
  KEY `user_strivre_gender_id_index` (`gender_id`),
  KEY `user_strivre_verified_email_index` (`verified_email`),
  KEY `user_strivre_verified_phone_index` (`verified_phone`),
  KEY `user_strivre_username_index` (`username`),
  KEY `user_strivre_phone_index` (`phone`),
  KEY `user_strivre_email_index` (`email`),
  KEY `user_strivre_is_admin_index` (`is_admin`),
  KEY `user_strivre_can_be_impersonated_index` (`can_be_impersonated`)
) ENGINE=InnoDB DEFAULT CHARSET=utf8mb4 COLLATE=utf8mb4_unicode_ci;

INSERT INTO `user_strivre` (`id`, `country_code`, `Location`, `language_code`, `Sub_category`, `Category`, `Year_of_experience`, `user_type_id`, `gender_id`, `name`, `photo`, `about`, `phone`, `phone_hidden`, `username`, `email`, `email_verified_at`, `password`, `remember_token`, `is_admin`, `can_be_impersonated`, `Coach_summary`, `Youtube_link`, `disable_comments`, `ip_addr`, `provider`, `provider_id`, `email_token`, `phone_token`, `verified_email`, `verified_phone`, `accept_terms`, `accept_marketing_offers`, `time_zone`, `blocked`, `closed`, `last_activity`, `last_login_at`, `deleted_at`, `Subscription_plans`, `created_at`, `updated_at`) VALUES
(2,	'IN',	NULL,	NULL,	'2',	'1',	NULL,	3,	NULL,	'Dev',	'avatars/in/2/c9f73127cec4ae4ade8a86f2ce530c46.png',	NULL,	'+916545445453',	0,	NULL,	'dev@gmail.com',	NULL,	'$2y$10$RHAbz1hJFChQiMMnNNCPLukKCBqsX21ufFMKlQ6tAmjV7LPdpGCtW',	NULL,	0,	1,	NULL,	NULL,	0,	NULL,	NULL,	NULL,	NULL,	NULL,	1,	1,	1,	0,	NULL,	0,	0,	NULL,	'2021-12-01 12:54:44',	NULL,	NULL,	'2021-11-19 02:37:08',	'2022-03-09 05:00:27'),
(3,	'IN',	NULL,	NULL,	'6',	'1',	NULL,	3,	NULL,	'Dev1',	'avatars/in/3/c87072a1badf767ce633020a75ab7a9d.png',	NULL,	'54265443233',	0,	NULL,	'dev1@gmail.com',	NULL,	'$2y$10$BSjDoaII2Yr04Ig85G7aJeTQdwvp6Yh3.9EfzLFlGeb5nxM1NWnqO',	NULL,	0,	1,	NULL,	NULL,	0,	NULL,	NULL,	NULL,	NULL,	NULL,	1,	1,	1,	0,	NULL,	0,	0,	NULL,	'2021-11-30 12:33:02',	NULL,	'2',	'2021-11-19 02:40:12',	'2022-02-22 01:25:52'),
(8,	'IN',	NULL,	NULL,	NULL,	NULL,	NULL,	3,	1,	'Sohan Ji',	'avatars/in/8/3c48a77d2c51d88b520c25e199049821.png',	NULL,	'+919488484498',	0,	'Sohan23333',	'sohan@gmail.com',	NULL,	'$2y$10$O.eb.0Za60C2o2A.NEJsaeu2TiYPGBdXPE.ftp8IWECIZ2nhAay/i',	NULL,	0,	1,	NULL,	NULL,	0,	NULL,	NULL,	NULL,	NULL,	NULL,	1,	1,	1,	0,	NULL,	0,	0,	NULL,	'2022-01-27 13:00:28',	NULL,	'2',	'2021-12-02 18:45:00',	'2022-02-22 01:27:26'),
(11,	'IN',	NULL,	NULL,	NULL,	NULL,	NULL,	3,	1,	'Vinay Sharma',	'avatars/in/11/fff76d7036ed17788740937846a48eec.jpg',	NULL,	'+918544865452',	0,	'vinaysir112',	'vinay112@gmail.com',	NULL,	'$2y$10$S3Bbnr3GEBBYRhKXzmaVeeSkRLnbK3TAIljGmGEKySTpMWDpAJGYy',	NULL,	0,	1,	NULL,	NULL,	0,	NULL,	NULL,	NULL,	NULL,	NULL,	1,	1,	1,	0,	NULL,	0,	0,	NULL,	'2022-04-07 20:59:40',	NULL,	'1',	'2021-12-21 00:20:37',	'2022-04-07 09:59:40'),
(12,	'IN',	NULL,	NULL,	NULL,	NULL,	NULL,	3,	NULL,	'Rajesh Sir',	'avatars/in/12/6c49498d81a7ec812889e8c8a90b2f12.png',	NULL,	'85746616565',	0,	NULL,	'rajesh@gmail.com',	NULL,	'$2y$10$ZO/P34FKFytVHYowfgVFluoJ/oooZmzQqO2IZRF/RBAjTPMwHCCt.',	NULL,	0,	1,	NULL,	NULL,	0,	NULL,	NULL,	NULL,	NULL,	NULL,	1,	1,	1,	0,	NULL,	0,	0,	NULL,	NULL,	NULL,	NULL,	'2021-12-23 23:30:04',	'2022-03-14 00:57:18'),
(13,	'IN',	NULL,	NULL,	NULL,	NULL,	NULL,	3,	NULL,	'Sunil',	'avatars/in/13/a40707f7e872aae9e6c579b88f3678ce.jpg',	NULL,	'+919488484411',	0,	NULL,	'sunilv@gmail.com',	NULL,	'$2y$10$6i8qN9G.a52mUDdOdx.WRu.uiNpTnrfaGz5wCPPbtv/3uVktOqUBe',	NULL,	0,	1,	NULL,	NULL,	0,	NULL,	NULL,	NULL,	NULL,	NULL,	1,	1,	1,	0,	NULL,	0,	0,	NULL,	NULL,	NULL,	'3',	'2021-12-28 18:33:19',	'2022-03-14 01:06:32'),
(14,	'IN',	NULL,	NULL,	NULL,	NULL,	NULL,	3,	NULL,	'Deepak',	'avatars/0/15/d041e978ea2eaf859875025272cf3168.png',	NULL,	'+911234567800',	0,	NULL,	'deepak@gmail.com',	NULL,	'$2y$10$V/pNwTf5ANPmN6yEmI1hfu2VtfGYXfx4NEfgbQRYSQ0wId3uDRUdG',	NULL,	0,	1,	NULL,	NULL,	0,	NULL,	NULL,	NULL,	NULL,	NULL,	1,	1,	1,	0,	NULL,	0,	0,	NULL,	NULL,	NULL,	'2',	'2022-01-03 00:41:05',	'2022-03-14 01:12:18'),
(20,	'IN',	NULL,	NULL,	NULL,	NULL,	NULL,	3,	1,	'Striver35',	'avatars/in/20/8e69313a0c745983f90057df7d37ae80.jpeg',	NULL,	'994334449',	0,	'Striver35',	'striver35@gmail.com',	NULL,	'$2y$10$KHqK7PE6w5E1dlGieqeiE.FT0raPUOhQ1uZ7jZZk1qdBymEHVSFhq',	NULL,	0,	1,	NULL,	NULL,	0,	NULL,	NULL,	NULL,	NULL,	NULL,	1,	1,	1,	0,	NULL,	0,	0,	NULL,	'2022-04-12 11:43:42',	NULL,	'2',	'2022-02-21 21:32:22',	'2022-04-12 00:50:36'),
(21,	NULL,	NULL,	NULL,	NULL,	NULL,	NULL,	3,	NULL,	'Nancy',	'avatars//24/bf3a2b27ec9028a9cd0d9226224f70f6.jpg',	NULL,	'+918488484422',	0,	NULL,	'nancy@gmail.com',	NULL,	'$2y$10$7Uht8n6hYzUCAK1TjS701.SoLnMMt4nTRMykeBWZ8ZaOHoAGr1iV.',	NULL,	0,	1,	NULL,	NULL,	0,	NULL,	NULL,	NULL,	NULL,	NULL,	1,	1,	1,	0,	NULL,	0,	0,	NULL,	NULL,	NULL,	NULL,	'2022-03-09 05:13:48',	'2022-03-09 05:14:23'),
(22,	NULL,	NULL,	NULL,	NULL,	NULL,	NULL,	3,	NULL,	'Lisa',	'avatars//23/349ca497ec2c1b103bec80937a2e4225.jpg',	NULL,	'989333443434',	0,	NULL,	'lisa@gmail.com',	NULL,	'$2y$10$sNolqCvIh0WLgNYSDRE.feOW2A/eYhmUjS.BtYPLmzeGIeCougWn2',	NULL,	0,	1,	NULL,	NULL,	0,	NULL,	NULL,	NULL,	NULL,	NULL,	1,	1,	1,	0,	NULL,	0,	0,	NULL,	NULL,	NULL,	NULL,	'2022-03-09 05:29:39',	'2022-03-09 05:30:07'),
(23,	NULL,	NULL,	NULL,	NULL,	NULL,	NULL,	3,	NULL,	'MARIA',	'avatars//25/143c50891eede144089b4000b0826f2b.jpg',	NULL,	'8989232893289',	0,	'strivrecoach16943',	'maria@gmail.com',	NULL,	'$2y$10$jviYn1MLHitT6ADYdPaXMuEXv33vfjgu9TEA38qdUbTc2EwNbNk5y',	NULL,	0,	1,	NULL,	NULL,	0,	NULL,	NULL,	NULL,	NULL,	NULL,	1,	1,	1,	0,	NULL,	0,	0,	NULL,	NULL,	NULL,	NULL,	'2022-03-14 07:16:51',	'2022-03-14 07:16:51'),
(25,	'IN',	NULL,	NULL,	NULL,	NULL,	NULL,	3,	2,	'Strivre',	'avatars/in/25/7542d59b1c99c475f932f65d4c261b82.jpg',	NULL,	'+917789776677',	0,	'strivre34823',	'strivre22@gmail.com',	NULL,	'$2y$10$EbSlltjhrL7jVXpzN2evJOC6VvyrZEqUtIDuxrCp4qCFyJiwqXTKy',	NULL,	0,	1,	NULL,	NULL,	0,	NULL,	NULL,	NULL,	NULL,	NULL,	1,	1,	1,	0,	NULL,	0,	0,	NULL,	'2022-04-08 21:22:22',	NULL,	'2',	'2022-04-07 03:30:08',	'2022-04-08 10:22:22'),
(26,	NULL,	NULL,	NULL,	NULL,	NULL,	NULL,	3,	NULL,	'Test 10',	NULL,	NULL,	'+917897902657',	0,	'strivre49684',	'hello@ycsdigital.com',	NULL,	'$2y$10$ON/zFy7hqXzzpUx9s9XLKu.bVbprwFwhO96tsmxG6HscdKLhrNca2',	NULL,	0,	1,	NULL,	NULL,	0,	NULL,	NULL,	NULL,	NULL,	NULL,	1,	1,	1,	0,	NULL,	0,	0,	NULL,	'2022-04-11 21:59:22',	NULL,	'1',	'2022-04-07 23:23:48',	'2022-04-11 10:59:22'),
(33,	'UK',	NULL,	NULL,	NULL,	NULL,	NULL,	3,	NULL,	'Strivre1',	NULL,	NULL,	'+912345678798',	0,	'strivre57947',	'strivre1@gmail.com',	NULL,	'$2y$10$A4TRPA28Zq8NlAGRYbfqk.BvUySSbUT.1HGxGzeUIcQbFq2b6y05m',	NULL,	0,	1,	NULL,	NULL,	0,	NULL,	NULL,	NULL,	NULL,	NULL,	1,	1,	1,	0,	NULL,	0,	0,	NULL,	'2022-04-12 15:33:22',	NULL,	'3',	'2022-04-08 04:21:20',	'2022-04-12 04:33:22'),
(34,	'US',	NULL,	NULL,	NULL,	NULL,	NULL,	3,	0,	'Johnson',	NULL,	NULL,	'+915645657687',	0,	'strivre42160',	'johnson@gmail.com',	NULL,	'$2y$10$2qunnmdhkRpzTYjlmelmreatFKrgDKCCK.9dovER76diJj01qJuTu',	NULL,	0,	1,	NULL,	NULL,	0,	NULL,	NULL,	NULL,	NULL,	NULL,	1,	1,	1,	0,	NULL,	0,	0,	NULL,	NULL,	NULL,	NULL,	'2022-04-08 04:34:12',	'2022-04-08 04:35:19'),
(35,	'UK',	NULL,	NULL,	NULL,	NULL,	NULL,	3,	NULL,	'Barshilona',	'avatars/uk/35/b08bab1eb6eaf6903a836a84df7432dc.png',	NULL,	'5467879877',	0,	'strivre69547',	'barshi@gmail.com',	NULL,	'$2y$10$oUPfTFTmUyH1DBqMXjV9zeiszXP2x3FDRHYVV7fuzQ/C9tBiKEmD6',	NULL,	0,	1,	NULL,	NULL,	0,	NULL,	NULL,	NULL,	NULL,	NULL,	1,	1,	1,	0,	NULL,	0,	0,	NULL,	NULL,	NULL,	NULL,	'2022-04-08 04:39:24',	'2022-04-08 04:44:07'),
(36,	NULL,	NULL,	NULL,	NULL,	NULL,	NULL,	3,	NULL,	'Test 100',	NULL,	NULL,	'0800876890',	0,	'strivre46529',	'test@ycsdigital.com',	NULL,	'$2y$10$viQGbt9OakCzuM63ybwMdec/gqKQrtFkfKV4E8zV3DdcBhWu9eFk2',	NULL,	0,	1,	NULL,	NULL,	0,	NULL,	NULL,	NULL,	NULL,	NULL,	1,	1,	1,	0,	NULL,	0,	0,	NULL,	NULL,	NULL,	NULL,	'2022-04-09 00:35:51',	'2022-04-09 00:35:51'),
(39,	'UK',	NULL,	NULL,	NULL,	NULL,	NULL,	3,	1,	'Strivre_digi',	'avatars//39/1844c07cec87e1ccd1f79b3729b6b116.jpeg',	NULL,	'+918988344334',	0,	'strivre23564',	'strivre_digi@gmail.com',	NULL,	'$2y$10$slfFDG5M4E1Wjr3lvOvOseEtg5r5/T9sy2pWC5ZaiFD6Ug5AdQCm.',	NULL,	0,	1,	NULL,	NULL,	0,	NULL,	NULL,	NULL,	NULL,	NULL,	1,	1,	1,	0,	NULL,	0,	0,	NULL,	'2022-04-11 10:30:49',	NULL,	NULL,	'2022-04-10 23:26:16',	'2022-04-10 23:30:49'),
(40,	'IN',	NULL,	NULL,	NULL,	NULL,	NULL,	3,	2,	'Shubhra',	'avatars//40/b988af2e10424ed154a038ebcf65b443.png',	NULL,	'+919755570042',	0,	'strivre18209',	'shubhra@digiprima.com',	NULL,	'$2y$10$XUZ6PpMnwtsEEmg9G0O4sexEe0vDic7AaX.VHHewiDg4UNedJd5q6',	NULL,	0,	1,	NULL,	NULL,	0,	NULL,	NULL,	NULL,	NULL,	NULL,	1,	1,	1,	0,	NULL,	0,	0,	NULL,	NULL,	NULL,	NULL,	'2022-04-11 00:13:16',	'2022-04-11 00:16:59'),
(42,	'US',	NULL,	NULL,	NULL,	NULL,	NULL,	3,	0,	'Kalpna T Strivre',	'avatars/us/42/c3db4ba0dea14c7b2dc3bf41b1841f84.png',	NULL,	'+918877334455',	0,	'strivre65835',	'kalpna@gmail.com',	NULL,	'$2y$10$UpN2h6oiVQKHpevXFO5hoOUrcSTGyyzmtG0Jex8Dc8sQZQQWJk04e',	NULL,	0,	1,	NULL,	NULL,	0,	NULL,	NULL,	NULL,	NULL,	NULL,	1,	1,	1,	0,	NULL,	0,	0,	NULL,	'2022-04-11 16:11:11',	NULL,	NULL,	'2022-04-11 00:44:12',	'2022-04-11 05:37:01'),
(43,	'IN',	NULL,	NULL,	NULL,	NULL,	NULL,	3,	1,	'John M',	'avatars//43/a9c0211ae4ae76fd74eae59751fe3eb7.jpeg',	NULL,	'99999999999',	0,	'strivre24482',	'john@gmail.com',	NULL,	'$2y$10$/jFXif5WyooTEKcE060TC.Ly0JpBGoZvcHs7eYk5AyucK5WalFY6W',	NULL,	0,	1,	NULL,	NULL,	0,	NULL,	NULL,	NULL,	NULL,	NULL,	1,	1,	1,	0,	NULL,	0,	0,	NULL,	NULL,	NULL,	NULL,	'2022-04-11 01:02:41',	'2022-04-11 01:04:16'),
(44,	NULL,	NULL,	NULL,	NULL,	NULL,	NULL,	3,	NULL,	'Shubhra',	NULL,	NULL,	'888888888',	0,	'strivre54895',	'shubhra111@digiprima.com',	NULL,	'$2y$10$p/QYofxlMPdAo0x3.7u4qOKsEruIFGLMJxO7gFzvtj.v3gP7g5Jzq',	NULL,	0,	1,	NULL,	NULL,	0,	NULL,	NULL,	NULL,	NULL,	NULL,	1,	1,	1,	0,	NULL,	0,	0,	NULL,	NULL,	NULL,	'2',	'2022-04-11 01:23:35',	'2022-04-11 01:23:35'),
(45,	'IN',	NULL,	NULL,	NULL,	NULL,	NULL,	3,	NULL,	'Shubhra',	'avatars/in/45/a718e5c0a759db9e01ef364348b92479.png',	NULL,	'90909090',	0,	'strivre80951',	'shubhra22@digiprima.com',	NULL,	'$2y$10$aJcI0NylGhhOuXNpFLRbfOzuBDTqynSNvBU1KokVJkEbs1rMsSaFS',	NULL,	0,	1,	NULL,	NULL,	0,	NULL,	NULL,	NULL,	NULL,	NULL,	1,	1,	1,	0,	NULL,	0,	0,	NULL,	NULL,	NULL,	'2',	'2022-04-11 04:47:32',	'2022-04-11 04:48:40'),
(46,	NULL,	NULL,	NULL,	NULL,	NULL,	NULL,	3,	NULL,	'John',	'avatars//46/f25b950c858eff439b05409eaf6c2a5b.jpeg',	NULL,	'+917791938326',	0,	'strivre59540',	'accounts@ycsdigital.com',	NULL,	'$2y$10$n4MzNyLEp8XcDS0ZWhdWt.bOoLPbYPtN7NZlbNZHU1pjIEoHj8pw.',	NULL,	0,	1,	NULL,	NULL,	0,	NULL,	NULL,	NULL,	NULL,	NULL,	1,	1,	1,	0,	NULL,	0,	0,	NULL,	NULL,	NULL,	NULL,	'2022-04-11 07:41:22',	'2022-04-11 07:49:51'),
(47,	NULL,	NULL,	NULL,	NULL,	NULL,	NULL,	3,	NULL,	'strivre digi 12',	NULL,	NULL,	'094884222222',	0,	'strivre90911',	'strivre_digi_12@gmail.com',	NULL,	'$2y$10$IWxD2bbTtdVs93Cbnnvw/Ov/O2qvI.IARPSnchUeOkpsBvAorrY/S',	NULL,	0,	1,	NULL,	NULL,	0,	NULL,	NULL,	NULL,	NULL,	NULL,	1,	1,	1,	0,	NULL,	0,	0,	NULL,	NULL,	NULL,	NULL,	'2022-04-11 07:53:20',	'2022-04-11 07:53:20'),
(48,	NULL,	NULL,	NULL,	NULL,	NULL,	NULL,	3,	NULL,	'sunil',	NULL,	NULL,	'094888888888',	0,	'strivre31180',	'strivre_digi_124@gmail.com',	NULL,	'$2y$10$VlUmxiy5zcv9N4pq1ARtp.Z3ujmJ3kPbr2EY1DiN6ZyTG55AGT//.',	NULL,	0,	1,	NULL,	NULL,	0,	NULL,	NULL,	NULL,	NULL,	NULL,	1,	1,	1,	0,	NULL,	0,	0,	NULL,	NULL,	NULL,	NULL,	'2022-04-11 07:57:15',	'2022-04-11 07:57:15'),
(49,	NULL,	NULL,	NULL,	NULL,	NULL,	NULL,	3,	NULL,	'Rachel',	'avatars//49/0c45e668c3e197748b3c6bea5dd12285.jpeg',	NULL,	'+917897902658',	0,	'strivre31186',	'rachel@ycsdigital.com',	NULL,	'$2y$10$8l6nAu0Whqt2DmNR147BQOBGmK5h3T3UbpdIJJmMjrfShsWLufuvC',	NULL,	0,	1,	NULL,	NULL,	0,	NULL,	NULL,	NULL,	NULL,	NULL,	1,	1,	1,	0,	NULL,	0,	0,	NULL,	NULL,	NULL,	'2',	'2022-04-11 08:01:00',	'2022-04-11 08:03:32'),
(50,	NULL,	NULL,	NULL,	NULL,	NULL,	NULL,	3,	NULL,	'today test',	NULL,	NULL,	'+919988776635',	0,	'strivre49017',	'testStrivre@gmail.com',	NULL,	'$2y$10$8Wx7eRWd22Y9vEEsBuEoPO5wt/O79p7Fzy4v6c4WcoQSzgrz/epHK',	NULL,	0,	1,	NULL,	NULL,	0,	NULL,	NULL,	NULL,	NULL,	NULL,	1,	1,	1,	0,	NULL,	0,	0,	NULL,	NULL,	NULL,	NULL,	'2022-04-11 08:04:25',	'2022-04-11 08:04:25'),
(51,	NULL,	NULL,	NULL,	NULL,	NULL,	NULL,	3,	NULL,	'Vinay Sharma111',	'avatars//51/2c3dfb1c763e686cfb662c36c1d6a229.jpg',	NULL,	'8557455252455',	0,	'strivre48987',	'vinaykumar444@gmail.com',	NULL,	'$2y$10$8gg8ebem32bNpTw2k4.cNur7xeiPVTMJfCzIuRK2VrT8DH.mx8anC',	NULL,	0,	1,	NULL,	NULL,	0,	NULL,	NULL,	NULL,	NULL,	NULL,	1,	1,	1,	0,	NULL,	0,	0,	NULL,	NULL,	NULL,	NULL,	'2022-04-11 08:58:06',	'2022-04-11 08:59:10'),
(54,	'UK',	NULL,	NULL,	NULL,	NULL,	NULL,	3,	2,	'Shubhra',	'avatars//54/7dc4cb6e72a3823644ac248e22f2261b.png',	NULL,	'08755570042',	0,	'strivre66964',	'shubhra33@digiprima.com',	NULL,	'$2y$10$p.bwhgIbZKoyOh0BTI3AV.lyat1dUQpK.CdML/QPXrvCiJJLp3Xti',	NULL,	0,	1,	NULL,	NULL,	0,	NULL,	NULL,	NULL,	NULL,	NULL,	1,	1,	1,	0,	NULL,	0,	0,	NULL,	NULL,	NULL,	'2',	'2022-04-12 00:50:50',	'2022-04-12 00:52:54'),
(55,	'UK',	NULL,	NULL,	NULL,	'46',	NULL,	3,	NULL,	'Strivre_digiprima',	'avatars/uk/55/113e37e0d7ec7a8388775d6957360c69.jpeg',	NULL,	'+919488112111',	0,	'strivre19015',	'strivre_digiprima11@gmail.com',	NULL,	'$2y$10$lJa7PVmve82AggzAebphq.EQoCWH53G5Y2dmI4Dm9KlP97Z75GDUu',	NULL,	0,	1,	NULL,	NULL,	0,	NULL,	NULL,	NULL,	NULL,	NULL,	1,	1,	1,	0,	NULL,	0,	0,	NULL,	'2022-04-12 15:52:40',	NULL,	'1',	'2022-04-12 03:10:22',	'2022-04-14 01:15:48'),
(58,	'US',	NULL,	NULL,	NULL,	NULL,	NULL,	3,	1,	'Test2022',	NULL,	NULL,	'9755570042',	0,	'strivre94942',	'test2022@gmail.com',	NULL,	'$2y$10$kRIqTcz3TpRWjEY4TGMOI.jDc.Z2BeWW/FSpvr2WHqL2rzEIGZ8Q2',	NULL,	0,	1,	NULL,	NULL,	0,	NULL,	NULL,	NULL,	NULL,	NULL,	1,	1,	1,	0,	NULL,	0,	0,	NULL,	NULL,	NULL,	NULL,	'2022-04-14 01:01:43',	'2022-04-14 01:14:08'),
(59,	'UK',	NULL,	NULL,	NULL,	NULL,	NULL,	3,	1,	'Testjan2022',	'avatars/uk/59/621bf1c027aabd89fc084663e4044d1f.jpeg',	NULL,	'0975557009',	0,	'strivre63772',	'testjan2022@gmail.com',	NULL,	'$2y$10$ynY95AxjXyglX1f5SLPRB.Qo6/AwWABDAr8iAWW0T1hj2DM87UWnm',	NULL,	0,	1,	NULL,	NULL,	0,	NULL,	NULL,	NULL,	NULL,	NULL,	1,	1,	1,	0,	NULL,	0,	0,	NULL,	NULL,	NULL,	NULL,	'2022-04-14 01:19:07',	'2022-04-14 01:20:06'),
(61,	'UK',	NULL,	NULL,	NULL,	NULL,	NULL,	3,	NULL,	'Strivre Digi 123',	'avatars/uk/61/0da2ae6337a44c0ba15c60842e5d0f5c.jpeg',	NULL,	'+919400484452',	0,	'strivre40185',	'strivre_digi_123@gmail.com',	NULL,	'$2y$10$smdU9Oy4WlvsNp.73iboE.mZvhYyKm9t5SftvSIYhA/JqFhV5/JZG',	NULL,	0,	1,	NULL,	NULL,	0,	NULL,	NULL,	NULL,	NULL,	NULL,	1,	1,	1,	0,	NULL,	0,	0,	NULL,	NULL,	NULL,	NULL,	'2022-04-16 00:00:54',	'2022-04-16 00:01:27'),
(62,	'UK',	NULL,	NULL,	NULL,	NULL,	NULL,	3,	NULL,	'Shubhra',	NULL,	NULL,	'+447755570042',	0,	'strivre85943',	'striver70@gmail.com',	NULL,	'$2y$10$vYlq.JcBRrvegoUbExwXQeTnp2/V0UB4bJ5GZdBJfWsWTbaPQDR.6',	NULL,	0,	1,	NULL,	NULL,	0,	NULL,	NULL,	NULL,	NULL,	NULL,	1,	1,	1,	0,	NULL,	0,	0,	NULL,	NULL,	NULL,	'3',	'2022-04-16 00:16:38',	'2022-04-16 00:16:38');

DROP TABLE IF EXISTS `user_subscription`;
CREATE TABLE `user_subscription` (
  `id` bigint unsigned NOT NULL AUTO_INCREMENT,
  `user_id` bigint unsigned DEFAULT NULL,
  `student_id` bigint unsigned DEFAULT NULL,
  `subscription_id` bigint unsigned DEFAULT NULL,
  `subscription_name` text CHARACTER SET utf8mb4 COLLATE utf8mb4_unicode_ci NOT NULL,
  `course_id` varchar(256) CHARACTER SET utf8mb4 COLLATE utf8mb4_unicode_ci DEFAULT NULL,
  `net_payment` varchar(256) CHARACTER SET utf8mb4 COLLATE utf8mb4_unicode_ci DEFAULT NULL,
  `fee_deducte` varchar(256) CHARACTER SET utf8mb4 COLLATE utf8mb4_unicode_ci DEFAULT NULL,
  `payment_type` bigint unsigned DEFAULT NULL,
  `deleted_at` timestamp NULL DEFAULT NULL,
  `created_at` timestamp NOT NULL,
  `updated_at` timestamp NOT NULL,
  PRIMARY KEY (`id`),
  KEY `payment_type` (`payment_type`),
  CONSTRAINT `user_subscription_ibfk_1` FOREIGN KEY (`payment_type`) REFERENCES `payments` (`id`)
) ENGINE=InnoDB DEFAULT CHARSET=utf8mb4 COLLATE=utf8mb4_unicode_ci;

INSERT INTO `user_subscription` (`id`, `user_id`, `student_id`, `subscription_id`, `subscription_name`, `course_id`, `net_payment`, `fee_deducte`, `payment_type`, `deleted_at`, `created_at`, `updated_at`) VALUES
(3,	5,	8,	2,	'',	'8',	'600',	'400',	NULL,	NULL,	'2021-12-13 08:53:10',	'2021-12-13 08:53:10'),
(4,	5,	2,	2,	'',	'10',	'600',	'500',	NULL,	NULL,	'2021-12-13 08:54:47',	'2021-12-13 08:54:47'),
(5,	5,	2,	2,	'',	'12',	'500',	'200',	NULL,	NULL,	'2021-12-13 08:55:48',	'2021-12-13 08:55:48'),
(6,	5,	3,	3,	'',	'11',	'1200',	'600',	NULL,	NULL,	'2021-12-13 09:04:36',	'2021-12-13 09:04:36'),
(7,	8,	10,	2,	'',	'8',	'500',	'9000',	NULL,	NULL,	'2021-12-14 02:02:43',	'2021-12-14 02:02:43'),
(8,	10,	11,	1,	'',	'8',	'500',	'9000',	NULL,	NULL,	'2021-12-14 02:06:29',	'2021-12-14 02:06:29'),
(9,	10,	8,	3,	'',	'8',	'500',	'9000',	NULL,	NULL,	'2021-12-14 02:07:43',	'2021-12-14 02:07:43'),
(10,	5,	8,	2,	'',	'9',	'500',	'9000',	NULL,	NULL,	'2021-12-15 00:08:39',	'2021-12-15 00:08:39');

DROP TABLE IF EXISTS `user_subscription_payment`;
CREATE TABLE `user_subscription_payment` (
  `id` int NOT NULL AUTO_INCREMENT,
  `user_id` int NOT NULL,
  `subscription_id` int NOT NULL,
  `total_provided_hours` int NOT NULL,
  `consumed_hours` int DEFAULT NULL,
  `remaining_hours` int NOT NULL,
  `created_at` timestamp NOT NULL DEFAULT CURRENT_TIMESTAMP,
  `deleted_at` timestamp NULL DEFAULT NULL,
  `updated_at` timestamp NULL DEFAULT CURRENT_TIMESTAMP,
  PRIMARY KEY (`id`)
) ENGINE=InnoDB DEFAULT CHARSET=utf8mb4 COLLATE=utf8mb4_0900_ai_ci;

INSERT INTO `user_subscription_payment` (`id`, `user_id`, `subscription_id`, `total_provided_hours`, `consumed_hours`, `remaining_hours`, `created_at`, `deleted_at`, `updated_at`) VALUES
(1,	1,	1,	24,	NULL,	24,	'2021-12-29 05:51:31',	NULL,	'2021-12-29 05:51:31'),
(2,	13,	3,	72,	NULL,	72,	'2021-12-29 06:01:31',	NULL,	'2021-12-29 06:01:31'),
(3,	8,	3,	72,	0,	72,	'2022-01-03 04:05:38',	NULL,	'2022-01-03 04:05:38'),
(4,	11,	1,	24,	16,	24,	'2022-01-03 04:22:12',	NULL,	'2022-01-03 04:22:12'),
(5,	8,	2,	48,	0,	48,	'2022-01-03 04:40:32',	NULL,	'2022-01-03 04:40:32'),
(7,	14,	2,	60,	0,	60,	'2022-01-03 08:35:14',	NULL,	'2022-01-03 08:35:14'),
(8,	10,	2,	48,	0,	48,	'2022-01-05 07:26:55',	NULL,	'2022-01-05 07:26:55'),
(9,	18,	2,	48,	16,	48,	'2022-02-22 01:02:52',	NULL,	'2022-02-22 01:02:52'),
(10,	18,	3,	72,	16,	72,	'2022-02-22 08:22:03',	NULL,	'2022-02-22 08:22:03'),
(11,	20,	2,	48,	16,	48,	'2022-02-23 07:58:16',	NULL,	'2022-02-23 07:58:16'),
(12,	20,	1,	24,	16,	24,	'2022-02-25 05:57:40',	NULL,	'2022-02-25 05:57:40'),
(13,	20,	3,	72,	16,	72,	'2022-04-07 03:54:31',	NULL,	'2022-04-07 03:54:31'),
(14,	20,	3,	72,	16,	72,	'2022-04-07 03:55:56',	NULL,	'2022-04-07 03:55:56'),
(15,	20,	1,	24,	16,	24,	'2022-04-07 05:35:41',	NULL,	'2022-04-07 05:35:41'),
(16,	20,	2,	48,	16,	48,	'2022-04-08 05:53:40',	NULL,	'2022-04-08 05:53:40'),
(17,	20,	1,	24,	16,	24,	'2022-04-08 06:54:10',	NULL,	'2022-04-08 06:54:10'),
(18,	26,	1,	24,	16,	24,	'2022-04-08 07:50:42',	NULL,	'2022-04-08 07:50:42'),
(19,	25,	2,	48,	16,	48,	'2022-04-08 15:36:20',	NULL,	'2022-04-08 15:36:20'),
(20,	25,	1,	24,	16,	24,	'2022-04-08 15:37:23',	NULL,	'2022-04-08 15:37:23'),
(21,	25,	2,	48,	16,	48,	'2022-04-08 15:40:43',	NULL,	'2022-04-08 15:40:43'),
(22,	20,	2,	48,	16,	48,	'2022-04-09 00:46:17',	NULL,	'2022-04-09 00:46:17'),
(23,	26,	1,	24,	16,	24,	'2022-04-09 06:45:28',	NULL,	'2022-04-09 06:45:28'),
(24,	37,	2,	48,	16,	48,	'2022-04-11 06:46:24',	NULL,	'2022-04-11 06:46:24'),
(25,	44,	2,	48,	16,	48,	'2022-04-11 06:54:46',	NULL,	'2022-04-11 06:54:46'),
(26,	45,	2,	48,	16,	48,	'2022-04-11 10:19:39',	NULL,	'2022-04-11 10:19:39'),
(27,	41,	2,	48,	16,	48,	'2022-04-11 11:12:38',	NULL,	'2022-04-11 11:12:38'),
(28,	49,	2,	48,	16,	48,	'2022-04-11 16:07:44',	NULL,	'2022-04-11 16:07:44'),
(29,	54,	2,	48,	16,	48,	'2022-04-12 06:35:22',	NULL,	'2022-04-12 06:35:22'),
(30,	56,	3,	72,	0,	72,	'2022-04-12 09:31:22',	NULL,	'2022-04-12 09:31:22'),
(31,	33,	3,	72,	40,	32,	'2022-04-12 10:16:12',	NULL,	'2022-04-12 10:16:12'),
(32,	55,	1,	24,	770,	742,	'2022-04-12 10:24:39',	NULL,	'2022-04-12 10:24:39'),
(33,	55,	3,	72,	770,	742,	'2022-04-12 10:28:23',	NULL,	'2022-04-12 10:28:23'),
(34,	55,	3,	72,	770,	742,	'2022-04-12 14:28:59',	NULL,	'2022-04-12 14:28:59'),
(35,	55,	3,	72,	770,	742,	'2022-04-12 14:30:42',	NULL,	'2022-04-12 14:30:42'),
(36,	55,	2,	48,	770,	742,	'2022-04-12 14:31:45',	NULL,	'2022-04-12 14:31:45'),
(37,	55,	2,	1000,	770,	742,	'2022-04-13 13:42:43',	NULL,	'2022-04-13 13:42:43'),
(38,	55,	1,	368,	770,	742,	'2022-04-14 12:25:24',	NULL,	'2022-04-14 12:25:24'),
(39,	55,	1,	368,	770,	742,	'2022-04-14 12:25:25',	NULL,	'2022-04-14 12:25:25'),
(40,	62,	3,	2100,	0,	2100,	'2022-04-16 06:14:58',	NULL,	'2022-04-16 06:14:58');

DROP TABLE IF EXISTS `user_types`;
CREATE TABLE `user_types` (
  `id` tinyint unsigned NOT NULL AUTO_INCREMENT,
  `name` varchar(100) CHARACTER SET utf8mb4 COLLATE utf8mb4_unicode_ci NOT NULL,
  `active` tinyint unsigned DEFAULT '1',
  PRIMARY KEY (`id`),
  KEY `user_types_active_index` (`active`)
) ENGINE=InnoDB DEFAULT CHARSET=utf8mb4 COLLATE=utf8mb4_unicode_ci;

INSERT INTO `user_types` (`id`, `name`, `active`) VALUES
(1,	'Professional',	1),
(2,	'Coach',	1),
(3,	'Strivre',	1),
(4,	'Admin',	1);

DROP TABLE IF EXISTS `users`;
CREATE TABLE `users` (
  `id` bigint unsigned NOT NULL AUTO_INCREMENT,
  `country_code` varchar(2) CHARACTER SET utf8mb4 COLLATE utf8mb4_unicode_ci DEFAULT NULL,
  `location` varchar(256) CHARACTER SET utf8mb4 COLLATE utf8mb4_unicode_ci DEFAULT NULL,
  `coach_summary` varchar(2000) CHARACTER SET utf8mb4 COLLATE utf8mb4_unicode_ci DEFAULT NULL,
  `youtube_link` varchar(2000) CHARACTER SET utf8mb4 COLLATE utf8mb4_unicode_ci DEFAULT NULL,
  `language_code` varchar(10) CHARACTER SET utf8mb4 COLLATE utf8mb4_unicode_ci DEFAULT NULL,
  `user_type_id` tinyint unsigned DEFAULT NULL,
  `gender_id` int unsigned DEFAULT NULL,
  `name` varchar(100) CHARACTER SET utf8mb4 COLLATE utf8mb4_unicode_ci NOT NULL,
  `photo` varchar(255) CHARACTER SET utf8mb4 COLLATE utf8mb4_unicode_ci DEFAULT NULL,
  `about` varchar(255) CHARACTER SET utf8mb4 COLLATE utf8mb4_unicode_ci DEFAULT NULL,
  `phone` varchar(60) CHARACTER SET utf8mb4 COLLATE utf8mb4_unicode_ci DEFAULT NULL,
  `phone_hidden` tinyint unsigned DEFAULT '0',
  `username` varchar(100) CHARACTER SET utf8mb4 COLLATE utf8mb4_unicode_ci DEFAULT NULL,
  `email` varchar(100) CHARACTER SET utf8mb4 COLLATE utf8mb4_unicode_ci DEFAULT NULL,
  `email_verified_at` timestamp NULL DEFAULT NULL,
  `password` varchar(60) CHARACTER SET utf8mb4 COLLATE utf8mb4_unicode_ci DEFAULT NULL,
  `remember_token` varchar(100) CHARACTER SET utf8mb4 COLLATE utf8mb4_unicode_ci DEFAULT NULL,
  `is_admin` tinyint unsigned DEFAULT '0',
  `can_be_impersonated` tinyint unsigned DEFAULT '1',
  `disable_comments` tinyint unsigned DEFAULT '0',
  `ip_addr` varchar(50) CHARACTER SET utf8mb4 COLLATE utf8mb4_unicode_ci DEFAULT NULL,
  `provider` varchar(50) CHARACTER SET utf8mb4 COLLATE utf8mb4_unicode_ci DEFAULT NULL COMMENT 'facebook, google, twitter, linkedin, ...',
  `provider_id` varchar(50) CHARACTER SET utf8mb4 COLLATE utf8mb4_unicode_ci DEFAULT NULL COMMENT 'Provider User ID',
  `subscription_plans` varchar(50) CHARACTER SET utf8mb4 COLLATE utf8mb4_unicode_ci DEFAULT NULL,
  `category` varchar(50) CHARACTER SET utf8mb4 COLLATE utf8mb4_unicode_ci DEFAULT NULL,
  `sub_category` varchar(50) CHARACTER SET utf8mb4 COLLATE utf8mb4_unicode_ci DEFAULT NULL,
  `year_of_experience` varchar(50) CHARACTER SET utf8mb4 COLLATE utf8mb4_unicode_ci DEFAULT NULL,
  `email_token` varchar(32) CHARACTER SET utf8mb4 COLLATE utf8mb4_unicode_ci DEFAULT NULL,
  `phone_token` varchar(32) CHARACTER SET utf8mb4 COLLATE utf8mb4_unicode_ci DEFAULT NULL,
  `verified_email` tinyint unsigned DEFAULT '1',
  `verified_phone` tinyint unsigned DEFAULT '1',
  `accept_terms` tinyint(1) DEFAULT '0',
  `accept_marketing_offers` tinyint(1) DEFAULT '0',
  `time_zone` varchar(50) CHARACTER SET utf8mb4 COLLATE utf8mb4_unicode_ci DEFAULT NULL,
  `blocked` tinyint unsigned DEFAULT '0',
  `closed` tinyint unsigned DEFAULT '0',
  `last_activity` datetime DEFAULT NULL,
  `last_login_at` datetime DEFAULT NULL,
  `deleted_at` timestamp NULL DEFAULT NULL,
  `created_at` timestamp NULL DEFAULT NULL,
  `updated_at` timestamp NULL DEFAULT NULL,
  PRIMARY KEY (`id`),
  KEY `users_country_code_index` (`country_code`),
  KEY `users_user_type_id_index` (`user_type_id`),
  KEY `users_gender_id_index` (`gender_id`),
  KEY `users_verified_email_index` (`verified_email`),
  KEY `users_verified_phone_index` (`verified_phone`),
  KEY `users_username_index` (`username`),
  KEY `users_phone_index` (`phone`),
  KEY `users_email_index` (`email`),
  KEY `users_is_admin_index` (`is_admin`),
  KEY `users_can_be_impersonated_index` (`can_be_impersonated`)
) ENGINE=InnoDB DEFAULT CHARSET=utf8mb4 COLLATE=utf8mb4_unicode_ci;

INSERT INTO `users` (`id`, `country_code`, `location`, `coach_summary`, `youtube_link`, `language_code`, `user_type_id`, `gender_id`, `name`, `photo`, `about`, `phone`, `phone_hidden`, `username`, `email`, `email_verified_at`, `password`, `remember_token`, `is_admin`, `can_be_impersonated`, `disable_comments`, `ip_addr`, `provider`, `provider_id`, `subscription_plans`, `category`, `sub_category`, `year_of_experience`, `email_token`, `phone_token`, `verified_email`, `verified_phone`, `accept_terms`, `accept_marketing_offers`, `time_zone`, `blocked`, `closed`, `last_activity`, `last_login_at`, `deleted_at`, `created_at`, `updated_at`) VALUES
(1,	'IN',	NULL,	NULL,	NULL,	NULL,	1,	1,	'Super Admin',	NULL,	'Administrator',	NULL,	0,	NULL,	'sunil@gmail.com',	NULL,	'$2y$10$epjAb/OiKO3HLw5.Tlyk2Oth1tItsQ1Ji3z3LXj7Ji.yFurRz7NFe',	NULL,	1,	1,	0,	NULL,	NULL,	NULL,	'1',	NULL,	NULL,	NULL,	NULL,	NULL,	1,	1,	0,	0,	NULL,	0,	0,	NULL,	'2022-04-20 10:10:38',	NULL,	'2021-11-19 05:53:37',	'2022-04-20 04:40:38'),
(2,	'IN',	NULL,	NULL,	NULL,	NULL,	3,	NULL,	'Dev',	'avatars/in/2/c9f73127cec4ae4ade8a86f2ce530c46.png',	NULL,	'+916545445453',	0,	NULL,	'dev@gmail.com',	NULL,	'$2y$10$RHAbz1hJFChQiMMnNNCPLukKCBqsX21ufFMKlQ6tAmjV7LPdpGCtW',	NULL,	0,	1,	0,	NULL,	NULL,	NULL,	NULL,	'1',	'2',	NULL,	NULL,	NULL,	1,	1,	1,	0,	NULL,	0,	0,	NULL,	'2021-12-01 12:54:44',	NULL,	'2021-11-19 08:07:08',	'2022-03-09 10:30:27'),
(3,	'IN',	NULL,	NULL,	NULL,	NULL,	3,	NULL,	'Dev1',	'avatars/in/3/c87072a1badf767ce633020a75ab7a9d.png',	NULL,	'54265443233',	0,	NULL,	'dev1@gmail.com',	NULL,	'$2y$10$BSjDoaII2Yr04Ig85G7aJeTQdwvp6Yh3.9EfzLFlGeb5nxM1NWnqO',	NULL,	0,	1,	0,	NULL,	NULL,	NULL,	'2',	'1',	'6',	NULL,	NULL,	NULL,	1,	1,	1,	0,	NULL,	0,	0,	NULL,	'2021-11-30 12:33:02',	NULL,	'2021-11-19 08:10:12',	'2022-02-22 06:55:52'),
(4,	'IN',	'2029',	NULL,	NULL,	NULL,	2,	NULL,	'Jim Séchen',	'avatars/in/11/fff76d7036ed17788740937846a48eec.jpg',	NULL,	'+919488484450',	0,	NULL,	'ajay@gmail.com',	NULL,	'$2y$10$ahZxWnyqq/.r1cVbmoMtJeWZ7.J367bhGWyIMaSNM2.KzoIzMy8aS',	NULL,	0,	1,	0,	NULL,	NULL,	NULL,	'1',	'1',	'4',	NULL,	NULL,	NULL,	1,	1,	1,	0,	NULL,	0,	0,	NULL,	'2022-02-25 15:22:06',	NULL,	'2021-12-01 23:41:24',	'2022-03-09 10:36:49'),
(5,	'IN',	NULL,	NULL,	NULL,	NULL,	2,	NULL,	'Raj',	'avatars/in/5/450c43f0f49220582356c399b81af2b1.jpg',	NULL,	'+919488484459',	0,	NULL,	'raj@gmail.com',	NULL,	'$2y$10$c0jh5jv6ZZ5XX9Fb4uJpku4XPgWX9akzAKySV4Q6iJbSZwL5KSJBK',	NULL,	0,	1,	0,	NULL,	NULL,	NULL,	'2',	'9',	'10',	'5',	NULL,	NULL,	1,	1,	1,	0,	NULL,	0,	0,	NULL,	'2021-12-16 11:22:27',	NULL,	'2021-12-01 23:42:55',	'2022-02-23 00:29:09'),
(6,	'IN',	'2029',	NULL,	NULL,	NULL,	2,	NULL,	'Raj2',	'avatars/in/6/5654093e4da0cf45a0ff9f0f4bcc0690.png',	NULL,	'+919488484458',	0,	NULL,	'raj1@gmail.com',	NULL,	'$2y$10$vVXoWsSHFsSRZ6vGtEw0nuHsfRdoMeXWshARH0HrajJZahT3lRlQO',	NULL,	0,	1,	0,	NULL,	NULL,	NULL,	'3',	'46',	'47',	NULL,	NULL,	NULL,	1,	1,	1,	0,	NULL,	0,	0,	NULL,	NULL,	NULL,	'2021-12-01 23:44:46',	'2022-02-23 00:30:21'),
(7,	'IN',	NULL,	NULL,	NULL,	NULL,	2,	NULL,	'Lovkush',	'avatars/in/7/0585ab3f14324ffa94058224c2bc99bd.jpg',	NULL,	'+919488484452',	0,	NULL,	'lovkush@gmail.com',	NULL,	'$2y$10$addQlRRMV5mMXayZPz8U5uIk4bbjWZOYhXs626vKgBYI5u.0CPd9u',	NULL,	0,	1,	0,	NULL,	NULL,	NULL,	NULL,	'46',	'47',	'2',	NULL,	NULL,	1,	1,	1,	0,	NULL,	0,	0,	NULL,	NULL,	NULL,	'2021-12-03 00:13:08',	'2022-02-23 01:02:32'),
(8,	'IN',	NULL,	NULL,	NULL,	NULL,	3,	1,	'Sohan Ji',	'avatars/in/8/3c48a77d2c51d88b520c25e199049821.png',	NULL,	'+919488484498',	0,	'Sohan23333',	'sohan@gmail.com',	NULL,	'$2y$10$O.eb.0Za60C2o2A.NEJsaeu2TiYPGBdXPE.ftp8IWECIZ2nhAay/i',	NULL,	0,	1,	0,	NULL,	NULL,	NULL,	'2',	NULL,	NULL,	NULL,	NULL,	NULL,	1,	1,	1,	0,	NULL,	0,	0,	NULL,	'2022-01-27 13:00:28',	NULL,	'2021-12-03 00:15:00',	'2022-02-22 06:57:26'),
(9,	'IN',	'2029',	NULL,	NULL,	NULL,	2,	NULL,	'Riya',	'avatars/in/9/06dab2605b386f0d1db7945cfd1a0c4c.jpg	',	NULL,	'094884844121',	0,	NULL,	'riya@gmail.com',	NULL,	'$2y$10$67aj82I4.nz/nXfMedm3MONCZ3dmyrp/sW6Gzcl3vSqb6EwIyNKKm',	NULL,	0,	1,	0,	NULL,	NULL,	NULL,	NULL,	NULL,	NULL,	NULL,	NULL,	NULL,	1,	1,	1,	0,	NULL,	0,	0,	NULL,	'2022-01-27 12:51:53',	NULL,	'2021-12-15 00:39:42',	'2022-03-14 05:57:43'),
(10,	'IN',	'2029',	NULL,	NULL,	NULL,	2,	2,	'Vinay Sharma',	'avatars/in/10/3870d87f770bfb29e6f4ac93d9d4ac84.png	',	NULL,	'+918858180564',	0,	'vinaysharma112',	'vinay@gmail.com',	NULL,	'$2y$10$nbdVF4i8wPuQsw/T5XkTc.cEQI.C/P.ot6/66c/thY.O/yE3rbcGq',	NULL,	0,	1,	0,	NULL,	NULL,	NULL,	'2',	'46',	'47',	'3',	NULL,	NULL,	1,	1,	1,	0,	NULL,	0,	0,	NULL,	'2022-04-08 10:12:09',	NULL,	'2021-12-16 05:44:25',	'2022-04-08 04:42:09'),
(11,	'IN',	NULL,	NULL,	NULL,	NULL,	3,	1,	'Vinay Sharma',	'avatars/in/11/fff76d7036ed17788740937846a48eec.jpg',	NULL,	'+918544865452',	0,	'vinaysir112',	'vinay112@gmail.com',	NULL,	'$2y$10$S3Bbnr3GEBBYRhKXzmaVeeSkRLnbK3TAIljGmGEKySTpMWDpAJGYy',	NULL,	0,	1,	0,	NULL,	NULL,	NULL,	'1',	NULL,	NULL,	NULL,	NULL,	NULL,	1,	1,	1,	0,	NULL,	0,	0,	NULL,	'2022-04-07 20:59:40',	NULL,	'2021-12-21 05:50:37',	'2022-04-07 15:29:40'),
(12,	'IN',	NULL,	NULL,	NULL,	NULL,	3,	NULL,	'Rajesh Sir',	'avatars/in/12/6c49498d81a7ec812889e8c8a90b2f12.png',	NULL,	'85746616565',	0,	NULL,	'rajesh@gmail.com',	NULL,	'$2y$10$ZO/P34FKFytVHYowfgVFluoJ/oooZmzQqO2IZRF/RBAjTPMwHCCt.',	NULL,	0,	1,	0,	NULL,	NULL,	NULL,	NULL,	NULL,	NULL,	NULL,	NULL,	NULL,	1,	1,	1,	0,	NULL,	0,	0,	NULL,	NULL,	NULL,	'2021-12-24 05:00:04',	'2022-03-14 06:27:18'),
(13,	'IN',	NULL,	NULL,	NULL,	NULL,	3,	NULL,	'Sunil',	'avatars/in/13/a40707f7e872aae9e6c579b88f3678ce.jpg',	NULL,	'+919488484411',	0,	NULL,	'sunilv@gmail.com',	NULL,	'$2y$10$6i8qN9G.a52mUDdOdx.WRu.uiNpTnrfaGz5wCPPbtv/3uVktOqUBe',	NULL,	0,	1,	0,	NULL,	NULL,	NULL,	'3',	NULL,	NULL,	NULL,	NULL,	NULL,	1,	1,	1,	0,	NULL,	0,	0,	NULL,	NULL,	NULL,	'2021-12-29 00:03:19',	'2022-03-14 06:36:32'),
(14,	'IN',	NULL,	NULL,	NULL,	NULL,	3,	NULL,	'Deepak',	'avatars/0/15/d041e978ea2eaf859875025272cf3168.png',	NULL,	'+911234567800',	0,	NULL,	'deepak@gmail.com',	NULL,	'$2y$10$V/pNwTf5ANPmN6yEmI1hfu2VtfGYXfx4NEfgbQRYSQ0wId3uDRUdG',	NULL,	0,	1,	0,	NULL,	NULL,	NULL,	'2',	NULL,	NULL,	NULL,	NULL,	NULL,	1,	1,	1,	0,	NULL,	0,	0,	NULL,	NULL,	NULL,	'2022-01-03 06:11:05',	'2022-03-14 06:42:18'),
(15,	'0',	NULL,	NULL,	NULL,	NULL,	2,	NULL,	'Suraj1233',	'avatars/0/16/b0eebb363ca53446acc92aec6dc81665.png',	NULL,	'09488411453',	0,	NULL,	'suraj@gmail.com',	NULL,	'$2y$10$Lnd7NNh4lCOYkNhCexY0d.XLiFRqaN/GKfviIwd8oor01Vh2Oyg1a',	NULL,	0,	1,	0,	NULL,	NULL,	NULL,	NULL,	NULL,	NULL,	NULL,	NULL,	NULL,	1,	1,	1,	0,	NULL,	0,	0,	NULL,	NULL,	NULL,	'2022-01-28 04:57:18',	'2022-03-14 06:55:48'),
(16,	'0',	NULL,	NULL,	'https://www.youtube.com/embed/R5jIoLnL_nE?autoplay=1&mute=1&loop=1',	NULL,	2,	NULL,	'Sunil K',	'avatars/0/16/b0eebb363ca53446acc92aec6dc81665.png',	NULL,	'09488481111',	0,	'bxpnh8ulnophryvjljpjjb2aber2',	'sunil123@gmail.com',	NULL,	'$2y$10$Lnd7NNh4lCOYkNhCexY0d.XLiFRqaN/GKfviIwd8oor01Vh2Oyg1a',	NULL,	0,	1,	0,	NULL,	NULL,	NULL,	NULL,	NULL,	NULL,	NULL,	NULL,	NULL,	1,	1,	1,	0,	NULL,	0,	0,	NULL,	NULL,	NULL,	'2022-01-28 06:29:32',	'2022-03-14 07:05:12'),
(17,	'0',	NULL,	NULL,	'https://www.youtube.com/embed/R5jIoLnL_nE?autoplay=1&mute=1&loop=1',	NULL,	2,	NULL,	'Vinay',	'avatars/0/17/c95a55bc24965a816a12842e49d47a0b.png',	NULL,	'0948841119',	0,	'vinay12345643',	'vinay123@gmail.com',	NULL,	'$2y$10$tyShrig5fnJANdD8WtthN.wD4Lrmq/cksVpYqBc7KXKk8.qsRYN6i',	NULL,	0,	1,	0,	NULL,	NULL,	NULL,	NULL,	'62',	'63',	'1',	NULL,	NULL,	1,	1,	1,	0,	NULL,	0,	0,	NULL,	'2022-02-22 11:52:23',	NULL,	'2022-01-28 07:23:30',	'2022-03-14 07:07:46'),
(18,	'IN',	'7',	NULL,	'https://www.youtube.com/embed/R5jIoLnL_nE?autoplay=1&mute=1&loop=1',	NULL,	2,	NULL,	'Coach340',	'avatars//18/4a160b1085af0ab501e77bf47d857f83.jpg',	NULL,	'+919488480000',	0,	'strivre34',	'coach340@gmail.com',	NULL,	'$2y$10$/svfDuuvhFHxBwn9S.SdJulWNdrePsQ0XYaN/4AKcwsdDI2YS3Lmm',	NULL,	0,	1,	0,	NULL,	NULL,	NULL,	'3',	'122',	'123',	'3',	NULL,	NULL,	1,	1,	1,	0,	NULL,	0,	0,	NULL,	NULL,	NULL,	'2022-02-21 07:21:00',	'2022-04-07 06:31:36'),
(19,	'UK',	'7',	'SAVE TIME FINDING THE RIGHT MUSIC TEACHER\r\n\r\nLET US KNOW EXACTLY WHAT YOU\'RE AFTER BY REGISTERING YOUR INTEREST FOR LESSONS. FROM THERE WE\'LL CONNECT YOU WITH A MUSIC TEACHER WHO BEST MATCHES YOUR PREFERENCES.',	'https://www.youtube.com/embed/R5jIoLnL_nE?autoplay=1&mute=1&loop=1',	NULL,	2,	1,	'Coaches34',	'avatars/uk/19/f1baf9cb566fb38ea0fdc1a9d928f449.jpeg',	NULL,	'+449894545801',	0,	'coaches34',	'coaches34@gmail.com',	NULL,	'$2y$10$f0.3ZI.KmCVTm9WckJ/NFeu1Zh99aC3.HoL8OC443oVpTBpcVD8ra',	NULL,	0,	1,	0,	NULL,	NULL,	NULL,	NULL,	'9',	'115',	'6',	NULL,	NULL,	1,	1,	1,	0,	NULL,	0,	0,	NULL,	'2022-04-11 12:49:28',	NULL,	'2022-02-22 01:58:20',	'2022-04-11 07:19:28'),
(20,	'IN',	NULL,	NULL,	NULL,	NULL,	3,	1,	'Striver35',	'avatars/in/20/8e69313a0c745983f90057df7d37ae80.jpeg',	NULL,	'994334449',	0,	'Striver35',	'striver35@gmail.com',	NULL,	'$2y$10$KHqK7PE6w5E1dlGieqeiE.FT0raPUOhQ1uZ7jZZk1qdBymEHVSFhq',	NULL,	0,	1,	0,	NULL,	NULL,	NULL,	'2',	NULL,	NULL,	NULL,	NULL,	NULL,	1,	1,	1,	0,	NULL,	0,	0,	NULL,	'2022-04-12 11:43:42',	NULL,	'2022-02-22 03:02:22',	'2022-04-12 06:20:36'),
(21,	NULL,	NULL,	NULL,	NULL,	NULL,	3,	NULL,	'Nancy',	'avatars//24/bf3a2b27ec9028a9cd0d9226224f70f6.jpg',	NULL,	'+918488484422',	0,	NULL,	'nancy@gmail.com',	NULL,	'$2y$10$7Uht8n6hYzUCAK1TjS701.SoLnMMt4nTRMykeBWZ8ZaOHoAGr1iV.',	NULL,	0,	1,	0,	NULL,	NULL,	NULL,	NULL,	NULL,	NULL,	NULL,	NULL,	NULL,	1,	1,	1,	0,	NULL,	0,	0,	NULL,	NULL,	NULL,	'2022-03-09 10:43:48',	'2022-03-09 10:44:23'),
(22,	NULL,	NULL,	NULL,	NULL,	NULL,	3,	NULL,	'Lisa',	'avatars//23/349ca497ec2c1b103bec80937a2e4225.jpg',	NULL,	'989333443434',	0,	NULL,	'lisa@gmail.com',	NULL,	'$2y$10$sNolqCvIh0WLgNYSDRE.feOW2A/eYhmUjS.BtYPLmzeGIeCougWn2',	NULL,	0,	1,	0,	NULL,	NULL,	NULL,	NULL,	NULL,	NULL,	NULL,	NULL,	NULL,	1,	1,	1,	0,	NULL,	0,	0,	NULL,	NULL,	NULL,	'2022-03-09 10:59:39',	'2022-03-09 11:00:07'),
(23,	NULL,	NULL,	NULL,	NULL,	NULL,	3,	NULL,	'MARIA',	'avatars//25/143c50891eede144089b4000b0826f2b.jpg',	NULL,	'8989232893289',	0,	'strivrecoach16943',	'maria@gmail.com',	NULL,	'$2y$10$jviYn1MLHitT6ADYdPaXMuEXv33vfjgu9TEA38qdUbTc2EwNbNk5y',	NULL,	0,	1,	0,	NULL,	NULL,	NULL,	NULL,	NULL,	NULL,	NULL,	NULL,	NULL,	1,	1,	1,	0,	NULL,	0,	0,	NULL,	NULL,	NULL,	'2022-03-14 12:46:51',	'2022-03-14 12:46:51'),
(24,	'IN',	'7',	'Lorem Ipsum is simply dummy text of the printing and typesetting industry. Lorem Ipsum has been the industry\'s standard dummy text ever since the 1500s,',	'',	NULL,	2,	1,	'Coach22',	'avatars/in/24/1a1a6e5f4e714935c47c3a5e234390d4.jpg',	NULL,	'+919892997722',	0,	'coach47074',	'coach22@gmail.com',	NULL,	'$2y$10$Lx6skX2U3pOO0sMfeYp1i.CYc78pFaP/y44j93mMEjl66Q2/AlKJO',	NULL,	0,	1,	0,	NULL,	NULL,	NULL,	NULL,	'9',	'10',	'1',	NULL,	NULL,	1,	1,	1,	0,	NULL,	0,	0,	NULL,	'2022-04-11 16:38:01',	NULL,	'2022-04-07 08:58:33',	'2022-04-11 11:08:01'),
(25,	'IN',	NULL,	NULL,	NULL,	NULL,	3,	2,	'Strivre',	'avatars/in/25/7542d59b1c99c475f932f65d4c261b82.jpg',	NULL,	'+917789776677',	0,	'strivre34823',	'strivre22@gmail.com',	NULL,	'$2y$10$EbSlltjhrL7jVXpzN2evJOC6VvyrZEqUtIDuxrCp4qCFyJiwqXTKy',	NULL,	0,	1,	0,	NULL,	NULL,	NULL,	'2',	NULL,	NULL,	NULL,	NULL,	NULL,	1,	1,	1,	0,	NULL,	0,	0,	NULL,	'2022-04-08 21:22:22',	NULL,	'2022-04-07 09:00:08',	'2022-04-08 15:52:22'),
(26,	NULL,	NULL,	NULL,	NULL,	NULL,	3,	NULL,	'Test 10',	NULL,	NULL,	'+917897902657',	0,	'strivre49684',	'hello@ycsdigital.com',	NULL,	'$2y$10$ON/zFy7hqXzzpUx9s9XLKu.bVbprwFwhO96tsmxG6HscdKLhrNca2',	NULL,	0,	1,	0,	NULL,	NULL,	NULL,	'1',	NULL,	NULL,	NULL,	NULL,	NULL,	1,	1,	1,	0,	NULL,	0,	0,	NULL,	'2022-04-11 21:59:22',	NULL,	'2022-04-08 04:53:48',	'2022-04-11 16:29:22'),
(27,	'IN',	'1',	'The digital marketing landscape is changing rapidly. This course acts as an introduction to the wide array of options available to marketers in the digital marketing landscape. Twenty years ago social media didnt even exist and only 10 years ago marketers started to understand how they could leverage popular social sites to market their products and services.',	'',	NULL,	2,	1,	'Coach1',	NULL,	NULL,	'+919988776633',	0,	'coach29931',	'coach1@gmail.com',	NULL,	'$2y$10$qZcz81dlNBC12jH3JawwVuguOd34A/rWDw7t4Fmdx0YeH8PVmdDB2',	NULL,	0,	1,	0,	NULL,	NULL,	NULL,	NULL,	'37',	'38',	'2',	NULL,	NULL,	1,	1,	1,	0,	NULL,	0,	0,	NULL,	NULL,	NULL,	'2022-04-08 06:40:02',	'2022-04-08 07:01:11'),
(28,	'UK',	'7',	'Project management is an exciting place to be. This course is designed for people that are new to project management. This course is structured to give you a solid foundation of project management and to help you speak the project management language.',	'',	NULL,	2,	NULL,	'Coaches2',	'avatars/uk/28/0f22853f9590be7efbe69fcfd00cff25.jpg',	NULL,	'+445566774433',	0,	'coach49628',	'coaches2@gmail.com',	NULL,	'$2y$10$LYsu1f4gCMmMVCgM2SQgCeQGXF4fc3JGi1Kp6U4cDJA6hxdQG/k.i',	NULL,	0,	1,	0,	NULL,	NULL,	NULL,	NULL,	'9',	'10',	'5',	NULL,	NULL,	1,	1,	1,	0,	NULL,	0,	0,	NULL,	'2022-04-08 19:25:41',	NULL,	'2022-04-08 07:08:20',	'2022-04-08 13:57:00'),
(29,	'US',	'12',	'Drawing is a skill that is learned and developed Drawing as formal artistic creation might be defined as the primarily linear rendition of objects in the visible world, as well as of concepts, thoughts, attitudes, emotions, and fantasies given visual form, of symbols and even of abstract forms.',	'',	NULL,	2,	NULL,	'Eric Coach',	NULL,	NULL,	'03456789874',	0,	'coach56374',	'Eric@gmail.com',	NULL,	'$2y$10$GUoi6zXjG4UjJrK6akGmi.dL7gzjp3R5p0d7GFJMw9SsCqq/K.Xyy',	NULL,	0,	1,	0,	NULL,	NULL,	NULL,	NULL,	'138',	'138',	NULL,	NULL,	NULL,	1,	1,	1,	0,	NULL,	0,	0,	NULL,	'2022-04-08 18:52:52',	NULL,	'2022-04-08 08:59:31',	'2022-04-08 13:22:52'),
(30,	'IN',	'1',	'Quality management ensures that an organization, product or service is consistent. It has four main components: quality planning, quality assurance, quality control and quality improvement. Quality management is focused not only on product and service quality, but also on the means to achieve it.',	'',	NULL,	2,	1,	'Coach4',	NULL,	NULL,	'+914354654433',	0,	'coach43088',	'coach4@gmail.com',	NULL,	'$2y$10$epU51gBt6ZvQnguEUl0jz.RuY1e2PcuuPoqOk3ovcAO6NSLsqvvU.',	NULL,	0,	1,	0,	NULL,	NULL,	NULL,	NULL,	'73',	'74',	'4',	NULL,	NULL,	1,	1,	1,	0,	NULL,	0,	0,	NULL,	'2022-04-11 10:23:39',	NULL,	'2022-04-08 09:07:48',	'2022-04-11 04:54:02'),
(31,	'UK',	'7',	'Software development refers to a set of computer science activities dedicated to the process of creating, designing, deploying and supporting software. Software itself is the set of instructions or programs that tell a computer what to do. It is independent of hardware and makes computers programmable.',	'',	NULL,	2,	NULL,	'Samual Lio',	NULL,	NULL,	'06677885544',	0,	'coach71058',	'samual@gmail.com',	NULL,	'$2y$10$yYiwGt5aLvokoDO2V21itu95277BFyHaoXGLlulobCpvqu/7xDra2',	NULL,	0,	1,	0,	NULL,	NULL,	NULL,	NULL,	'54',	'1',	'5',	NULL,	NULL,	1,	1,	1,	0,	NULL,	0,	0,	NULL,	NULL,	NULL,	'2022-04-08 09:27:38',	'2022-04-08 09:34:33'),
(32,	'IN',	'3',	'Business leadership refers to how individuals make decisions, set goals and provide direction in a professional environment. Strong business leadership is a vital part of every successful company. A team with strong, skilled leadership is more likely to be productive than one without.',	'',	NULL,	2,	NULL,	'Thomas Coach',	'avatars/in/32/e2f31d09d880e542155a63cd6d280340.jpg',	NULL,	'+912345678765',	0,	'coach59021',	'thomas@gmail.com',	NULL,	'$2y$10$f2S9RWoKiZ0PeSPvLuEoKuxUxO6JloPr/SlrcZEamZWNCfaK2C7iW',	NULL,	0,	1,	0,	NULL,	NULL,	NULL,	NULL,	'46',	'47',	'7',	NULL,	NULL,	1,	1,	1,	0,	NULL,	0,	0,	NULL,	'2022-04-11 17:09:55',	NULL,	'2022-04-08 09:36:32',	'2022-04-11 11:40:50'),
(33,	'UK',	NULL,	NULL,	NULL,	NULL,	3,	NULL,	'Strivre1',	NULL,	NULL,	'+912345678798',	0,	'strivre57947',	'strivre1@gmail.com',	NULL,	'$2y$10$A4TRPA28Zq8NlAGRYbfqk.BvUySSbUT.1HGxGzeUIcQbFq2b6y05m',	NULL,	0,	1,	0,	NULL,	NULL,	NULL,	'3',	NULL,	NULL,	NULL,	NULL,	NULL,	1,	1,	1,	0,	NULL,	0,	0,	NULL,	'2022-04-12 15:33:22',	NULL,	'2022-04-08 09:51:20',	'2022-04-12 10:03:22'),
(34,	'US',	NULL,	NULL,	NULL,	NULL,	3,	0,	'Johnson',	NULL,	NULL,	'+915645657687',	0,	'strivre42160',	'johnson@gmail.com',	NULL,	'$2y$10$2qunnmdhkRpzTYjlmelmreatFKrgDKCCK.9dovER76diJj01qJuTu',	NULL,	0,	1,	0,	NULL,	NULL,	NULL,	NULL,	NULL,	NULL,	NULL,	NULL,	NULL,	1,	1,	1,	0,	NULL,	0,	0,	NULL,	NULL,	NULL,	'2022-04-08 10:04:12',	'2022-04-08 10:05:19'),
(35,	'UK',	NULL,	NULL,	NULL,	NULL,	3,	NULL,	'Barshilona',	'avatars/uk/35/b08bab1eb6eaf6903a836a84df7432dc.png',	NULL,	'5467879877',	0,	'strivre69547',	'barshi@gmail.com',	NULL,	'$2y$10$oUPfTFTmUyH1DBqMXjV9zeiszXP2x3FDRHYVV7fuzQ/C9tBiKEmD6',	NULL,	0,	1,	0,	NULL,	NULL,	NULL,	NULL,	NULL,	NULL,	NULL,	NULL,	NULL,	1,	1,	1,	0,	NULL,	0,	0,	NULL,	NULL,	NULL,	'2022-04-08 10:09:24',	'2022-04-08 10:14:07'),
(36,	NULL,	NULL,	NULL,	NULL,	NULL,	3,	NULL,	'Test 100',	NULL,	NULL,	'0800876890',	0,	'strivre46529',	'test@ycsdigital.com',	NULL,	'$2y$10$viQGbt9OakCzuM63ybwMdec/gqKQrtFkfKV4E8zV3DdcBhWu9eFk2',	NULL,	0,	1,	0,	NULL,	NULL,	NULL,	NULL,	NULL,	NULL,	NULL,	NULL,	NULL,	1,	1,	1,	0,	NULL,	0,	0,	NULL,	NULL,	NULL,	'2022-04-09 06:05:51',	'2022-04-09 06:05:51'),
(37,	'UK',	'7',	'Coaching involves the belief that the individual has the answers to their own problems within them. The coach is not a subject expert, but rather is focused on education',	'',	NULL,	2,	1,	'Deeksha',	'avatars/uk/37/7459475820139b1bca5e0c8ee096bdeb.png',	NULL,	'+449898989898',	0,	'coach48910',	'deekshainbox100@gmail.com',	NULL,	'$2y$10$sL6t7T/M2q8u7MjdsQDuPu/fme4WA8iiK7Uxd0g8M7s79vzkOo3Ya',	NULL,	0,	1,	0,	NULL,	NULL,	NULL,	'2',	'62',	'63',	'5',	NULL,	NULL,	1,	1,	1,	0,	NULL,	0,	0,	NULL,	'2022-04-11 12:13:16',	NULL,	'2022-04-10 01:18:43',	'2022-04-11 06:43:16'),
(38,	'UK',	'10',	NULL,	'',	NULL,	2,	1,	'Coachdigi',	'avatars//38/b1e9e33e6917b80be83436896407009e.jpeg',	NULL,	'+445655789745',	0,	'coach28709',	'coachdigi112@gmail.com',	NULL,	'$2y$10$s601Ek68x4wteo06yp2pVOEnoR8Wv7kbTLOOh30A2FaPTyQ2zOM8i',	NULL,	0,	1,	0,	NULL,	NULL,	NULL,	NULL,	'114',	'116',	'2',	NULL,	NULL,	1,	1,	1,	0,	NULL,	0,	0,	NULL,	'2022-04-12 13:02:43',	NULL,	'2022-04-11 04:54:46',	'2022-04-12 14:20:57'),
(39,	'UK',	NULL,	NULL,	NULL,	NULL,	3,	1,	'Strivre_digi',	'avatars//39/1844c07cec87e1ccd1f79b3729b6b116.jpeg',	NULL,	'+918988344334',	0,	'strivre23564',	'strivre_digi@gmail.com',	NULL,	'$2y$10$slfFDG5M4E1Wjr3lvOvOseEtg5r5/T9sy2pWC5ZaiFD6Ug5AdQCm.',	NULL,	0,	1,	0,	NULL,	NULL,	NULL,	NULL,	NULL,	NULL,	NULL,	NULL,	NULL,	1,	1,	1,	0,	NULL,	0,	0,	NULL,	'2022-04-11 10:30:49',	NULL,	'2022-04-11 04:56:16',	'2022-04-11 05:00:49'),
(40,	'IN',	NULL,	NULL,	NULL,	NULL,	3,	2,	'Shubhra',	'avatars//40/b988af2e10424ed154a038ebcf65b443.png',	NULL,	'+919755570042',	0,	'strivre18209',	'shubhra@digiprima.com',	NULL,	'$2y$10$XUZ6PpMnwtsEEmg9G0O4sexEe0vDic7AaX.VHHewiDg4UNedJd5q6',	NULL,	0,	1,	0,	NULL,	NULL,	NULL,	NULL,	NULL,	NULL,	NULL,	NULL,	NULL,	1,	1,	1,	0,	NULL,	0,	0,	NULL,	NULL,	NULL,	'2022-04-11 05:43:16',	'2022-04-11 05:46:59'),
(41,	'US',	'12',	'Digital marketing is the component of marketing that uses the Internet and online based digital technologies such as desktop computers, mobile phones and other digital media and platforms to promote products and services.',	'',	NULL,	2,	2,	'Ammy Coach',	'avatars/us/41/22689a63aa2f5b1f62abd942aaa19335.jpg',	NULL,	'+916677889966',	0,	'coach62571',	'Ammy@gmail.com',	NULL,	'$2y$10$/IklawHuvAPY3C0iIWp6qu3PArbvtxqoo8cNtl0zoPC2hl2J3PvZC',	NULL,	0,	1,	0,	NULL,	NULL,	NULL,	'2',	'37',	'38',	'6',	NULL,	NULL,	1,	1,	1,	0,	NULL,	0,	0,	NULL,	'2022-04-12 12:05:59',	NULL,	'2022-04-11 06:03:16',	'2022-04-12 06:35:59'),
(42,	'US',	NULL,	NULL,	NULL,	NULL,	3,	0,	'Kalpna T Strivre',	'avatars/us/42/c3db4ba0dea14c7b2dc3bf41b1841f84.png',	NULL,	'+918877334455',	0,	'strivre65835',	'kalpna@gmail.com',	NULL,	'$2y$10$UpN2h6oiVQKHpevXFO5hoOUrcSTGyyzmtG0Jex8Dc8sQZQQWJk04e',	NULL,	0,	1,	0,	NULL,	NULL,	NULL,	NULL,	NULL,	NULL,	NULL,	NULL,	NULL,	1,	1,	1,	0,	NULL,	0,	0,	NULL,	'2022-04-11 16:11:11',	NULL,	'2022-04-11 06:14:12',	'2022-04-11 11:07:01'),
(43,	'IN',	NULL,	NULL,	NULL,	NULL,	3,	1,	'John M',	'avatars//43/a9c0211ae4ae76fd74eae59751fe3eb7.jpeg',	NULL,	'99999999999',	0,	'strivre24482',	'john@gmail.com',	NULL,	'$2y$10$/jFXif5WyooTEKcE060TC.Ly0JpBGoZvcHs7eYk5AyucK5WalFY6W',	NULL,	0,	1,	0,	NULL,	NULL,	NULL,	NULL,	NULL,	NULL,	NULL,	NULL,	NULL,	1,	1,	1,	0,	NULL,	0,	0,	NULL,	NULL,	NULL,	'2022-04-11 06:32:41',	'2022-04-11 06:34:16'),
(44,	NULL,	NULL,	NULL,	NULL,	NULL,	3,	NULL,	'Shubhra',	NULL,	NULL,	'888888888',	0,	'strivre54895',	'shubhra111@digiprima.com',	NULL,	'$2y$10$p/QYofxlMPdAo0x3.7u4qOKsEruIFGLMJxO7gFzvtj.v3gP7g5Jzq',	NULL,	0,	1,	0,	NULL,	NULL,	NULL,	'2',	NULL,	NULL,	NULL,	NULL,	NULL,	1,	1,	1,	0,	NULL,	0,	0,	NULL,	NULL,	NULL,	'2022-04-11 06:53:35',	'2022-04-11 06:53:35'),
(45,	'IN',	NULL,	NULL,	NULL,	NULL,	3,	NULL,	'Shubhra',	'avatars/in/45/a718e5c0a759db9e01ef364348b92479.png',	NULL,	'90909090',	0,	'strivre80951',	'shubhra22@digiprima.com',	NULL,	'$2y$10$aJcI0NylGhhOuXNpFLRbfOzuBDTqynSNvBU1KokVJkEbs1rMsSaFS',	NULL,	0,	1,	0,	NULL,	NULL,	NULL,	'2',	NULL,	NULL,	NULL,	NULL,	NULL,	1,	1,	1,	0,	NULL,	0,	0,	NULL,	NULL,	NULL,	'2022-04-11 10:17:32',	'2022-04-11 10:18:40'),
(46,	NULL,	NULL,	NULL,	NULL,	NULL,	3,	NULL,	'John',	'avatars//46/f25b950c858eff439b05409eaf6c2a5b.jpeg',	NULL,	'+917791938326',	0,	'strivre59540',	'accounts@ycsdigital.com',	NULL,	'$2y$10$n4MzNyLEp8XcDS0ZWhdWt.bOoLPbYPtN7NZlbNZHU1pjIEoHj8pw.',	NULL,	0,	1,	0,	NULL,	NULL,	NULL,	NULL,	NULL,	NULL,	NULL,	NULL,	NULL,	1,	1,	1,	0,	NULL,	0,	0,	NULL,	NULL,	NULL,	'2022-04-11 13:11:22',	'2022-04-11 13:19:51'),
(47,	NULL,	NULL,	NULL,	NULL,	NULL,	3,	NULL,	'strivre digi 12',	NULL,	NULL,	'094884222222',	0,	'strivre90911',	'strivre_digi_12@gmail.com',	NULL,	'$2y$10$IWxD2bbTtdVs93Cbnnvw/Ov/O2qvI.IARPSnchUeOkpsBvAorrY/S',	NULL,	0,	1,	0,	NULL,	NULL,	NULL,	NULL,	NULL,	NULL,	NULL,	NULL,	NULL,	1,	1,	1,	0,	NULL,	0,	0,	NULL,	NULL,	NULL,	'2022-04-11 13:23:20',	'2022-04-11 13:23:20'),
(48,	NULL,	NULL,	NULL,	NULL,	NULL,	3,	NULL,	'sunil',	NULL,	NULL,	'094888888888',	0,	'strivre31180',	'strivre_digi_124@gmail.com',	NULL,	'$2y$10$VlUmxiy5zcv9N4pq1ARtp.Z3ujmJ3kPbr2EY1DiN6ZyTG55AGT//.',	NULL,	0,	1,	0,	NULL,	NULL,	NULL,	NULL,	NULL,	NULL,	NULL,	NULL,	NULL,	1,	1,	1,	0,	NULL,	0,	0,	NULL,	NULL,	NULL,	'2022-04-11 13:27:15',	'2022-04-11 13:27:15'),
(49,	NULL,	NULL,	NULL,	NULL,	NULL,	3,	NULL,	'Rachel',	'avatars//49/0c45e668c3e197748b3c6bea5dd12285.jpeg',	NULL,	'+917897902658',	0,	'strivre31186',	'rachel@ycsdigital.com',	NULL,	'$2y$10$8l6nAu0Whqt2DmNR147BQOBGmK5h3T3UbpdIJJmMjrfShsWLufuvC',	NULL,	0,	1,	0,	NULL,	NULL,	NULL,	'2',	NULL,	NULL,	NULL,	NULL,	NULL,	1,	1,	1,	0,	NULL,	0,	0,	NULL,	NULL,	NULL,	'2022-04-11 13:31:00',	'2022-04-11 13:33:32'),
(50,	NULL,	NULL,	NULL,	NULL,	NULL,	3,	NULL,	'today test',	NULL,	NULL,	'+919988776635',	0,	'strivre49017',	'testStrivre@gmail.com',	NULL,	'$2y$10$8Wx7eRWd22Y9vEEsBuEoPO5wt/O79p7Fzy4v6c4WcoQSzgrz/epHK',	NULL,	0,	1,	0,	NULL,	NULL,	NULL,	NULL,	NULL,	NULL,	NULL,	NULL,	NULL,	1,	1,	1,	0,	NULL,	0,	0,	NULL,	NULL,	NULL,	'2022-04-11 13:34:25',	'2022-04-11 13:34:25'),
(51,	NULL,	NULL,	NULL,	NULL,	NULL,	3,	NULL,	'Vinay Sharma111',	'avatars//51/2c3dfb1c763e686cfb662c36c1d6a229.jpg',	NULL,	'8557455252455',	0,	'strivre48987',	'vinaykumar444@gmail.com',	NULL,	'$2y$10$8gg8ebem32bNpTw2k4.cNur7xeiPVTMJfCzIuRK2VrT8DH.mx8anC',	NULL,	0,	1,	0,	NULL,	NULL,	NULL,	NULL,	NULL,	NULL,	NULL,	NULL,	NULL,	1,	1,	1,	0,	NULL,	0,	0,	NULL,	NULL,	NULL,	'2022-04-11 14:28:06',	'2022-04-11 14:29:10'),
(52,	'UK',	NULL,	NULL,	'',	NULL,	2,	NULL,	'Vinay Sharma111',	'avatars/uk/52/1dd5bb54eae5f4ec862bc3529149a976.jpeg',	NULL,	'85656456456454',	0,	'coach44583',	'vinaysharma222@gmail.com',	NULL,	'$2y$10$SAmvLIZV6.3YNYIU2S5eNOtCS0TqmEhpZnMmlQcB2X/mwvPbgn53m',	NULL,	0,	1,	0,	NULL,	NULL,	NULL,	NULL,	NULL,	'1',	NULL,	NULL,	NULL,	1,	1,	1,	0,	NULL,	0,	0,	NULL,	NULL,	NULL,	'2022-04-11 14:30:40',	'2022-04-13 07:11:01'),
(53,	NULL,	NULL,	NULL,	NULL,	NULL,	2,	NULL,	'CoachTest',	NULL,	NULL,	'02083078654',	0,	'coach87303',	'alex@ycsdigital.com',	NULL,	'$2y$10$AnBZrbWLOmD7FEAzQAYTourhE8WonTRjRd5PD5j4u205DugI/y4kW',	NULL,	0,	1,	0,	NULL,	NULL,	NULL,	NULL,	NULL,	NULL,	NULL,	NULL,	NULL,	1,	1,	1,	0,	NULL,	0,	0,	NULL,	NULL,	NULL,	'2022-04-11 16:31:09',	'2022-04-11 16:31:09'),
(54,	'UK',	NULL,	NULL,	NULL,	NULL,	3,	2,	'Shubhra',	'avatars//54/7dc4cb6e72a3823644ac248e22f2261b.png',	NULL,	'08755570042',	0,	'strivre66964',	'shubhra33@digiprima.com',	NULL,	'$2y$10$p.bwhgIbZKoyOh0BTI3AV.lyat1dUQpK.CdML/QPXrvCiJJLp3Xti',	NULL,	0,	1,	0,	NULL,	NULL,	NULL,	'2',	NULL,	NULL,	NULL,	NULL,	NULL,	1,	1,	1,	0,	NULL,	0,	0,	NULL,	NULL,	NULL,	'2022-04-12 06:20:50',	'2022-04-12 06:22:54'),
(55,	'UK',	NULL,	NULL,	NULL,	NULL,	3,	NULL,	'Strivre_digiprima',	'avatars/uk/55/113e37e0d7ec7a8388775d6957360c69.jpeg',	NULL,	'+919488112111',	0,	'strivre19015',	'strivre_digiprima11@gmail.com',	NULL,	'$2y$10$lJa7PVmve82AggzAebphq.EQoCWH53G5Y2dmI4Dm9KlP97Z75GDUu',	NULL,	0,	1,	0,	NULL,	NULL,	NULL,	'1',	'46',	NULL,	NULL,	NULL,	NULL,	1,	1,	1,	0,	NULL,	0,	0,	NULL,	'2022-04-12 15:52:40',	NULL,	'2022-04-12 08:40:22',	'2022-04-14 06:45:48'),
(56,	'UK',	'11',	'enterprise is \"a business venture,\" like a frozen yogurt enterprise. It requires a lot of determination, hard work and the steady belief that people will love your yogurt. People will say you show extraordinary enterprise for your willingness to take on such a challenging project, meaning you have initiative and drive.',	'',	NULL,	2,	1,	'New Coach',	'avatars/uk/56/77f8187301c7806588b45d2189119d95.jpg',	NULL,	'+447898765678',	0,	'coach48471',	'newcoach@gmail.com',	NULL,	'$2y$10$lJnc7ZmvBFt7mzT/ndkZq.LLvd00gnUDg4W..lffWhshq5169bVC2',	NULL,	0,	1,	0,	NULL,	NULL,	NULL,	'3',	'135',	'1',	'2',	NULL,	NULL,	1,	1,	1,	0,	NULL,	0,	0,	NULL,	NULL,	NULL,	'2022-04-12 08:56:53',	'2022-04-12 09:03:34'),
(57,	'US',	'12',	'Quality management ensures that an organization, product or service is consistent. It has four main components: quality planning, quality assurance, quality control and quality improvement. Quality management is focused not only on product and service quality, but also on the means to achieve it',	'https://www.youtube.com/watch?v=Os4hM7x4Kr8&t=280s',	NULL,	2,	1,	'Richard R',	'avatars/us/57/e1221cb7e36e1932e46239dcbf9d02c9.jpeg',	NULL,	'4567876543',	0,	'coach25437',	'Richard@gmail.com',	NULL,	'$2y$10$kzBNEApGKKK6R05gvSH1ge3rYSZsjKVGlEUQwx97ZZU2/yRHJuec.',	NULL,	0,	1,	0,	NULL,	NULL,	NULL,	NULL,	'73',	'74',	'6',	NULL,	NULL,	1,	1,	1,	0,	NULL,	0,	0,	NULL,	'2022-04-12 16:21:37',	NULL,	'2022-04-12 09:51:50',	'2022-04-16 06:10:56'),
(58,	'US',	NULL,	NULL,	NULL,	NULL,	3,	1,	'Test2022',	NULL,	NULL,	'9755570042',	0,	'strivre94942',	'test2022@gmail.com',	NULL,	'$2y$10$kRIqTcz3TpRWjEY4TGMOI.jDc.Z2BeWW/FSpvr2WHqL2rzEIGZ8Q2',	NULL,	0,	1,	0,	NULL,	NULL,	NULL,	NULL,	NULL,	NULL,	NULL,	NULL,	NULL,	1,	1,	1,	0,	NULL,	0,	0,	NULL,	NULL,	NULL,	'2022-04-14 06:31:43',	'2022-04-14 06:44:08'),
(59,	'UK',	NULL,	NULL,	NULL,	NULL,	3,	1,	'Testjan2022',	'avatars/uk/59/621bf1c027aabd89fc084663e4044d1f.jpeg',	NULL,	'0975557009',	0,	'strivre63772',	'testjan2022@gmail.com',	NULL,	'$2y$10$ynY95AxjXyglX1f5SLPRB.Qo6/AwWABDAr8iAWW0T1hj2DM87UWnm',	NULL,	0,	1,	0,	NULL,	NULL,	NULL,	NULL,	NULL,	NULL,	NULL,	NULL,	NULL,	1,	1,	1,	0,	NULL,	0,	0,	NULL,	NULL,	NULL,	'2022-04-14 06:49:07',	'2022-04-14 06:50:06'),
(61,	'UK',	NULL,	NULL,	NULL,	NULL,	3,	NULL,	'Strivre Digi 123',	'avatars/uk/61/0da2ae6337a44c0ba15c60842e5d0f5c.jpeg',	NULL,	'+919400484452',	0,	'strivre40185',	'strivre_digi_123@gmail.com',	NULL,	'$2y$10$smdU9Oy4WlvsNp.73iboE.mZvhYyKm9t5SftvSIYhA/JqFhV5/JZG',	NULL,	0,	1,	0,	NULL,	NULL,	NULL,	NULL,	NULL,	NULL,	NULL,	NULL,	NULL,	1,	1,	1,	0,	NULL,	0,	0,	NULL,	NULL,	NULL,	'2022-04-16 05:30:54',	'2022-04-16 05:31:27'),
(62,	'UK',	NULL,	NULL,	NULL,	NULL,	3,	NULL,	'Shubhra',	NULL,	NULL,	'+447755570042',	0,	'strivre85943',	'striver70@gmail.com',	NULL,	'$2y$10$vYlq.JcBRrvegoUbExwXQeTnp2/V0UB4bJ5GZdBJfWsWTbaPQDR.6',	NULL,	0,	1,	0,	NULL,	NULL,	NULL,	'3',	NULL,	NULL,	NULL,	NULL,	NULL,	1,	1,	1,	0,	NULL,	0,	0,	NULL,	NULL,	NULL,	'2022-04-16 05:46:38',	'2022-04-16 05:46:38'),
(63,	'UK',	NULL,	NULL,	NULL,	NULL,	2,	NULL,	'Rinku3',	'avatars/uk/63/55d5cf84ed5c2c34f5c51962f254ad7a.jpeg',	NULL,	'+443456654323',	0,	'coach53962',	'rinku3@gmail.com',	NULL,	'$2y$10$ZtHz3dVuZ3N.7AYdJ4AjGuz08CgjSR9zS.lUstdOp6Bjfd2t7guBS',	NULL,	0,	1,	0,	NULL,	NULL,	NULL,	NULL,	NULL,	NULL,	NULL,	NULL,	NULL,	1,	1,	1,	0,	NULL,	0,	0,	NULL,	NULL,	NULL,	'2022-04-16 07:32:28',	'2022-04-16 10:15:56'),
(64,	'UK',	NULL,	NULL,	NULL,	NULL,	2,	NULL,	'strivre_new',	NULL,	NULL,	'02345546798',	0,	'coach26286',	'strivre1@gamil.com',	NULL,	'$2y$10$EoJz1PlrijVLmKl7pxqAnebUegp7wWscwspW5NKnG85z8TqNOvynC',	NULL,	0,	1,	0,	NULL,	NULL,	NULL,	NULL,	NULL,	NULL,	NULL,	NULL,	NULL,	1,	1,	1,	0,	NULL,	0,	0,	NULL,	NULL,	NULL,	'2022-04-18 05:23:04',	'2022-04-18 05:23:04'),
(65,	'UK',	NULL,	NULL,	NULL,	NULL,	2,	NULL,	'coach_new',	NULL,	NULL,	'9926813220',	0,	'coach79979',	'coach_new1@gmail.com',	NULL,	'$2y$10$DLVlxApIWvtoSiwI8VZ9LetePia7qPOFNBsraeimZWc3yVe5ZSWNu',	NULL,	0,	1,	0,	NULL,	NULL,	NULL,	NULL,	NULL,	NULL,	NULL,	NULL,	NULL,	1,	1,	1,	0,	NULL,	0,	0,	NULL,	NULL,	NULL,	'2022-04-18 05:27:03',	'2022-04-18 05:27:03'),
(67,	'UK',	NULL,	NULL,	NULL,	NULL,	4,	1,	'Admin',	NULL,	NULL,	'0948004452',	0,	NULL,	'admin@mailinator.com',	NULL,	'$2y$10$2lpejeMC5rOSh5Ji2HswFuIYX8FIpOt7ATJdT/vNjTvlJ8ubzr2fi',	NULL,	1,	1,	0,	NULL,	NULL,	NULL,	NULL,	NULL,	NULL,	NULL,	NULL,	NULL,	1,	1,	0,	0,	'Africa/Abidjan',	0,	0,	NULL,	'2022-04-19 13:16:03',	NULL,	'2022-04-19 13:11:58',	'2022-04-19 13:16:03');

-- 2022-04-22 12:18:30
